col_index,pct_conserved,nongap_n,compressed_x,region
27,100.0,1,1,
28,100.0,1,2,
29,100.0,1,3,
30,100.0,1,4,
31,100.0,1,5,
32,100.0,1,6,
33,100.0,1,7,
34,100.0,1,8,
35,100.0,1,9,
36,50.0,2,10,
37,50.0,2,11,
38,50.0,2,12,
39,60.0,5,13,
40,60.0,5,14,
41,60.0,5,15,
42,60.0,5,16,
43,60.0,5,17,
44,60.0,5,18,
45,40.0,5,19,
46,60.0,5,20,
47,60.0,5,21,
48,60.0,5,22,
49,60.0,5,23,
50,60.0,5,24,
51,60.0,5,25,
52,60.0,5,26,
53,60.0,5,27,
54,60.0,5,28,
55,60.0,5,29,
56,60.0,5,30,
57,60.0,5,31,
58,60.0,5,32,
59,60.0,5,33,
60,60.0,5,34,
61,60.0,5,35,
62,60.0,5,36,
63,60.0,5,37,
64,80.0,5,38,
65,60.0,5,39,
66,60.0,5,40,
67,40.0,5,41,
68,60.0,5,42,
69,60.0,5,43,
70,60.0,5,44,
71,60.0,5,45,
72,60.0,5,46,
73,60.0,5,47,
74,60.0,5,48,
75,60.0,5,49,
76,40.0,5,50,
77,60.0,5,51,
78,60.0,5,52,
79,60.0,5,53,
80,60.0,5,54,
81,40.0,5,55,
82,80.0,5,56,
83,60.0,5,57,
84,60.0,5,58,
85,60.0,5,59,
86,60.0,5,60,
87,60.0,5,61,
88,60.0,5,62,
89,60.0,5,63,
90,60.0,5,64,
91,60.0,5,65,
92,60.0,5,66,
93,40.0,5,67,
94,60.0,5,68,
95,60.0,5,69,
96,60.0,5,70,
97,60.0,5,71,
98,60.0,5,72,
99,60.0,5,73,
100,50.0,6,74,
101,66.66666666666667,6,75,
102,50.0,6,76,
103,66.66666666666667,6,77,
104,66.66666666666667,6,78,
105,50.0,6,79,
106,50.0,6,80,
107,50.0,6,81,
108,37.5,8,82,
109,50.0,8,83,
110,37.5,8,84,
111,44.44444444444444,9,85,
112,55.55555555555556,9,86,
113,33.333333333333336,9,87,
114,76.47058823529412,17,88,
115,76.47058823529412,17,89,
116,82.3529411764706,17,90,
117,52.94117647058823,17,91,
118,47.05882352941177,17,92,
119,76.47058823529412,17,93,
120,75.0,4,94,
121,75.0,4,95,
122,75.0,4,96,
123,100.0,4,97,
124,50.0,4,98,
125,75.0,4,99,
126,75.0,4,100,
127,75.0,4,101,
128,75.0,4,102,
129,75.0,4,103,
130,75.0,4,104,
131,75.0,4,105,
132,75.0,4,106,
133,100.0,4,107,
134,75.0,4,108,
135,75.0,4,109,
136,75.0,4,110,
137,75.0,4,111,
138,100.0,4,112,
139,75.0,4,113,
140,75.0,4,114,
141,75.0,4,115,
142,75.0,4,116,
143,75.0,4,117,
144,75.0,4,118,
145,75.0,4,119,
146,75.0,4,120,
147,75.0,4,121,
148,75.0,4,122,
149,75.0,4,123,
150,75.0,4,124,
151,75.0,4,125,
152,75.0,4,126,
153,75.0,4,127,
154,75.0,4,128,
155,100.0,4,129,
156,75.0,4,130,
157,75.0,4,131,
158,75.0,4,132,
159,75.0,4,133,
160,50.0,4,134,
161,75.0,4,135,
162,75.0,4,136,
163,75.0,4,137,
164,100.0,4,138,
165,50.0,4,139,
166,75.0,4,140,
167,75.0,4,141,
168,75.0,4,142,
169,75.0,4,143,
170,75.0,4,144,
171,75.0,4,145,
172,75.0,4,146,
173,75.0,4,147,
174,75.0,4,148,
175,75.0,4,149,
176,75.0,4,150,
177,75.0,4,151,
178,75.0,4,152,
179,75.0,4,153,
180,75.0,4,154,
181,75.0,4,155,
182,75.0,4,156,
183,75.0,4,157,
184,100.0,4,158,
185,75.0,4,159,
186,75.0,4,160,
187,100.0,4,161,
188,75.0,4,162,
189,75.0,4,163,
190,60.0,5,164,
191,60.0,5,165,
192,94.11764705882354,17,166,
193,52.94117647058823,17,167,
194,58.8235294117647,17,168,
195,100.0,3,169,
196,100.0,3,170,
197,100.0,3,171,
198,100.0,3,172,
199,100.0,3,173,
200,100.0,3,174,
201,100.0,3,175,
202,100.0,3,176,
203,66.66666666666667,3,177,
204,100.0,3,178,
205,100.0,3,179,
206,100.0,3,180,
207,66.66666666666667,3,181,
208,100.0,3,182,
209,100.0,3,183,
210,100.0,3,184,
211,100.0,3,185,
212,100.0,3,186,
213,100.0,3,187,
214,66.66666666666667,3,188,
215,100.0,3,189,
216,100.0,3,190,
217,100.0,3,191,
218,100.0,3,192,
219,100.0,3,193,
220,100.0,3,194,
221,100.0,3,195,
222,100.0,3,196,
223,100.0,3,197,
224,100.0,3,198,
225,100.0,3,199,
226,100.0,3,200,
227,100.0,3,201,
228,100.0,3,202,
229,100.0,3,203,
230,100.0,3,204,
231,100.0,3,205,
232,100.0,3,206,
233,100.0,3,207,
234,100.0,3,208,
235,100.0,3,209,
236,100.0,3,210,
237,100.0,3,211,
238,100.0,3,212,
239,100.0,3,213,
240,100.0,3,214,
241,100.0,3,215,
242,66.66666666666667,3,216,
243,100.0,3,217,
244,100.0,3,218,
245,100.0,3,219,
246,100.0,3,220,
247,100.0,3,221,
248,100.0,3,222,
249,100.0,3,223,
250,100.0,3,224,
251,100.0,3,225,
252,100.0,3,226,
253,100.0,3,227,
254,100.0,3,228,
255,100.0,3,229,
256,100.0,3,230,
257,100.0,3,231,
258,100.0,3,232,
259,100.0,3,233,
260,100.0,3,234,
261,100.0,3,235,
262,100.0,3,236,
263,100.0,3,237,
264,100.0,3,238,
265,100.0,3,239,
266,100.0,3,240,
267,100.0,3,241,
268,66.66666666666667,3,242,
269,100.0,3,243,
270,100.0,3,244,
271,100.0,3,245,
272,100.0,3,246,
273,100.0,3,247,
274,100.0,3,248,
275,100.0,3,249,
276,100.0,3,250,
277,100.0,3,251,
278,100.0,3,252,
279,100.0,3,253,
280,100.0,3,254,
281,100.0,3,255,
282,100.0,3,256,
283,100.0,3,257,
284,100.0,3,258,
285,100.0,3,259,
286,100.0,3,260,
287,100.0,3,261,
288,100.0,3,262,
289,100.0,3,263,
290,66.66666666666667,3,264,
291,100.0,3,265,
292,100.0,2,266,
293,100.0,3,267,
294,100.0,3,268,
295,100.0,3,269,
296,100.0,3,270,
297,66.66666666666667,3,271,
298,100.0,3,272,
299,100.0,3,273,
300,100.0,3,274,
301,100.0,3,275,
302,100.0,3,276,
303,100.0,3,277,
304,100.0,3,278,
305,100.0,3,279,
306,100.0,3,280,
307,100.0,3,281,
308,100.0,3,282,
309,100.0,3,283,
310,100.0,3,284,
311,66.66666666666667,3,285,
312,100.0,3,286,
313,100.0,3,287,
314,100.0,3,288,
315,100.0,3,289,
340,76.47058823529412,17,290,
341,70.58823529411765,17,291,
342,52.94117647058823,17,292,
343,70.58823529411765,17,293,
344,88.23529411764706,17,294,
345,100.0,1,295,
346,58.8235294117647,17,296,
347,64.70588235294117,17,297,
369,52.94117647058823,17,298,
370,70.58823529411765,17,299,
371,52.94117647058823,17,300,
372,81.25,16,301,
373,75.0,16,302,
374,50.0,16,303,
375,75.0,16,304,
376,75.0,16,305,
377,75.0,16,306,
378,75.0,16,307,
379,75.0,16,308,
380,75.0,16,309,
381,75.0,16,310,
382,100.0,16,311,
392,100.0,1,312,
393,100.0,1,313,
394,100.0,1,314,
395,100.0,1,315,
396,76.47058823529412,17,316,
397,82.3529411764706,17,317,
398,52.94117647058823,17,318,
399,47.05882352941177,17,319,
400,52.94117647058823,17,320,
401,52.94117647058823,17,321,
402,47.05882352941177,17,322,
403,58.8235294117647,17,323,
404,41.1764705882353,17,324,
405,41.1764705882353,17,325,
406,35.294117647058826,17,326,
407,47.05882352941177,17,327,
408,53.333333333333336,15,328,
486,70.58823529411765,17,329,
487,52.94117647058823,17,330,
488,64.70588235294117,17,331,
489,56.25,16,332,
490,37.5,16,333,
491,62.5,16,334,
492,81.25,16,335,
493,56.25,16,336,
494,50.0,16,337,
495,62.5,16,338,
496,50.0,6,339,
497,60.0,5,340,
498,60.0,5,341,
499,60.0,5,342,
500,100.0,4,343,
501,75.0,4,344,
502,75.0,4,345,
503,75.0,4,346,
504,75.0,4,347,
505,75.0,4,348,
506,100.0,3,349,
507,66.66666666666667,3,350,
508,100.0,3,351,
509,100.0,3,352,
510,100.0,3,353,
511,100.0,3,354,
512,100.0,3,355,
513,100.0,3,356,
514,100.0,3,357,
515,100.0,3,358,
516,100.0,3,359,
517,100.0,3,360,
518,100.0,3,361,
519,100.0,3,362,
520,100.0,3,363,
521,100.0,3,364,
522,70.58823529411765,17,365,
523,70.58823529411765,17,366,
527,64.70588235294117,17,367,
528,52.94117647058823,17,368,
578,64.70588235294117,17,369,
579,70.58823529411765,17,370,
580,76.47058823529412,17,371,
581,64.70588235294117,17,372,
582,70.58823529411765,17,373,
583,76.47058823529412,17,374,
584,82.3529411764706,17,375,
585,64.70588235294117,17,376,
586,94.11764705882354,17,377,
587,76.47058823529412,17,378,
588,76.47058823529412,17,379,
589,70.58823529411765,17,380,
590,76.47058823529412,17,381,
591,76.47058823529412,17,382,
592,100.0,3,383,
593,100.0,3,384,
594,100.0,3,385,
595,100.0,3,386,
596,100.0,3,387,
597,100.0,3,388,
598,100.0,3,389,
599,100.0,3,390,
600,100.0,3,391,
601,100.0,3,392,
602,100.0,3,393,
603,100.0,3,394,
604,100.0,3,395,
605,100.0,3,396,
606,100.0,2,397,
607,50.0,2,398,
608,76.47058823529412,17,399,
609,76.47058823529412,17,400,
610,76.47058823529412,17,401,
611,88.23529411764706,17,402,
612,70.58823529411765,17,403,
613,76.47058823529412,17,404,
614,50.0,4,405,
615,75.0,4,406,
616,75.0,4,407,
617,75.0,4,408,
618,75.0,4,409,
619,68.75,16,410,
620,68.75,16,411,
621,75.0,4,412,
622,75.0,4,413,
623,75.0,4,414,
624,75.0,4,415,
625,50.0,4,416,
626,75.0,4,417,
627,75.0,4,418,
628,75.0,4,419,
629,75.0,4,420,
630,75.0,4,421,
631,100.0,3,422,
632,76.47058823529412,17,423,
633,29.41176470588235,17,424,
634,58.8235294117647,17,425,
635,52.94117647058823,17,426,
636,35.294117647058826,17,427,
637,64.70588235294117,17,428,
638,52.94117647058823,17,429,
639,47.05882352941177,17,430,
640,52.94117647058823,17,431,
641,41.1764705882353,17,432,
642,93.33333333333333,15,433,
646,100.0,1,434,
647,100.0,1,435,
648,100.0,1,436,
649,100.0,1,437,
650,100.0,1,438,
651,100.0,1,439,
652,100.0,1,440,
653,100.0,1,441,
654,100.0,1,442,
655,100.0,1,443,
656,100.0,1,444,
657,100.0,1,445,
658,82.3529411764706,17,446,
659,76.47058823529412,17,447,
660,100.0,3,448,
661,100.0,3,449,
662,100.0,3,450,
663,100.0,3,451,
664,100.0,3,452,
665,100.0,3,453,
666,100.0,3,454,
667,100.0,3,455,
668,100.0,3,456,
669,100.0,3,457,
670,100.0,3,458,
671,100.0,3,459,
672,100.0,3,460,
673,100.0,3,461,
674,94.11764705882354,17,462,
675,76.47058823529412,17,463,
676,100.0,17,464,
677,100.0,17,465,
678,100.0,17,466,
682,100.0,17,467,
683,76.47058823529412,17,468,
684,76.47058823529412,17,469,
685,100.0,17,470,
686,76.47058823529412,17,471,
687,76.47058823529412,17,472,
688,100.0,17,473,
689,100.0,17,474,
690,76.47058823529412,17,475,
691,75.0,4,476,
692,75.0,4,477,
693,100.0,4,478,
694,100.0,4,479,
695,75.0,4,480,
696,75.0,4,481,
697,100.0,4,482,
698,75.0,4,483,
699,75.0,4,484,
700,75.0,4,485,
701,100.0,4,486,
702,100.0,4,487,
703,100.0,4,488,
704,100.0,4,489,
705,100.0,3,490,
706,100.0,3,491,
710,100.0,3,492,
711,100.0,3,493,
712,100.0,3,494,
713,100.0,3,495,
714,100.0,3,496,
715,100.0,3,497,
716,100.0,3,498,
717,100.0,3,499,
718,100.0,3,500,
719,100.0,3,501,
720,100.0,3,502,
721,100.0,3,503,
722,100.0,3,504,
723,100.0,3,505,
724,100.0,3,506,
725,100.0,3,507,
726,100.0,3,508,
727,100.0,3,509,
728,100.0,3,510,
729,100.0,3,511,
730,100.0,3,512,
731,82.3529411764706,17,513,
732,58.8235294117647,17,514,
733,60.0,5,515,
734,60.0,5,516,
735,60.0,5,517,
736,64.70588235294117,17,518,
737,70.58823529411765,17,519,
738,75.0,4,520,
739,76.47058823529412,17,521,
740,88.23529411764706,17,522,
741,76.47058823529412,17,523,
742,76.47058823529412,17,524,
775,76.47058823529412,17,525,
776,94.11764705882354,17,526,
777,76.47058823529412,17,527,
778,75.0,4,528,
779,75.0,4,529,
780,75.0,4,530,
781,75.0,4,531,
782,75.0,4,532,
783,75.0,4,533,
784,75.0,4,534,
785,92.3076923076923,13,535,
786,69.23076923076923,13,536,
787,80.0,15,537,
788,66.66666666666667,15,538,
789,71.42857142857143,14,539,
790,46.666666666666664,15,540,
791,75.0,16,541,
792,75.0,16,542,
793,88.23529411764706,17,543,
794,64.70588235294117,17,544,
805,64.70588235294117,17,545,
806,82.3529411764706,17,546,
807,64.70588235294117,17,547,
808,70.58823529411765,17,548,
809,82.3529411764706,17,549,
810,82.3529411764706,17,550,
811,100.0,17,551,
812,100.0,3,552,
813,100.0,3,553,
814,100.0,3,554,
815,100.0,3,555,
816,100.0,3,556,
817,100.0,3,557,
818,100.0,3,558,
819,100.0,3,559,
820,100.0,3,560,
821,100.0,4,561,
822,75.0,4,562,
823,75.0,4,563,
824,75.0,4,564,
825,75.0,4,565,
826,64.70588235294117,17,566,
827,82.3529411764706,17,567,
828,58.8235294117647,17,568,
829,58.8235294117647,17,569,
830,82.3529411764706,17,570,
831,64.70588235294117,17,571,
832,58.8235294117647,17,572,
833,100.0,1,573,
834,100.0,1,574,
835,100.0,1,575,
836,100.0,1,576,
837,100.0,1,577,
838,100.0,1,578,
839,100.0,1,579,
840,100.0,1,580,
841,100.0,1,581,
842,100.0,1,582,
843,100.0,1,583,
844,100.0,1,584,
845,100.0,1,585,
846,100.0,1,586,
847,100.0,1,587,
848,100.0,1,588,
849,100.0,1,589,
850,100.0,1,590,
851,100.0,1,591,
852,100.0,1,592,
853,100.0,1,593,
854,100.0,1,594,
855,100.0,1,595,
856,100.0,1,596,
857,100.0,1,597,
858,100.0,1,598,
859,100.0,1,599,
860,100.0,1,600,
861,100.0,1,601,
862,100.0,1,602,
863,100.0,1,603,
864,100.0,1,604,
865,100.0,1,605,
866,100.0,1,606,
867,66.66666666666667,15,607,
868,66.66666666666667,15,608,
869,100.0,3,609,
870,100.0,3,610,
871,100.0,3,611,
872,100.0,3,612,
873,100.0,3,613,
874,64.70588235294117,17,614,
875,58.8235294117647,17,615,
876,58.8235294117647,17,616,
877,70.58823529411765,17,617,
878,41.1764705882353,17,618,
879,64.70588235294117,17,619,
880,70.58823529411765,17,620,
881,70.58823529411765,17,621,
882,76.47058823529412,17,622,
883,52.94117647058823,17,623,
884,75.0,4,624,
885,100.0,17,625,
892,76.47058823529412,17,626,
912,100.0,17,627,
913,100.0,17,628,
914,100.0,17,629,
915,100.0,17,630,
916,100.0,17,631,
917,100.0,17,632,
922,94.11764705882354,17,633,
923,100.0,17,634,
927,76.47058823529412,17,635,
928,100.0,17,636,
929,100.0,17,637,
932,100.0,17,638,
933,100.0,17,639,
936,100.0,17,640,
937,100.0,17,641,
938,76.47058823529412,17,642,
939,100.0,17,643,
940,100.0,17,644,
946,100.0,17,645,
947,82.3529411764706,17,646,
948,94.11764705882354,17,647,
949,92.85714285714286,14,648,
950,100.0,1,649,
951,100.0,1,650,
952,100.0,1,651,
953,100.0,1,652,
954,100.0,1,653,
955,64.70588235294117,17,654,
956,100.0,17,655,
957,70.58823529411765,17,656,
958,100.0,1,657,
959,100.0,1,658,
960,100.0,1,659,
961,100.0,1,660,
962,100.0,1,661,
963,100.0,1,662,
964,100.0,1,663,
965,100.0,1,664,
966,100.0,1,665,
967,100.0,1,666,
968,100.0,1,667,
969,100.0,1,668,
970,100.0,1,669,
971,100.0,1,670,
972,100.0,1,671,
973,100.0,1,672,
974,100.0,1,673,
975,100.0,1,674,
978,58.8235294117647,17,675,
979,70.58823529411765,17,676,
980,76.47058823529412,17,677,
981,47.05882352941177,17,678,
982,64.70588235294117,17,679,
983,100.0,1,680,
984,100.0,1,681,
985,50.0,2,682,
986,50.0,2,683,
987,50.0,2,684,
988,33.333333333333336,3,685,
989,100.0,2,686,
990,33.333333333333336,3,687,
991,66.66666666666667,3,688,
992,66.66666666666667,3,689,
993,66.66666666666667,3,690,
994,33.333333333333336,3,691,
995,50.0,6,692,
996,50.0,6,693,
997,33.333333333333336,6,694,
998,40.0,5,695,
999,40.0,5,696,
1000,40.0,5,697,
1001,40.0,5,698,
1002,40.0,5,699,
1003,40.0,5,700,
1004,40.0,5,701,
1005,40.0,5,702,
1006,40.0,5,703,
1007,60.0,5,704,
1008,40.0,5,705,
1009,57.142857142857146,7,706,
1010,42.857142857142854,7,707,
1011,57.142857142857146,7,708,
1012,42.857142857142854,7,709,
1013,64.70588235294117,17,710,
1014,94.11764705882354,17,711,
1015,58.8235294117647,17,712,
1016,64.70588235294117,17,713,
1017,41.1764705882353,17,714,
1018,76.47058823529412,17,715,
1019,70.58823529411765,17,716,
1020,94.11764705882354,17,717,
1021,100.0,17,718,
1022,100.0,17,719,
1023,100.0,17,720,
1064,100.0,17,721,
1065,82.3529411764706,17,722,
1066,76.47058823529412,17,723,
1067,100.0,1,724,
1068,100.0,1,725,
1069,94.11764705882354,17,726,
1070,41.1764705882353,17,727,
1071,94.11764705882354,17,728,
1072,100.0,17,729,
1073,100.0,4,730,
1074,50.0,16,731,
1075,70.58823529411765,17,732,
1076,100.0,17,733,
1077,52.94117647058823,17,734,
1078,82.3529411764706,17,735,
1079,100.0,17,736,
1080,70.58823529411765,17,737,
1081,94.11764705882354,17,738,
1082,100.0,17,739,
1083,100.0,17,740,
1084,100.0,17,741,
1085,58.8235294117647,17,742,
1086,50.0,6,743,
1087,100.0,3,744,
1088,100.0,2,745,
1089,66.66666666666667,3,746,
1090,66.66666666666667,3,747,
1091,66.66666666666667,3,748,
1092,66.66666666666667,3,749,
1093,66.66666666666667,3,750,
1094,66.66666666666667,3,751,
1095,66.66666666666667,3,752,
1096,66.66666666666667,3,753,
1097,66.66666666666667,3,754,
1098,66.66666666666667,3,755,
1099,66.66666666666667,3,756,
1100,66.66666666666667,3,757,
1101,66.66666666666667,3,758,
1102,66.66666666666667,3,759,
1103,66.66666666666667,3,760,
1104,100.0,1,761,
1140,76.47058823529412,17,762,
1141,82.3529411764706,17,763,
1142,58.8235294117647,17,764,
1143,70.58823529411765,17,765,
1150,94.11764705882354,17,766,
1151,64.70588235294117,17,767,
1153,100.0,17,768,
1154,70.58823529411765,17,769,
1155,100.0,17,770,
1185,100.0,17,771,
1186,100.0,17,772,YDF (1186-1188)
1187,100.0,17,773,YDF (1186-1188)
1188,100.0,17,774,YDF (1186-1188)
1189,100.0,17,775,
1190,94.11764705882354,17,776,
1191,76.47058823529412,17,777,
1192,76.47058823529412,17,778,
1193,76.47058823529412,17,779,
1194,82.3529411764706,17,780,
1195,76.47058823529412,17,781,
1196,100.0,17,782,
1197,76.47058823529412,17,783,
1198,100.0,17,784,
1199,58.8235294117647,17,785,
1200,100.0,17,786,
1201,76.47058823529412,17,787,
1202,70.58823529411765,17,788,
1203,100.0,17,789,
1204,100.0,17,790,
1205,70.58823529411765,17,791,
1206,76.47058823529412,17,792,
1207,100.0,13,793,
1208,70.58823529411765,17,794,
1209,76.47058823529412,17,795,
1210,100.0,17,796,Lysine linker (1210-1220)
1211,100.0,17,797,Lysine linker (1210-1220)
1212,100.0,17,798,Lysine linker (1210-1220)
1213,100.0,17,799,Lysine linker (1210-1220)
1214,100.0,17,800,Lysine linker (1210-1220)
1215,94.11764705882354,17,801,Lysine linker (1210-1220)
1216,82.3529411764706,17,802,Lysine linker (1210-1220)
1217,100.0,17,803,Lysine linker (1210-1220)
1218,100.0,17,804,Lysine linker (1210-1220)
1219,100.0,17,805,Lysine linker (1210-1220)
1220,100.0,17,806,Lysine linker (1210-1220)
1221,100.0,14,807,
1222,71.42857142857143,14,808,
1223,100.0,14,809,
1224,100.0,14,810,
1225,100.0,14,811,
1226,100.0,14,812,
1227,100.0,14,813,
1228,100.0,14,814,
1229,100.0,14,815,
1230,100.0,14,816,
1231,100.0,14,817,
1232,100.0,14,818,
1233,100.0,14,819,
1234,100.0,14,820,
1235,100.0,14,821,
1236,100.0,14,822,
1237,100.0,14,823,
1238,100.0,14,824,
1239,100.0,14,825,
1240,100.0,14,826,
1243,100.0,14,827,
1244,100.0,14,828,
1245,100.0,14,829,
1246,100.0,14,830,
1247,100.0,14,831,
1248,100.0,14,832,
1249,100.0,14,833,
1251,100.0,14,834,
1252,100.0,14,835,
1253,100.0,14,836,
1254,100.0,14,837,
1255,100.0,14,838,
1256,100.0,14,839,
1259,100.0,14,840,
1260,71.42857142857143,14,841,
1261,100.0,14,842,
1262,100.0,14,843,
1263,100.0,14,844,
1264,100.0,14,845,
1265,71.42857142857143,14,846,
1266,100.0,14,847,
1267,100.0,14,848,
1268,100.0,14,849,
1269,100.0,14,850,
1270,100.0,14,851,
1271,100.0,14,852,
1272,100.0,14,853,
1273,100.0,14,854,
1274,100.0,14,855,
1275,100.0,14,856,
1276,100.0,14,857,
1277,100.0,14,858,
1278,71.42857142857143,14,859,
1279,100.0,14,860,
1280,100.0,14,861,
1282,100.0,14,862,
1283,100.0,14,863,
1284,100.0,17,864,
1285,100.0,17,865,
1286,70.58823529411765,17,866,
1287,100.0,17,867,
1288,100.0,17,868,
1289,100.0,17,869,
1290,100.0,17,870,
1291,70.58823529411765,17,871,
1294,76.47058823529412,17,872,
1295,100.0,17,873,
1296,100.0,17,874,
1297,100.0,17,875,
1298,100.0,17,876,
1299,100.0,17,877,
1300,100.0,17,878,
1301,100.0,17,879,
1302,100.0,17,880,
1303,100.0,17,881,
1304,100.0,17,882,
1305,100.0,17,883,
1306,100.0,17,884,
1307,100.0,17,885,
1308,100.0,17,886,
1309,100.0,17,887,
1310,100.0,17,888,
1318,100.0,17,889,
1319,76.47058823529412,17,890,
1320,100.0,17,891,
1321,100.0,17,892,
1323,100.0,17,893,
1324,100.0,17,894,
1325,100.0,17,895,
1326,100.0,17,896,
1327,100.0,17,897,
1328,100.0,17,898,
1329,100.0,17,899,
1330,100.0,17,900,
1331,100.0,17,901,
1332,100.0,17,902,
1333,100.0,17,903,
1334,100.0,17,904,
1335,94.11764705882354,17,905,
1336,100.0,17,906,
1337,100.0,17,907,
1338,100.0,17,908,
1339,94.11764705882354,17,909,
1340,94.11764705882354,17,910,
1341,100.0,16,911,
1342,100.0,16,912,
1343,100.0,16,913,
1344,100.0,16,914,
1345,100.0,16,915,
1346,100.0,16,916,
1347,100.0,16,917,
1348,100.0,16,918,
1350,100.0,16,919,
1351,100.0,16,920,
1352,100.0,16,921,
1353,100.0,16,922,
1354,100.0,16,923,
1355,100.0,16,924,
1356,100.0,16,925,
1357,100.0,16,926,
1358,100.0,16,927,
1359,75.0,16,928,
1360,100.0,16,929,
1361,100.0,16,930,
1362,100.0,16,931,
1363,100.0,16,932,
1364,100.0,16,933,
1365,100.0,16,934,
1366,100.0,16,935,
1367,100.0,16,936,
1368,100.0,16,937,
1369,100.0,16,938,
1370,100.0,16,939,
1371,100.0,16,940,
1372,100.0,16,941,
1373,100.0,16,942,
1374,100.0,16,943,
1375,100.0,16,944,
1377,100.0,16,945,
1378,100.0,16,946,
1379,100.0,16,947,
1381,100.0,16,948,
1382,100.0,16,949,
1383,100.0,16,950,
1384,100.0,16,951,
1385,100.0,16,952,
1386,100.0,16,953,
1387,100.0,16,954,
1388,100.0,16,955,
1389,75.0,16,956,
1390,81.25,16,957,
1391,100.0,16,958,
1392,93.75,16,959,
1393,100.0,16,960,
1394,100.0,16,961,
1395,100.0,16,962,
1396,100.0,16,963,
1397,100.0,16,964,
1398,100.0,16,965,
1399,100.0,17,966,
1400,100.0,17,967,
1401,100.0,16,968,
1402,100.0,16,969,
1403,100.0,16,970,
1404,100.0,16,971,
1405,75.0,16,972,
1406,100.0,16,973,
1407,100.0,16,974,
1408,100.0,16,975,
1409,100.0,16,976,
1410,100.0,16,977,
1411,81.25,16,978,
1412,100.0,16,979,
1413,100.0,16,980,
1414,75.0,16,981,
1415,100.0,16,982,
1416,75.0,16,983,
1417,100.0,16,984,
1418,100.0,16,985,
1419,100.0,16,986,
1420,100.0,16,987,
1421,100.0,16,988,
1422,100.0,16,989,
1423,75.0,16,990,
1424,100.0,16,991,
1425,100.0,16,992,
1426,100.0,16,993,
1427,100.0,16,994,
1428,100.0,16,995,
1429,100.0,16,996,
1430,100.0,16,997,
1431,100.0,16,998,
1432,100.0,16,999,
1433,100.0,16,1000,
1434,100.0,16,1001,
1435,100.0,16,1002,
1436,100.0,16,1003,
1464,100.0,16,1004,
1465,100.0,16,1005,
1466,100.0,16,1006,
1467,81.25,16,1007,
1468,68.75,16,1008,
1473,75.0,16,1009,
1474,100.0,16,1010,
1475,68.75,16,1011,
1476,75.0,16,1012,
1477,68.75,16,1013,
1478,81.25,16,1014,
1479,100.0,16,1015,
1480,100.0,16,1016,
1481,100.0,16,1017,
1482,100.0,16,1018,
1483,81.25,16,1019,
1484,81.25,16,1020,
1485,75.0,16,1021,
1486,100.0,16,1022,
1487,100.0,16,1023,
1488,100.0,16,1024,
1489,100.0,16,1025,
1490,100.0,16,1026,
1491,100.0,16,1027,
1492,100.0,16,1028,
1493,75.0,16,1029,
1494,100.0,16,1030,
1495,100.0,16,1031,
1496,100.0,16,1032,
1497,75.0,16,1033,
1498,75.0,16,1034,
1499,100.0,16,1035,
1500,81.25,16,1036,
1571,100.0,16,1037,
1573,100.0,16,1038,
1574,100.0,16,1039,
1575,100.0,16,1040,
1602,100.0,16,1041,
1603,100.0,16,1042,
1604,100.0,16,1043,
1605,100.0,16,1044,
1606,93.75,16,1045,
1607,100.0,16,1046,
1608,62.5,16,1047,
1611,100.0,16,1048,
1612,87.5,16,1049,
1613,100.0,16,1050,
1614,75.0,16,1051,
1615,100.0,16,1052,
1616,100.0,16,1053,
1619,100.0,16,1054,
1620,100.0,16,1055,
1621,100.0,16,1056,
1622,75.0,16,1057,
1623,100.0,16,1058,
1624,100.0,16,1059,
1625,100.0,16,1060,
1626,100.0,16,1061,
1627,75.0,16,1062,
1628,100.0,16,1063,
1629,100.0,16,1064,
1630,100.0,16,1065,
1631,100.0,16,1066,
1632,100.0,16,1067,
1633,100.0,16,1068,
1634,68.75,16,1069,
1635,81.25,16,1070,
1636,100.0,16,1071,
1637,75.0,16,1072,
1638,62.5,16,1073,
1639,100.0,16,1074,
1640,87.5,16,1075,
1641,100.0,16,1076,
1642,100.0,16,1077,
1643,100.0,16,1078,
1644,100.0,16,1079,
1645,100.0,16,1080,
1646,100.0,16,1081,
1647,100.0,16,1082,
1648,100.0,16,1083,
1649,100.0,16,1084,
1650,100.0,16,1085,
1651,75.0,16,1086,
1652,100.0,16,1087,
1659,100.0,16,1088,
1668,93.75,16,1089,
1685,100.0,16,1090,
1686,100.0,16,1091,
1687,100.0,16,1092,
1695,100.0,16,1093,
1696,100.0,16,1094,
1697,68.75,16,1095,
1698,100.0,16,1096,
1700,93.75,16,1097,
1701,100.0,16,1098,
1702,62.5,16,1099,
1708,68.75,16,1100,
1709,75.0,16,1101,
1710,75.0,16,1102,
1711,100.0,16,1103,
1712,87.5,16,1104,
1713,100.0,16,1105,
1714,100.0,16,1106,
1715,68.75,16,1107,
1716,81.25,16,1108,
1717,75.0,16,1109,
1718,100.0,16,1110,
1719,100.0,16,1111,
1720,100.0,16,1112,
1721,100.0,16,1113,
1732,81.25,16,1114,
1733,100.0,16,1115,
1734,100.0,16,1116,
1735,56.25,16,1117,
1736,75.0,16,1118,
1737,100.0,16,1119,
1738,75.0,16,1120,
1750,81.25,16,1121,
1751,68.75,16,1122,
1752,100.0,16,1123,
1753,25.0,16,1124,
1761,100.0,16,1125,
1762,57.142857142857146,14,1126,
1763,78.57142857142857,14,1127,
1764,62.5,16,1128,
1765,50.0,16,1129,
1766,56.25,16,1130,
1767,75.0,16,1131,
1768,81.25,16,1132,
1769,93.75,16,1133,
1770,93.75,16,1134,
1771,56.25,16,1135,
1772,62.5,16,1136,
1773,50.0,2,1137,
1774,50.0,14,1138,
1775,71.42857142857143,14,1139,
1783,64.28571428571429,14,1140,
1784,42.857142857142854,14,1141,
1785,57.142857142857146,14,1142,
1786,85.71428571428571,14,1143,
1787,100.0,14,1144,
1788,100.0,14,1145,
1789,100.0,14,1146,
1790,100.0,14,1147,
1791,100.0,14,1148,
1792,100.0,14,1149,
1793,64.28571428571429,14,1150,
1798,92.85714285714286,14,1151,
1799,57.142857142857146,14,1152,
1800,100.0,13,1153,
1801,75.0,4,1154,
1807,100.0,1,1155,
1808,62.5,16,1156,
1809,81.25,16,1157,
1810,68.75,16,1158,
1811,75.0,16,1159,
1812,68.75,16,1160,
1813,81.25,16,1161,
1814,53.84615384615385,13,1162,
1815,75.0,16,1163,
1816,50.0,16,1164,
1817,50.0,16,1165,
1818,62.5,16,1166,
1845,62.5,16,1167,
1846,50.0,16,1168,
1847,56.25,16,1169,
1848,56.25,16,1170,
1849,68.75,16,1171,
1850,50.0,16,1172,
1851,81.25,16,1173,
1861,56.25,16,1174,
1862,75.0,16,1175,
1865,66.66666666666667,15,1176,
1866,93.33333333333333,15,1177,
1867,40.0,15,1178,
1868,53.333333333333336,15,1179,
1869,86.66666666666667,15,1180,
1870,93.75,16,1181,
1871,56.25,16,1182,
1872,81.25,16,1183,
1873,37.5,16,1184,
1874,69.23076923076923,13,1185,
1875,84.61538461538461,13,1186,
1876,91.66666666666667,12,1187,
1877,50.0,2,1188,
1878,50.0,2,1189,
1879,50.0,2,1190,
1880,100.0,2,1191,
1881,50.0,2,1192,
1882,100.0,2,1193,
1883,100.0,2,1194,
1884,75.0,4,1195,
1885,35.714285714285715,14,1196,
1886,66.66666666666667,15,1197,
1890,62.5,16,1198,
1891,56.25,16,1199,
1892,25.0,16,1200,
1893,93.75,16,1201,
1894,56.25,16,1202,
1895,93.75,16,1203,
1900,100.0,1,1204,
1901,100.0,1,1205,
1902,100.0,1,1206,
1903,100.0,1,1207,
1904,100.0,16,1208,
1905,100.0,16,1209,
1906,50.0,16,1210,
1907,100.0,16,1211,
1908,62.5,16,1212,
1909,87.5,16,1213,
1910,100.0,16,1214,
1911,100.0,16,1215,
1912,100.0,16,1216,
1913,100.0,16,1217,
1914,100.0,16,1218,
1915,62.5,16,1219,
1936,40.0,15,1220,
1937,42.857142857142854,7,1221,
1938,40.0,15,1222,
1939,100.0,1,1223,
1940,100.0,1,1224,
1941,100.0,1,1225,
1942,100.0,1,1226,
1943,50.0,2,1227,
1944,60.0,5,1228,
1945,53.333333333333336,15,1229,
1946,66.66666666666667,15,1230,
1947,46.666666666666664,15,1231,
1948,87.5,16,1232,
1949,62.5,16,1233,
1950,25.0,16,1234,
1951,57.142857142857146,14,1235,
1952,57.142857142857146,14,1236,
1953,37.5,16,1237,
1954,93.75,16,1238,
1955,62.5,16,1239,
1956,93.75,16,1240,
1957,68.75,16,1241,
1958,81.25,16,1242,
1959,87.5,16,1243,
1960,75.0,16,1244,
1961,50.0,16,1245,
1962,56.25,16,1246,
1963,100.0,3,1247,
1964,100.0,3,1248,
1965,75.0,4,1249,
1966,100.0,4,1250,
1967,100.0,4,1251,
1968,75.0,16,1252,
1973,62.5,16,1253,
1974,56.25,16,1254,
1975,93.75,16,1255,
1976,68.75,16,1256,
1977,68.75,16,1257,
1978,75.0,16,1258,
1979,75.0,16,1259,
1980,75.0,16,1260,
1981,50.0,16,1261,
1982,50.0,6,1262,
1983,50.0,6,1263,
1984,66.66666666666667,6,1264,
1985,66.66666666666667,6,1265,
1986,66.66666666666667,6,1266,
1987,66.66666666666667,6,1267,
1988,66.66666666666667,6,1268,
1989,66.66666666666667,6,1269,
1990,83.33333333333333,6,1270,
1991,50.0,6,1271,
1992,66.66666666666667,6,1272,
1993,50.0,6,1273,
1994,50.0,6,1274,
1995,60.0,5,1275,
1996,60.0,5,1276,
1997,80.0,5,1277,
1998,60.0,5,1278,
1999,60.0,5,1279,
2000,60.0,5,1280,
2001,100.0,5,1281,
2002,60.0,5,1282,
2003,60.0,5,1283,
2004,80.0,5,1284,
2005,60.0,5,1285,
2006,75.0,4,1286,
2007,75.0,4,1287,
2008,75.0,4,1288,
2009,75.0,4,1289,
2010,50.0,4,1290,
2011,50.0,4,1291,
2012,50.0,4,1292,
2013,75.0,4,1293,
2014,100.0,1,1294,
2015,100.0,1,1295,
2016,100.0,1,1296,
2017,100.0,1,1297,
2018,100.0,1,1298,
2019,100.0,1,1299,
2020,100.0,1,1300,
2021,100.0,1,1301,
2022,100.0,1,1302,
2023,100.0,1,1303,
2024,100.0,1,1304,
2025,100.0,1,1305,
2026,100.0,1,1306,
2027,100.0,1,1307,
2028,100.0,1,1308,
2029,100.0,1,1309,
2030,100.0,1,1310,
2031,100.0,1,1311,
2032,100.0,1,1312,
2033,100.0,1,1313,
2034,100.0,1,1314,
2035,100.0,1,1315,
2036,100.0,1,1316,
2037,100.0,1,1317,
2038,100.0,1,1318,
2039,100.0,1,1319,
2040,100.0,1,1320,
2041,100.0,1,1321,
2042,100.0,1,1322,
2043,100.0,1,1323,
2044,100.0,1,1324,
2045,100.0,1,1325,
2046,100.0,1,1326,
2047,100.0,1,1327,
2048,100.0,1,1328,
2049,100.0,1,1329,
2050,100.0,1,1330,
2051,100.0,1,1331,
2052,100.0,1,1332,
2053,100.0,1,1333,
2054,100.0,1,1334,
2055,100.0,1,1335,
2056,100.0,1,1336,
2057,100.0,1,1337,
2058,100.0,1,1338,
2059,100.0,1,1339,
2060,100.0,1,1340,
2061,100.0,1,1341,
2062,100.0,1,1342,
2063,100.0,1,1343,
2064,100.0,1,1344,
2065,100.0,1,1345,
2066,100.0,1,1346,
2067,100.0,1,1347,
2068,100.0,1,1348,
2069,100.0,1,1349,
2070,100.0,1,1350,
2071,100.0,1,1351,
2072,100.0,1,1352,
2073,100.0,1,1353,
2074,100.0,1,1354,
2075,100.0,1,1355,
2076,100.0,1,1356,
2077,100.0,1,1357,
2078,100.0,1,1358,
2079,100.0,1,1359,
2080,100.0,1,1360,
2081,100.0,1,1361,
2082,100.0,1,1362,
2083,100.0,1,1363,
2084,100.0,1,1364,
2085,100.0,1,1365,
2086,100.0,1,1366,
2087,100.0,1,1367,
2088,100.0,1,1368,
2089,100.0,1,1369,
2090,100.0,1,1370,
2091,100.0,1,1371,
2092,100.0,1,1372,
2093,100.0,1,1373,
2094,100.0,1,1374,
2095,100.0,1,1375,
2096,100.0,1,1376,
2097,100.0,1,1377,
2098,100.0,1,1378,
2099,100.0,1,1379,
2100,100.0,1,1380,
2101,100.0,1,1381,
2102,100.0,1,1382,
2103,100.0,1,1383,
2104,100.0,1,1384,
2105,100.0,1,1385,
2106,100.0,1,1386,
2107,100.0,1,1387,
2108,100.0,1,1388,
2109,100.0,1,1389,
2110,100.0,1,1390,
2111,100.0,1,1391,
2112,100.0,1,1392,
2113,100.0,1,1393,
2114,100.0,1,1394,
2115,100.0,1,1395,
2116,100.0,1,1396,
2117,100.0,1,1397,
2118,100.0,1,1398,
2119,100.0,1,1399,
2120,100.0,1,1400,
2121,100.0,1,1401,
2122,100.0,1,1402,
2123,100.0,1,1403,
2124,100.0,1,1404,
2125,100.0,1,1405,
2126,100.0,1,1406,
2127,100.0,1,1407,
2128,100.0,1,1408,
2129,100.0,1,1409,
2130,100.0,1,1410,
2131,100.0,1,1411,
2132,100.0,1,1412,
2133,100.0,1,1413,
2134,100.0,1,1414,
2135,100.0,1,1415,
2136,100.0,1,1416,
2137,100.0,1,1417,
2138,100.0,1,1418,
2139,100.0,1,1419,
2140,100.0,1,1420,
2141,100.0,1,1421,
2142,100.0,1,1422,
2143,100.0,1,1423,
2144,100.0,1,1424,
2145,100.0,1,1425,
2146,100.0,1,1426,
2147,100.0,1,1427,
2148,100.0,1,1428,
2149,100.0,1,1429,
2150,100.0,1,1430,
2151,100.0,1,1431,
2152,100.0,1,1432,
2153,100.0,1,1433,
2154,100.0,1,1434,
2155,100.0,1,1435,
2156,100.0,1,1436,
2157,100.0,1,1437,
2158,100.0,1,1438,
2159,100.0,1,1439,
2160,100.0,1,1440,
2161,100.0,1,1441,
2162,100.0,1,1442,
2163,100.0,1,1443,
2164,100.0,1,1444,
2165,100.0,1,1445,
2166,100.0,1,1446,
2167,100.0,1,1447,
2168,100.0,1,1448,
2169,100.0,1,1449,
2170,100.0,1,1450,
2171,100.0,1,1451,
2172,100.0,1,1452,
2173,100.0,1,1453,
2174,100.0,1,1454,
2175,100.0,1,1455,
2176,100.0,1,1456,
2177,100.0,1,1457,
2178,100.0,1,1458,
2179,100.0,1,1459,
2180,100.0,1,1460,
2181,100.0,1,1461,
2182,100.0,1,1462,
2183,100.0,1,1463,
2184,100.0,1,1464,
2185,100.0,1,1465,
2186,100.0,1,1466,
2187,100.0,1,1467,
2188,100.0,1,1468,
2189,100.0,1,1469,
2190,100.0,1,1470,
2191,100.0,1,1471,
2192,100.0,1,1472,
2193,100.0,1,1473,
2194,100.0,1,1474,
2195,100.0,1,1475,
2196,100.0,1,1476,
2197,100.0,1,1477,
2198,100.0,1,1478,
2199,100.0,1,1479,
2200,100.0,1,1480,
2201,100.0,1,1481,
2202,100.0,1,1482,
2203,100.0,1,1483,
2204,100.0,1,1484,
2205,100.0,1,1485,
2206,100.0,1,1486,
2207,100.0,1,1487,
2208,100.0,1,1488,
2209,100.0,1,1489,
2210,100.0,1,1490,
2211,100.0,1,1491,
2212,100.0,1,1492,
2213,100.0,1,1493,
2214,100.0,1,1494,
2215,100.0,1,1495,
2216,100.0,1,1496,
2217,100.0,1,1497,
2218,100.0,1,1498,
2219,100.0,1,1499,
2220,100.0,1,1500,
2221,100.0,1,1501,
2222,100.0,1,1502,
2223,100.0,1,1503,
2224,100.0,1,1504,
2225,100.0,1,1505,
2226,100.0,1,1506,
2227,100.0,1,1507,
2228,100.0,1,1508,
2229,100.0,1,1509,
2230,100.0,1,1510,
2231,100.0,1,1511,
2232,100.0,1,1512,
2233,100.0,1,1513,
2234,100.0,1,1514,
2235,100.0,1,1515,
2236,100.0,1,1516,
2237,100.0,1,1517,
2238,100.0,1,1518,
2239,100.0,1,1519,
2240,100.0,1,1520,
2241,100.0,1,1521,
2242,100.0,1,1522,
2243,100.0,1,1523,
2244,100.0,1,1524,
2245,100.0,1,1525,
2246,100.0,1,1526,
2247,100.0,1,1527,
2248,100.0,1,1528,
2249,100.0,1,1529,
2250,100.0,1,1530,
2251,100.0,1,1531,
2252,100.0,1,1532,
2253,100.0,1,1533,
2254,100.0,1,1534,
2255,100.0,1,1535,
2256,100.0,1,1536,
2257,100.0,1,1537,
2258,100.0,1,1538,
2259,100.0,1,1539,
2260,100.0,1,1540,
2261,100.0,1,1541,
2262,100.0,1,1542,
2263,100.0,1,1543,
2264,100.0,1,1544,
2265,100.0,1,1545,
2266,100.0,1,1546,
2267,100.0,1,1547,
2268,100.0,1,1548,
2269,100.0,1,1549,
2270,100.0,1,1550,
2271,100.0,1,1551,
2272,100.0,1,1552,
2273,100.0,1,1553,
2274,100.0,1,1554,
2275,100.0,1,1555,
2276,100.0,1,1556,
2277,100.0,1,1557,
2278,100.0,1,1558,
2279,100.0,1,1559,
2280,100.0,1,1560,
2281,100.0,1,1561,
2282,100.0,1,1562,
2283,100.0,1,1563,
2284,100.0,1,1564,
2285,100.0,1,1565,
2286,100.0,1,1566,
2287,100.0,1,1567,
2288,100.0,1,1568,
2289,100.0,1,1569,
2290,100.0,1,1570,
2291,100.0,1,1571,
2292,100.0,1,1572,
2293,100.0,1,1573,
2294,100.0,1,1574,
2295,100.0,1,1575,
2296,100.0,1,1576,
2297,100.0,1,1577,
2298,100.0,1,1578,
2299,100.0,1,1579,
2300,100.0,1,1580,
2301,100.0,1,1581,
2302,100.0,1,1582,
2303,100.0,1,1583,
2304,100.0,1,1584,
2305,100.0,1,1585,
2306,100.0,1,1586,
2307,100.0,1,1587,
2308,100.0,1,1588,
2309,100.0,1,1589,
2310,100.0,1,1590,
2311,100.0,1,1591,
2312,100.0,1,1592,
2313,100.0,1,1593,
2314,100.0,1,1594,
2315,100.0,1,1595,
2316,100.0,1,1596,
2317,100.0,1,1597,
2318,100.0,1,1598,
2319,100.0,1,1599,
2320,100.0,1,1600,
2321,100.0,1,1601,
2322,100.0,1,1602,
2323,100.0,1,1603,
2324,100.0,1,1604,
2325,100.0,1,1605,
2326,100.0,1,1606,
2327,100.0,1,1607,
2328,100.0,1,1608,
2329,100.0,1,1609,
2330,100.0,1,1610,
2331,100.0,1,1611,
2332,100.0,1,1612,
2333,100.0,1,1613,
2334,100.0,1,1614,
2335,100.0,1,1615,
2336,100.0,1,1616,
2337,100.0,1,1617,
2338,100.0,1,1618,
2339,100.0,1,1619,
2340,100.0,1,1620,
2341,100.0,1,1621,
2342,100.0,1,1622,
2343,100.0,1,1623,
2344,100.0,1,1624,
2345,100.0,1,1625,
2346,100.0,1,1626,
2347,100.0,1,1627,
2348,100.0,1,1628,
2349,100.0,1,1629,
2350,100.0,1,1630,
2351,100.0,1,1631,
2352,100.0,1,1632,
2353,100.0,1,1633,
2354,100.0,1,1634,
2355,100.0,1,1635,
2356,100.0,1,1636,
2357,100.0,1,1637,
2358,100.0,1,1638,
2359,100.0,1,1639,
2360,100.0,1,1640,
2361,100.0,1,1641,
2362,100.0,1,1642,
2363,100.0,1,1643,
2364,100.0,1,1644,
2365,100.0,1,1645,
2366,100.0,1,1646,
2367,100.0,1,1647,
2368,100.0,1,1648,
2369,100.0,1,1649,
2370,100.0,1,1650,
2371,100.0,1,1651,
2372,100.0,1,1652,
2373,100.0,1,1653,
2374,100.0,1,1654,
2375,100.0,1,1655,
2376,100.0,1,1656,
2377,100.0,1,1657,
2378,100.0,1,1658,
2379,100.0,1,1659,
2380,100.0,1,1660,
2381,100.0,1,1661,
2382,100.0,1,1662,
2383,100.0,1,1663,
2384,100.0,1,1664,
2385,100.0,1,1665,
2386,100.0,1,1666,
2387,100.0,1,1667,
2388,100.0,1,1668,
2389,100.0,1,1669,
2390,100.0,1,1670,
2391,100.0,1,1671,
2392,100.0,1,1672,
2393,100.0,1,1673,
2394,100.0,1,1674,
2395,100.0,1,1675,
2396,100.0,1,1676,
2397,100.0,1,1677,
2398,100.0,1,1678,
2399,100.0,1,1679,
2400,100.0,1,1680,
2401,100.0,1,1681,
2402,100.0,1,1682,
2403,100.0,1,1683,
2404,100.0,1,1684,
2405,100.0,1,1685,
2406,100.0,1,1686,
2407,100.0,1,1687,
2408,100.0,1,1688,
2409,100.0,1,1689,
2410,100.0,1,1690,
2411,100.0,1,1691,
2412,100.0,1,1692,
2413,100.0,1,1693,
2414,100.0,1,1694,
2415,100.0,1,1695,
2416,100.0,1,1696,
2417,100.0,1,1697,
2418,100.0,1,1698,
2419,100.0,1,1699,
2420,100.0,1,1700,
2421,100.0,1,1701,
2422,100.0,1,1702,
2423,100.0,1,1703,
2424,100.0,1,1704,
2425,100.0,1,1705,
2426,100.0,1,1706,
2427,100.0,1,1707,
2428,100.0,1,1708,
2429,100.0,1,1709,
2430,100.0,1,1710,
2431,100.0,1,1711,
2432,100.0,1,1712,
2433,100.0,1,1713,
2434,100.0,1,1714,
2435,100.0,1,1715,
2436,100.0,1,1716,
2437,100.0,1,1717,
2438,100.0,1,1718,
2439,100.0,1,1719,
2440,100.0,1,1720,
2441,100.0,1,1721,
2442,100.0,1,1722,
2443,100.0,1,1723,
2444,100.0,1,1724,
2445,100.0,1,1725,
2446,100.0,1,1726,
2447,100.0,1,1727,
2448,100.0,1,1728,
2449,100.0,1,1729,
2450,100.0,1,1730,
2451,100.0,1,1731,
2452,100.0,1,1732,
2453,100.0,1,1733,
2454,100.0,1,1734,
2455,100.0,1,1735,
2456,100.0,1,1736,
2457,100.0,1,1737,
2458,100.0,1,1738,
2459,100.0,1,1739,
2460,100.0,1,1740,
2461,100.0,1,1741,
2462,100.0,1,1742,
2463,100.0,1,1743,
2464,100.0,1,1744,
2465,100.0,1,1745,
2466,100.0,1,1746,
2467,100.0,1,1747,
2468,100.0,1,1748,
2469,100.0,1,1749,
2470,100.0,1,1750,
2471,100.0,1,1751,
2472,100.0,1,1752,
2473,100.0,1,1753,
2474,100.0,1,1754,
2475,100.0,1,1755,
2476,100.0,1,1756,
2477,100.0,1,1757,
2478,100.0,1,1758,
2479,100.0,1,1759,
2480,100.0,1,1760,
2481,100.0,1,1761,
2482,100.0,1,1762,
2483,100.0,1,1763,
2484,100.0,1,1764,
2485,100.0,1,1765,
2486,100.0,1,1766,
2487,100.0,1,1767,
2488,100.0,1,1768,
2489,100.0,1,1769,
2490,100.0,1,1770,
2491,100.0,1,1771,
2492,100.0,1,1772,
2493,100.0,1,1773,
2494,100.0,1,1774,
2495,100.0,1,1775,
2496,100.0,1,1776,
2497,100.0,1,1777,
2498,100.0,1,1778,
2499,100.0,1,1779,
2500,100.0,1,1780,
2501,100.0,1,1781,
2502,100.0,1,1782,
2503,100.0,1,1783,
2504,100.0,1,1784,
2505,100.0,1,1785,
2506,100.0,1,1786,
2507,100.0,1,1787,
2508,100.0,1,1788,
2509,100.0,1,1789,
2510,100.0,1,1790,
2511,100.0,1,1791,
2512,100.0,1,1792,
2513,100.0,1,1793,
2514,100.0,1,1794,
2515,100.0,1,1795,
2516,100.0,1,1796,
2517,100.0,1,1797,
2518,100.0,1,1798,
2519,100.0,1,1799,
2520,100.0,1,1800,
2521,100.0,1,1801,
2522,100.0,1,1802,
2523,100.0,1,1803,
2524,100.0,1,1804,
2525,100.0,1,1805,
2526,100.0,1,1806,
2527,100.0,1,1807,
2528,100.0,1,1808,
2529,100.0,1,1809,
2530,100.0,1,1810,
2531,100.0,1,1811,
2532,100.0,1,1812,
2533,100.0,1,1813,
2534,100.0,1,1814,
2535,100.0,1,1815,
2536,100.0,1,1816,
2537,100.0,1,1817,
2538,100.0,1,1818,
2539,100.0,1,1819,
2540,100.0,1,1820,
2541,100.0,1,1821,
2542,100.0,1,1822,
2543,100.0,1,1823,
2544,100.0,1,1824,
2545,100.0,1,1825,
2546,100.0,1,1826,
2547,100.0,1,1827,
2548,100.0,1,1828,
2549,100.0,1,1829,
2550,100.0,1,1830,
2551,100.0,1,1831,
2552,100.0,1,1832,
2553,100.0,1,1833,
2554,100.0,1,1834,
2555,100.0,1,1835,
2556,100.0,1,1836,
2557,100.0,1,1837,
2558,100.0,1,1838,
2559,100.0,1,1839,
2560,100.0,1,1840,
2561,100.0,1,1841,
2562,100.0,1,1842,
2563,100.0,1,1843,
2564,100.0,1,1844,
2565,100.0,1,1845,
2566,100.0,1,1846,
2567,100.0,1,1847,
2568,100.0,1,1848,
2569,100.0,1,1849,
2570,100.0,1,1850,
2571,100.0,1,1851,
2572,100.0,1,1852,
2573,100.0,1,1853,
2574,100.0,1,1854,
2575,100.0,1,1855,
2576,100.0,1,1856,
2577,100.0,1,1857,
2578,100.0,1,1858,
2579,100.0,1,1859,
2580,100.0,1,1860,
2581,100.0,1,1861,
2582,100.0,1,1862,
2583,100.0,1,1863,
2584,100.0,1,1864,
2585,100.0,1,1865,
2586,100.0,1,1866,
2587,100.0,1,1867,
2588,100.0,1,1868,
2589,100.0,1,1869,
2590,100.0,1,1870,
2591,100.0,1,1871,
2592,100.0,1,1872,
2593,100.0,1,1873,
2594,100.0,1,1874,
2595,100.0,1,1875,
2596,100.0,1,1876,
2597,100.0,1,1877,
2598,100.0,1,1878,
2599,100.0,1,1879,
2600,100.0,1,1880,
2601,100.0,1,1881,
2602,100.0,1,1882,
2603,100.0,1,1883,
2604,100.0,1,1884,
2605,100.0,1,1885,
2606,100.0,1,1886,
2607,100.0,1,1887,
2608,100.0,1,1888,
2609,100.0,1,1889,
2610,100.0,1,1890,
2611,100.0,1,1891,
2612,100.0,1,1892,
2613,100.0,1,1893,
2614,100.0,1,1894,
2615,100.0,1,1895,
2616,100.0,1,1896,
2617,100.0,1,1897,
2618,100.0,1,1898,
2619,100.0,1,1899,
2620,100.0,1,1900,
2621,100.0,1,1901,
2622,100.0,1,1902,
2623,100.0,1,1903,
2624,100.0,1,1904,
2625,100.0,1,1905,
2626,100.0,1,1906,
2627,100.0,1,1907,
2628,100.0,1,1908,
2629,100.0,1,1909,
2630,100.0,1,1910,
2631,100.0,1,1911,
2632,100.0,1,1912,
2633,100.0,1,1913,
2634,100.0,1,1914,
2635,100.0,1,1915,
2636,100.0,1,1916,
2637,100.0,1,1917,
2638,100.0,1,1918,
2639,100.0,1,1919,
2640,100.0,1,1920,
2641,100.0,1,1921,
2642,100.0,1,1922,
2643,100.0,1,1923,
2644,100.0,1,1924,
2645,100.0,1,1925,
2646,100.0,1,1926,
2647,100.0,1,1927,
2648,100.0,1,1928,
2649,100.0,1,1929,
2650,100.0,1,1930,
2651,100.0,1,1931,
2652,100.0,1,1932,
2653,100.0,1,1933,
2654,100.0,1,1934,
2655,100.0,1,1935,
2656,100.0,1,1936,
2657,100.0,1,1937,
2658,100.0,1,1938,
2659,100.0,1,1939,
2660,100.0,1,1940,
2661,100.0,1,1941,
2662,100.0,1,1942,
2663,100.0,1,1943,
2664,100.0,1,1944,
2665,100.0,1,1945,
2666,100.0,1,1946,
2667,100.0,1,1947,
2668,100.0,1,1948,
2669,100.0,1,1949,
2670,100.0,1,1950,
2671,100.0,1,1951,
2672,100.0,1,1952,
2673,100.0,1,1953,
2674,100.0,1,1954,
2675,100.0,1,1955,
2676,100.0,1,1956,
2677,100.0,1,1957,
2678,100.0,1,1958,
2679,100.0,1,1959,
2680,100.0,1,1960,
2681,100.0,1,1961,
2682,100.0,1,1962,
2683,100.0,1,1963,
2684,100.0,1,1964,
2685,100.0,1,1965,
2686,100.0,1,1966,
2687,100.0,1,1967,
2688,100.0,1,1968,
2689,100.0,1,1969,
2690,100.0,1,1970,
2691,100.0,1,1971,
2692,100.0,1,1972,
2693,100.0,1,1973,
2694,100.0,1,1974,
2695,100.0,1,1975,
2696,100.0,1,1976,
2697,100.0,1,1977,
2698,100.0,1,1978,
2699,100.0,1,1979,
2700,100.0,1,1980,
2701,100.0,1,1981,
2702,100.0,1,1982,
2703,100.0,1,1983,
2704,100.0,1,1984,
2705,100.0,1,1985,
2706,100.0,1,1986,
2707,100.0,1,1987,
2708,100.0,1,1988,
2709,100.0,1,1989,
2710,100.0,1,1990,
2711,100.0,1,1991,
2712,100.0,1,1992,
2713,100.0,1,1993,
2714,100.0,1,1994,
2715,100.0,1,1995,
2716,100.0,1,1996,
2717,100.0,1,1997,
2718,100.0,1,1998,
2719,100.0,1,1999,
2720,100.0,1,2000,
2721,100.0,1,2001,
2722,100.0,1,2002,
2723,100.0,1,2003,
2724,100.0,1,2004,
2725,100.0,1,2005,
2726,100.0,1,2006,
2727,100.0,1,2007,
2728,100.0,1,2008,
2729,100.0,1,2009,
2730,100.0,1,2010,
2731,100.0,1,2011,
2732,100.0,1,2012,
2733,100.0,1,2013,
2734,100.0,1,2014,
2735,100.0,1,2015,
2736,100.0,1,2016,
2737,100.0,1,2017,
2738,100.0,1,2018,
2739,100.0,1,2019,
2740,100.0,1,2020,
2741,100.0,1,2021,
2742,100.0,1,2022,
2743,100.0,1,2023,
2744,100.0,1,2024,
2745,100.0,1,2025,
2746,100.0,1,2026,
2747,100.0,1,2027,
2748,100.0,1,2028,
2749,100.0,1,2029,
2750,100.0,1,2030,
2751,100.0,1,2031,
2752,100.0,1,2032,
2753,100.0,1,2033,
2754,100.0,1,2034,
2755,100.0,1,2035,
2756,100.0,1,2036,
2757,100.0,1,2037,
2758,100.0,1,2038,
2759,100.0,1,2039,
2760,100.0,1,2040,
2761,100.0,1,2041,
2762,100.0,1,2042,
2763,100.0,1,2043,
2764,100.0,1,2044,
2765,100.0,1,2045,
2766,100.0,1,2046,
2767,100.0,1,2047,
2768,100.0,1,2048,
2769,100.0,1,2049,
2770,100.0,1,2050,
2771,100.0,1,2051,
2772,100.0,1,2052,
2773,100.0,1,2053,
2774,100.0,1,2054,
2775,100.0,1,2055,
2776,100.0,1,2056,
2777,100.0,1,2057,
2778,100.0,1,2058,
2779,100.0,1,2059,
2780,100.0,1,2060,
2781,100.0,1,2061,
2782,100.0,1,2062,
2783,100.0,1,2063,
2784,100.0,1,2064,
2785,100.0,1,2065,
2786,100.0,1,2066,
2787,100.0,1,2067,
2788,100.0,1,2068,
2789,100.0,1,2069,
2790,100.0,1,2070,
2791,100.0,1,2071,
2792,100.0,1,2072,
2793,100.0,1,2073,
2794,100.0,1,2074,
2795,100.0,1,2075,
2796,100.0,1,2076,
2797,100.0,1,2077,
2798,100.0,1,2078,
2799,100.0,1,2079,
2800,100.0,1,2080,
2801,100.0,1,2081,
2802,100.0,1,2082,
2803,100.0,1,2083,
2804,100.0,1,2084,
2805,100.0,1,2085,
2806,100.0,1,2086,
2807,100.0,1,2087,
2808,100.0,1,2088,
2809,100.0,1,2089,
2810,100.0,1,2090,
2811,100.0,1,2091,
2812,100.0,1,2092,
2813,100.0,1,2093,
2814,100.0,1,2094,
2815,100.0,1,2095,
2816,100.0,1,2096,
2817,100.0,1,2097,
2818,100.0,1,2098,
2819,100.0,1,2099,
2820,100.0,1,2100,
2821,100.0,1,2101,
2822,100.0,1,2102,
2823,100.0,1,2103,
2824,100.0,1,2104,
2825,100.0,1,2105,
2826,100.0,1,2106,
2827,100.0,1,2107,
2828,100.0,1,2108,
2829,100.0,1,2109,
2830,100.0,1,2110,
2831,100.0,1,2111,
2832,100.0,1,2112,
2833,100.0,1,2113,
2834,100.0,1,2114,
2835,100.0,1,2115,
2836,100.0,1,2116,
2837,100.0,1,2117,
2838,100.0,1,2118,
2839,100.0,1,2119,
2840,100.0,1,2120,
2841,100.0,1,2121,
2842,100.0,1,2122,
2843,100.0,1,2123,
2844,100.0,1,2124,
2845,100.0,1,2125,
2846,100.0,1,2126,
2847,100.0,1,2127,
2848,100.0,1,2128,
2849,100.0,1,2129,
2850,100.0,1,2130,
2851,100.0,1,2131,
2852,100.0,1,2132,
2853,100.0,1,2133,
2854,100.0,1,2134,
2855,100.0,1,2135,
2856,100.0,1,2136,
2857,100.0,1,2137,
2858,100.0,1,2138,
2859,100.0,1,2139,
2860,100.0,1,2140,
2861,100.0,1,2141,
2862,100.0,1,2142,
2863,100.0,1,2143,
2864,100.0,1,2144,
2865,100.0,1,2145,
2866,100.0,1,2146,
2867,100.0,1,2147,
2868,100.0,1,2148,
2869,100.0,1,2149,
2870,100.0,1,2150,
2871,100.0,1,2151,
2872,100.0,1,2152,
2873,100.0,1,2153,
2874,100.0,1,2154,
2875,100.0,1,2155,
2876,100.0,1,2156,
2877,100.0,1,2157,
2878,100.0,1,2158,
2879,100.0,1,2159,
2880,100.0,1,2160,
2881,100.0,1,2161,
2882,100.0,1,2162,
2883,100.0,1,2163,
2884,100.0,1,2164,
2885,100.0,1,2165,
2886,100.0,1,2166,
2887,100.0,1,2167,
2888,100.0,1,2168,
2889,100.0,1,2169,
2890,100.0,1,2170,
2891,100.0,1,2171,
2892,100.0,1,2172,
2893,100.0,1,2173,
2894,100.0,1,2174,
2895,100.0,1,2175,
2896,100.0,1,2176,
2897,100.0,1,2177,
2898,100.0,1,2178,
2899,100.0,1,2179,
2900,100.0,1,2180,
2901,100.0,1,2181,
2902,100.0,1,2182,
2903,100.0,1,2183,
2904,100.0,1,2184,
2905,100.0,1,2185,
2906,100.0,1,2186,
2907,100.0,1,2187,
2908,100.0,1,2188,
2909,100.0,1,2189,
2910,100.0,1,2190,
2911,100.0,1,2191,
2912,100.0,1,2192,
2913,100.0,1,2193,
2914,100.0,1,2194,
2915,100.0,1,2195,
2916,100.0,1,2196,
2917,100.0,1,2197,
2918,100.0,1,2198,
2919,100.0,1,2199,
2920,100.0,1,2200,
2921,100.0,1,2201,
2922,100.0,1,2202,
2923,100.0,1,2203,
2924,100.0,1,2204,
2925,100.0,1,2205,
2926,100.0,1,2206,
2927,100.0,1,2207,
2928,100.0,1,2208,
2929,100.0,1,2209,
2930,100.0,1,2210,
2931,100.0,1,2211,
2932,100.0,1,2212,
2933,100.0,1,2213,
2934,100.0,1,2214,
2935,100.0,1,2215,
2936,100.0,1,2216,
2937,100.0,1,2217,
2938,100.0,1,2218,
2939,100.0,1,2219,
2940,100.0,1,2220,
2941,100.0,1,2221,
2942,100.0,1,2222,
2943,100.0,1,2223,
2944,100.0,1,2224,
2945,100.0,1,2225,
2946,100.0,1,2226,
2947,100.0,1,2227,
2948,100.0,1,2228,
2949,100.0,1,2229,
2950,100.0,1,2230,
2951,100.0,1,2231,
2952,100.0,1,2232,
2953,100.0,1,2233,
2954,100.0,1,2234,
2955,100.0,1,2235,
2956,100.0,1,2236,
2957,100.0,1,2237,
2958,100.0,1,2238,
2959,100.0,1,2239,
2960,100.0,1,2240,
2961,100.0,1,2241,
2962,100.0,1,2242,
2963,100.0,1,2243,
2964,100.0,1,2244,
2965,100.0,1,2245,
2966,100.0,1,2246,
2967,100.0,1,2247,
2968,100.0,1,2248,
2969,100.0,1,2249,
2970,100.0,1,2250,
2971,100.0,1,2251,
2972,100.0,1,2252,
2973,100.0,1,2253,
2974,100.0,1,2254,
2975,100.0,1,2255,
2976,100.0,1,2256,
2977,100.0,1,2257,
2978,100.0,1,2258,
2979,100.0,1,2259,
2980,100.0,1,2260,
2981,100.0,1,2261,
2982,100.0,1,2262,
2983,100.0,1,2263,
2984,100.0,1,2264,
2985,100.0,1,2265,
2986,100.0,1,2266,
2987,100.0,1,2267,
2988,100.0,1,2268,
2989,100.0,1,2269,
2990,100.0,1,2270,
2991,100.0,1,2271,
2992,100.0,1,2272,
2993,100.0,1,2273,
2994,100.0,1,2274,
2995,100.0,1,2275,
2996,100.0,1,2276,
2997,100.0,1,2277,
2998,100.0,1,2278,
2999,100.0,1,2279,
3000,100.0,1,2280,
3001,100.0,1,2281,
3002,100.0,1,2282,
3003,100.0,1,2283,
3004,100.0,1,2284,
3005,100.0,1,2285,
3006,100.0,1,2286,
3007,100.0,1,2287,
3008,100.0,1,2288,
3009,100.0,1,2289,
3010,100.0,1,2290,
3011,100.0,1,2291,
3012,100.0,1,2292,
3013,100.0,1,2293,
3014,100.0,1,2294,
3015,100.0,1,2295,
3016,100.0,1,2296,
3017,100.0,1,2297,
3018,100.0,1,2298,
3019,100.0,1,2299,
3020,100.0,1,2300,
3021,100.0,1,2301,
3022,100.0,1,2302,
3023,100.0,1,2303,
3024,100.0,1,2304,
3025,100.0,1,2305,
3026,100.0,1,2306,
3027,100.0,1,2307,
3028,100.0,1,2308,
3029,100.0,1,2309,
3030,100.0,1,2310,
3031,100.0,1,2311,
3032,100.0,1,2312,
3033,100.0,1,2313,
3034,100.0,1,2314,
3035,100.0,1,2315,
3036,100.0,1,2316,
3037,100.0,1,2317,
3038,100.0,1,2318,
3039,100.0,1,2319,
3040,100.0,1,2320,
3041,100.0,1,2321,
3042,100.0,1,2322,
3043,100.0,1,2323,
3044,100.0,1,2324,
3045,100.0,1,2325,
3046,100.0,1,2326,
3047,100.0,1,2327,
3048,100.0,1,2328,
3049,100.0,1,2329,
3050,100.0,1,2330,
3051,100.0,1,2331,
3052,100.0,1,2332,
3053,100.0,1,2333,
3054,100.0,1,2334,
3055,100.0,1,2335,
3056,100.0,1,2336,
3057,100.0,1,2337,
3058,100.0,1,2338,
3059,100.0,1,2339,
3060,100.0,1,2340,
3061,100.0,1,2341,
3062,100.0,1,2342,
3063,100.0,1,2343,
3064,50.0,4,2344,
3065,75.0,4,2345,
3066,66.66666666666667,3,2346,
3067,50.0,2,2347,
3068,100.0,1,2348,
3069,62.5,16,2349,
3070,62.5,16,2350,
3071,62.5,16,2351,
3072,81.25,16,2352,
3073,50.0,16,2353,
3074,62.5,16,2354,
3075,56.25,16,2355,
3076,87.5,16,2356,
3077,25.0,16,2357,
3078,31.25,16,2358,
3079,73.33333333333333,15,2359,
3080,85.71428571428571,14,2360,
3081,100.0,1,2361,
3082,100.0,1,2362,
3083,100.0,1,2363,
3084,100.0,1,2364,
3085,100.0,1,2365,
3086,100.0,1,2366,
3087,100.0,1,2367,
3088,50.0,16,2368,
3089,81.25,16,2369,
3090,50.0,16,2370,
3091,68.75,16,2371,
3092,60.0,5,2372,
3093,80.0,5,2373,
3094,60.0,5,2374,
3095,80.0,5,2375,
3096,60.0,5,2376,
3097,60.0,5,2377,
3098,37.5,16,2378,
3099,50.0,16,2379,
3100,37.5,16,2380,
3101,68.75,16,2381,
3102,56.25,16,2382,
3103,31.25,16,2383,
3104,68.75,16,2384,
3105,75.0,16,2385,
3106,93.75,16,2386,
3107,100.0,1,2387,
3108,100.0,1,2388,
3109,100.0,1,2389,
3110,100.0,1,2390,
3111,100.0,1,2391,
3112,100.0,1,2392,
3113,100.0,1,2393,
3114,100.0,1,2394,
3115,100.0,1,2395,
3116,100.0,1,2396,
3117,100.0,1,2397,
3118,100.0,1,2398,
3119,100.0,1,2399,
3120,100.0,1,2400,
3121,100.0,1,2401,
3122,100.0,1,2402,
3123,100.0,1,2403,
3124,100.0,1,2404,
3125,100.0,1,2405,
3126,100.0,1,2406,
3127,100.0,1,2407,
3128,100.0,1,2408,
3129,100.0,1,2409,
3130,100.0,1,2410,
3131,100.0,1,2411,
3132,100.0,1,2412,
3133,100.0,1,2413,
3134,100.0,1,2414,
3135,100.0,1,2415,
3136,100.0,1,2416,
3137,100.0,1,2417,
3138,100.0,1,2418,
3139,100.0,1,2419,
3140,100.0,1,2420,
3141,100.0,1,2421,
3142,100.0,1,2422,
3143,100.0,1,2423,
3144,100.0,1,2424,
3145,100.0,1,2425,
3146,100.0,1,2426,
3147,100.0,1,2427,
3148,100.0,1,2428,
3149,100.0,1,2429,
3150,100.0,1,2430,
3151,100.0,1,2431,
3152,100.0,1,2432,
3153,100.0,1,2433,
3154,100.0,1,2434,
3155,100.0,1,2435,
3156,100.0,1,2436,
3157,100.0,1,2437,
3158,100.0,1,2438,
3159,100.0,1,2439,
3160,100.0,1,2440,
3161,100.0,1,2441,
3162,100.0,1,2442,
3163,50.0,2,2443,
3164,50.0,2,2444,
3165,50.0,2,2445,
3166,100.0,2,2446,
3167,33.333333333333336,3,2447,
3168,68.75,16,2448,
3169,75.0,16,2449,
3170,100.0,16,2450,
3171,68.75,16,2451,
3172,93.75,16,2452,
3178,100.0,16,2453,
3179,100.0,16,2454,
3180,100.0,1,2455,
3181,100.0,1,2456,
3182,100.0,1,2457,
3183,100.0,1,2458,
3184,100.0,1,2459,
3185,100.0,1,2460,
3186,100.0,1,2461,
3187,100.0,1,2462,
3188,100.0,1,2463,
3189,100.0,1,2464,
3190,100.0,1,2465,
3191,100.0,1,2466,
3192,100.0,1,2467,
3193,100.0,1,2468,
3194,100.0,1,2469,
3195,100.0,1,2470,
3196,100.0,1,2471,
3197,100.0,1,2472,
3198,100.0,1,2473,
3199,100.0,1,2474,
3200,100.0,1,2475,
3201,100.0,1,2476,
3202,100.0,1,2477,
3203,100.0,1,2478,
3204,100.0,1,2479,
3205,100.0,1,2480,
3206,100.0,1,2481,
3207,100.0,1,2482,
3208,100.0,1,2483,
3209,100.0,1,2484,
3210,100.0,1,2485,
3211,100.0,1,2486,
3212,100.0,1,2487,
3213,100.0,1,2488,
3214,100.0,1,2489,
3215,100.0,1,2490,
3216,100.0,1,2491,
3217,100.0,1,2492,
3218,100.0,1,2493,
3219,100.0,1,2494,
3220,100.0,1,2495,
3221,100.0,1,2496,
3222,100.0,1,2497,
3223,100.0,1,2498,
3224,100.0,1,2499,
3225,100.0,1,2500,
3226,100.0,1,2501,
3227,100.0,1,2502,
3228,100.0,1,2503,
3229,100.0,1,2504,
3230,100.0,1,2505,
3231,100.0,1,2506,
3232,100.0,1,2507,
3233,100.0,1,2508,
3234,100.0,1,2509,
3235,100.0,1,2510,
3236,100.0,1,2511,
3237,100.0,1,2512,
3238,100.0,1,2513,
3239,100.0,1,2514,
3240,100.0,1,2515,
3241,100.0,1,2516,
3242,100.0,1,2517,
3243,93.75,16,2518,
3244,100.0,16,2519,
3245,100.0,16,2520,
3246,93.75,16,2521,
3247,93.75,16,2522,
3248,93.75,16,2523,
3249,100.0,16,2524,
3250,68.75,16,2525,
3251,50.0,2,2526,
3252,100.0,2,2527,
3253,50.0,2,2528,
3254,50.0,2,2529,
3255,50.0,2,2530,
3256,50.0,2,2531,
3257,50.0,2,2532,
3258,50.0,2,2533,
3259,50.0,2,2534,
3260,50.0,2,2535,
3261,50.0,2,2536,
3262,50.0,2,2537,
3263,50.0,2,2538,
3264,50.0,2,2539,
3265,50.0,2,2540,
3266,50.0,2,2541,
3267,50.0,2,2542,
3268,50.0,2,2543,
3269,50.0,2,2544,
3270,50.0,2,2545,
3271,50.0,2,2546,
3272,50.0,2,2547,
3273,50.0,2,2548,
3274,50.0,2,2549,
3275,100.0,2,2550,
3276,50.0,2,2551,
3277,50.0,2,2552,
3278,50.0,2,2553,
3279,50.0,2,2554,
3280,50.0,2,2555,
3281,50.0,2,2556,
3282,50.0,2,2557,
3283,50.0,2,2558,
3284,50.0,2,2559,
3285,50.0,2,2560,
3286,50.0,2,2561,
3287,50.0,2,2562,
3288,50.0,2,2563,
3289,50.0,2,2564,
3290,50.0,2,2565,
3291,50.0,2,2566,
3292,50.0,2,2567,
3293,50.0,2,2568,
3294,50.0,2,2569,
3295,50.0,2,2570,
3296,50.0,2,2571,
3297,50.0,2,2572,
3298,50.0,2,2573,
3299,50.0,2,2574,
3300,50.0,2,2575,
3301,50.0,2,2576,
3302,50.0,2,2577,
3303,50.0,2,2578,
3304,50.0,2,2579,
3305,50.0,2,2580,
3306,50.0,2,2581,
3307,50.0,2,2582,
3308,50.0,2,2583,
3309,50.0,2,2584,
3310,50.0,2,2585,
3311,50.0,2,2586,
3312,50.0,2,2587,
3313,50.0,2,2588,
3314,50.0,2,2589,
3315,50.0,2,2590,
3316,50.0,2,2591,
3317,50.0,2,2592,
3318,50.0,2,2593,
3319,50.0,2,2594,
3320,50.0,2,2595,
3321,100.0,1,2596,
3322,100.0,1,2597,
3323,100.0,1,2598,
3324,100.0,1,2599,
3325,100.0,1,2600,
3326,100.0,1,2601,
3327,100.0,1,2602,
3328,100.0,1,2603,
3329,100.0,1,2604,
3330,100.0,1,2605,
3331,100.0,1,2606,
3332,100.0,1,2607,
3333,100.0,1,2608,
3334,100.0,1,2609,
3335,100.0,1,2610,
3336,100.0,1,2611,
3337,100.0,1,2612,
3338,100.0,1,2613,
3339,100.0,1,2614,
3340,100.0,1,2615,
3341,100.0,1,2616,
3342,100.0,1,2617,
3343,100.0,1,2618,
3344,100.0,1,2619,
3345,100.0,1,2620,
3346,100.0,1,2621,
3347,100.0,1,2622,
3348,100.0,1,2623,
3349,100.0,1,2624,
3350,100.0,1,2625,
3351,100.0,1,2626,
3352,100.0,1,2627,
3353,100.0,1,2628,
3354,100.0,1,2629,
3355,100.0,1,2630,
3356,100.0,1,2631,
3357,100.0,1,2632,
3358,100.0,1,2633,
3359,100.0,1,2634,
3360,100.0,1,2635,
3361,100.0,1,2636,
3362,100.0,1,2637,
3363,100.0,1,2638,
3364,100.0,1,2639,
3365,100.0,1,2640,
3366,100.0,1,2641,
3367,100.0,1,2642,
3368,100.0,1,2643,
3369,100.0,1,2644,
3370,100.0,1,2645,
3371,100.0,1,2646,
3372,100.0,1,2647,
3373,100.0,1,2648,
3374,100.0,1,2649,
3375,100.0,1,2650,
3376,100.0,1,2651,
3377,100.0,1,2652,
3378,100.0,1,2653,
3379,100.0,1,2654,
3380,100.0,1,2655,
3381,100.0,1,2656,
3382,100.0,1,2657,
3383,100.0,1,2658,
3384,100.0,1,2659,
3385,100.0,1,2660,
3386,100.0,1,2661,
3387,100.0,1,2662,
3388,100.0,1,2663,
3389,100.0,1,2664,
3390,100.0,1,2665,
3391,100.0,1,2666,
3392,100.0,1,2667,
3393,100.0,1,2668,
3394,100.0,1,2669,
3395,100.0,1,2670,
3396,100.0,1,2671,
3397,100.0,1,2672,
3398,100.0,1,2673,
3399,100.0,1,2674,
3400,100.0,1,2675,
3401,100.0,1,2676,
3402,100.0,1,2677,
3403,100.0,1,2678,
3404,100.0,1,2679,
3405,100.0,1,2680,
3406,100.0,1,2681,
3407,100.0,1,2682,
3408,100.0,1,2683,
3409,100.0,1,2684,
3410,100.0,1,2685,
3411,100.0,1,2686,
3412,100.0,1,2687,
3413,100.0,1,2688,
3414,100.0,1,2689,
3415,100.0,1,2690,
3416,100.0,1,2691,
3417,100.0,1,2692,
3418,100.0,1,2693,
3419,100.0,1,2694,
3420,100.0,1,2695,
3421,100.0,1,2696,
3422,100.0,1,2697,
3423,100.0,1,2698,
3424,100.0,1,2699,
3425,100.0,1,2700,
3426,100.0,1,2701,
3427,100.0,1,2702,
3428,100.0,1,2703,
3429,100.0,1,2704,
3430,100.0,1,2705,
3431,100.0,1,2706,
3432,100.0,1,2707,
3433,100.0,1,2708,
3434,100.0,1,2709,
3435,100.0,1,2710,
3436,100.0,1,2711,
3437,100.0,1,2712,
3438,100.0,1,2713,
3439,100.0,1,2714,
3440,100.0,1,2715,
3441,100.0,1,2716,
3442,100.0,1,2717,
3443,100.0,1,2718,
3444,100.0,1,2719,
3445,100.0,1,2720,
3446,100.0,1,2721,
3447,100.0,1,2722,
3448,100.0,1,2723,
3449,100.0,1,2724,
3450,100.0,1,2725,
3451,100.0,1,2726,
3452,100.0,1,2727,
3453,100.0,1,2728,
3454,100.0,1,2729,
3455,100.0,1,2730,
3456,100.0,1,2731,
3457,100.0,1,2732,
3458,100.0,1,2733,
3459,100.0,1,2734,
3460,100.0,1,2735,
3461,100.0,1,2736,
3462,100.0,1,2737,
3463,100.0,1,2738,
3464,100.0,1,2739,
3465,100.0,1,2740,
3466,100.0,1,2741,
3467,100.0,1,2742,
3468,100.0,1,2743,
3469,100.0,1,2744,
3470,100.0,1,2745,
3471,100.0,1,2746,
3472,100.0,1,2747,
3473,100.0,1,2748,
3474,100.0,1,2749,
3475,100.0,1,2750,
3476,100.0,1,2751,
3477,100.0,1,2752,
3478,100.0,1,2753,
3479,100.0,1,2754,
3480,100.0,1,2755,
3481,100.0,1,2756,
3482,100.0,1,2757,
3483,100.0,1,2758,
3484,100.0,1,2759,
3485,100.0,1,2760,
3486,100.0,1,2761,
3487,100.0,1,2762,
3488,100.0,1,2763,
3489,100.0,1,2764,
3490,100.0,1,2765,
3491,100.0,1,2766,
3492,100.0,1,2767,
3493,100.0,1,2768,
3494,100.0,1,2769,
3495,100.0,1,2770,
3496,100.0,1,2771,
3497,100.0,1,2772,
3498,100.0,1,2773,
3499,100.0,1,2774,
3500,100.0,1,2775,
3501,100.0,1,2776,
3502,100.0,1,2777,
3503,100.0,1,2778,
3504,100.0,1,2779,
3505,100.0,1,2780,
3506,100.0,1,2781,
3507,100.0,1,2782,
3508,100.0,1,2783,
3509,100.0,1,2784,
3510,100.0,1,2785,
3511,100.0,1,2786,
3512,100.0,1,2787,
3513,100.0,1,2788,
3514,100.0,1,2789,
3515,100.0,1,2790,
3516,100.0,1,2791,
3517,100.0,1,2792,
3518,100.0,1,2793,
3519,100.0,1,2794,
3520,100.0,1,2795,
3521,100.0,1,2796,
3522,100.0,1,2797,
3523,100.0,1,2798,
3524,100.0,1,2799,
3525,100.0,1,2800,
3526,100.0,1,2801,
3527,100.0,1,2802,
3528,100.0,1,2803,
3529,100.0,1,2804,
3530,100.0,1,2805,
3531,100.0,1,2806,
3532,100.0,1,2807,
3533,100.0,1,2808,
3534,100.0,1,2809,
3535,100.0,1,2810,
3536,100.0,1,2811,
3537,100.0,1,2812,
3538,100.0,1,2813,
3539,100.0,1,2814,
3540,100.0,1,2815,
3541,100.0,1,2816,
3542,100.0,1,2817,
3543,100.0,1,2818,
3544,100.0,1,2819,
3545,100.0,1,2820,
3546,100.0,1,2821,
3547,100.0,1,2822,
3548,100.0,1,2823,
3549,100.0,1,2824,
3550,100.0,1,2825,
3551,100.0,1,2826,
3552,100.0,1,2827,
3553,100.0,1,2828,
3554,100.0,1,2829,
3555,100.0,1,2830,
3556,100.0,1,2831,
3557,100.0,1,2832,
3558,100.0,1,2833,
3559,100.0,1,2834,
3560,100.0,1,2835,
3561,100.0,1,2836,
3562,100.0,1,2837,
3563,100.0,1,2838,
3564,100.0,1,2839,
3565,100.0,1,2840,
3566,100.0,1,2841,
3567,100.0,1,2842,
3568,100.0,1,2843,
3569,100.0,1,2844,
3570,100.0,1,2845,
3571,100.0,1,2846,
3572,100.0,1,2847,
3573,100.0,1,2848,
3574,100.0,1,2849,
3575,100.0,1,2850,
3576,100.0,1,2851,
3577,100.0,1,2852,
3578,100.0,1,2853,
3579,100.0,1,2854,
3580,100.0,1,2855,
3581,100.0,1,2856,
3582,100.0,1,2857,
3583,100.0,1,2858,
3584,100.0,1,2859,
3585,100.0,1,2860,
3586,100.0,1,2861,
3587,100.0,1,2862,
3588,100.0,1,2863,
3589,100.0,1,2864,
3590,100.0,1,2865,
3591,100.0,1,2866,
3592,100.0,1,2867,
3593,100.0,1,2868,
3594,100.0,1,2869,
3595,100.0,1,2870,
3596,100.0,1,2871,
3597,100.0,1,2872,
3598,100.0,1,2873,
3599,100.0,1,2874,
3600,100.0,1,2875,
3601,100.0,1,2876,
3602,100.0,1,2877,
3603,100.0,1,2878,
3604,100.0,1,2879,
3605,100.0,1,2880,
3606,100.0,1,2881,
3607,100.0,1,2882,
3608,100.0,1,2883,
3609,100.0,1,2884,
3610,100.0,1,2885,
3611,100.0,1,2886,
3612,100.0,1,2887,
3613,100.0,1,2888,
3614,100.0,1,2889,
3615,100.0,1,2890,
3616,100.0,1,2891,
3617,100.0,1,2892,
3618,100.0,1,2893,
3619,100.0,1,2894,
3620,100.0,1,2895,
3621,100.0,1,2896,
3622,100.0,1,2897,
3623,100.0,1,2898,
3624,100.0,1,2899,
3625,100.0,1,2900,
3626,100.0,1,2901,
3627,100.0,1,2902,
3628,100.0,1,2903,
3629,100.0,1,2904,
3630,100.0,1,2905,
3631,100.0,1,2906,
3632,100.0,1,2907,
3633,100.0,1,2908,
3634,100.0,1,2909,
3635,100.0,1,2910,
3636,100.0,1,2911,
3637,100.0,1,2912,
3638,100.0,1,2913,
3639,100.0,1,2914,
3640,100.0,1,2915,
3641,100.0,1,2916,
3642,100.0,1,2917,
3643,100.0,1,2918,
3644,100.0,1,2919,
3645,100.0,1,2920,
3646,100.0,1,2921,
3647,100.0,1,2922,
3648,100.0,1,2923,
3649,100.0,1,2924,
3650,100.0,1,2925,
3651,100.0,1,2926,
3652,100.0,1,2927,
3653,100.0,1,2928,
3654,100.0,1,2929,
3655,100.0,1,2930,
3656,100.0,1,2931,
3657,100.0,1,2932,
3658,100.0,1,2933,
3659,100.0,1,2934,
3660,100.0,1,2935,
3661,100.0,1,2936,
3662,100.0,1,2937,
3663,100.0,1,2938,
3664,100.0,1,2939,
3665,100.0,1,2940,
3666,100.0,1,2941,
3667,100.0,1,2942,
3668,100.0,1,2943,
3669,100.0,1,2944,
3670,100.0,1,2945,
3671,100.0,1,2946,
3672,100.0,1,2947,
3673,100.0,1,2948,
3674,100.0,1,2949,
3675,100.0,1,2950,
3676,100.0,1,2951,
3677,100.0,1,2952,
3678,100.0,1,2953,
3679,100.0,1,2954,
3680,100.0,1,2955,
3681,100.0,1,2956,
3682,100.0,1,2957,
3683,100.0,1,2958,
3684,100.0,1,2959,
3685,100.0,1,2960,
3686,100.0,1,2961,
3687,100.0,1,2962,
3688,100.0,1,2963,
3689,100.0,1,2964,
3690,100.0,1,2965,
3691,100.0,1,2966,
3692,100.0,1,2967,
3693,100.0,1,2968,
3694,100.0,1,2969,
3695,100.0,1,2970,
3696,100.0,1,2971,
3697,100.0,1,2972,
