alignment_column,vertebrate_percent,invertebrate_percent,all_percent
1,,,
2,,,
3,,,
4,,,
5,,,
6,,,
7,,,
8,,,
9,,,
10,,,
11,,,
12,,,
13,,,
14,,,
15,,,
16,,,
17,,,
18,,,
19,,,
20,,,
21,,,
22,,,
23,,,
24,,,
25,,,
26,,,
27,,,
28,,,
29,,,
30,,,
31,,,
32,,,
33,,,
34,,,
35,,,
36,,,
37,,,
38,,,
39,,,
40,,,
41,,,
42,,,
43,,,
44,,,
45,,,
46,,,
47,,,
48,,,
49,,,
50,,,
51,,,
52,,,
53,,,
54,,,
55,,,
56,,,
57,,,
58,,,
59,,,
60,,,
61,,,
62,,,
63,,,
64,,,
65,,,
66,,,
67,,,
68,,,
69,,,
70,,,
71,,,
72,,,
73,,,
74,,,
75,,,
76,,,
77,,,
78,,,
79,,,
80,,,
81,,,
82,,,
83,,,
84,,,
85,,,
86,,,
87,,,
88,,,
89,,,
90,,,
91,,,
92,,,
93,,,
94,,,
95,,,
96,,,
97,,,
98,,,
99,,,
100,,,
101,,,
102,,,
103,,,
104,,,
105,,,
106,,,
107,,,
108,,,
109,,,
110,,,
111,,,
112,,,
113,,,
114,,,
115,,,
116,,,
117,,,
118,,,
119,,,
120,,,
121,,,
122,,,
123,,,
124,,,
125,,,
126,,,
127,,,
128,,,
129,,,
130,,,
131,,,
132,,,
133,,,
134,,,
135,,,
136,,,
137,,,
138,,,
139,,,
140,,,
141,,,
142,,,
143,,,
144,,,
145,,,
146,,,
147,,,
148,,,
149,,,
150,,,1.0
151,,,1.0
152,,,1.0
153,,,3.0
154,,,3.0
155,,,1.0
156,,,1.0
157,,,1.0
158,,,1.0
159,,,1.0
160,,,3.0
161,,,1.0
162,,,1.0
163,,,1.0
164,,,1.0
165,12.0,,6.0
166,12.0,,6.0
167,12.0,,6.0
168,12.0,,6.0
169,12.0,,6.0
170,12.0,,6.0
171,9.0,,4.0
172,12.0,,6.0
173,12.0,,6.0
174,12.0,,6.0
175,12.0,,6.0
176,12.0,,6.0
177,12.0,,6.0
178,12.0,,6.0
179,12.0,3.0,7.0
180,16.0,3.0,7.0
181,12.0,3.0,6.0
182,12.0,3.0,6.0
183,12.0,3.0,6.0
184,12.0,3.0,6.0
185,12.0,3.0,6.0
186,16.0,3.0,7.0
187,12.0,3.0,6.0
188,12.0,3.0,6.0
189,6.0,3.0,4.0
190,12.0,3.0,6.0
191,16.0,3.0,7.0
192,12.0,3.0,6.0
193,9.0,3.0,4.0
194,12.0,5.0,6.0
195,16.0,3.0,7.0
196,16.0,5.0,7.0
197,16.0,3.0,7.0
198,9.0,3.0,4.0
199,16.0,5.0,7.0
200,12.0,5.0,6.0
201,12.0,5.0,7.0
202,9.0,5.0,4.0
203,12.0,3.0,7.0
204,16.0,3.0,7.0
205,16.0,5.0,7.0
206,12.0,5.0,9.0
207,9.0,5.0,6.0
208,16.0,5.0,7.0
209,12.0,8.0,6.0
210,12.0,5.0,6.0
211,16.0,5.0,9.0
212,12.0,5.0,6.0
213,12.0,8.0,10.0
214,12.0,5.0,6.0
215,12.0,8.0,6.0
216,12.0,8.0,7.0
217,16.0,11.0,9.0
218,16.0,11.0,13.0
219,9.0,8.0,7.0
220,12.0,11.0,6.0
221,12.0,11.0,12.0
222,12.0,8.0,6.0
223,12.0,8.0,6.0
224,12.0,8.0,9.0
225,19.0,11.0,12.0
226,12.0,5.0,7.0
227,16.0,8.0,9.0
228,12.0,14.0,9.0
229,12.0,11.0,7.0
230,12.0,11.0,7.0
231,19.0,11.0,10.0
232,12.0,11.0,7.0
233,16.0,16.0,10.0
234,12.0,11.0,7.0
235,16.0,8.0,7.0
236,12.0,11.0,6.0
237,12.0,14.0,7.0
238,16.0,11.0,9.0
239,16.0,5.0,10.0
240,16.0,14.0,12.0
241,12.0,19.0,10.0
242,16.0,11.0,9.0
243,12.0,11.0,6.0
244,12.0,8.0,10.0
245,12.0,19.0,10.0
246,12.0,5.0,9.0
247,12.0,11.0,9.0
248,16.0,8.0,12.0
249,12.0,8.0,7.0
250,12.0,8.0,7.0
251,12.0,5.0,7.0
252,12.0,11.0,6.0
253,16.0,5.0,10.0
254,16.0,11.0,9.0
255,12.0,11.0,12.0
256,16.0,11.0,9.0
257,12.0,8.0,7.0
258,12.0,5.0,6.0
259,12.0,3.0,7.0
260,12.0,3.0,6.0
261,12.0,3.0,6.0
262,16.0,3.0,9.0
263,12.0,3.0,6.0
264,16.0,3.0,7.0
265,12.0,5.0,6.0
266,12.0,3.0,6.0
267,12.0,3.0,6.0
268,16.0,3.0,7.0
269,16.0,3.0,7.0
270,16.0,5.0,7.0
271,12.0,3.0,6.0
272,16.0,3.0,7.0
273,12.0,5.0,6.0
274,12.0,5.0,6.0
275,12.0,5.0,6.0
276,12.0,3.0,6.0
277,12.0,3.0,6.0
278,12.0,3.0,6.0
279,12.0,3.0,6.0
280,12.0,5.0,6.0
281,12.0,5.0,6.0
282,12.0,5.0,6.0
283,16.0,3.0,7.0
284,12.0,3.0,6.0
285,12.0,3.0,6.0
286,9.0,3.0,6.0
287,12.0,5.0,6.0
288,12.0,3.0,7.0
289,12.0,3.0,6.0
290,12.0,3.0,6.0
291,6.0,5.0,3.0
292,12.0,3.0,6.0
293,12.0,5.0,6.0
294,16.0,5.0,10.0
295,12.0,3.0,6.0
296,12.0,3.0,7.0
297,16.0,3.0,9.0
298,12.0,3.0,6.0
299,12.0,5.0,7.0
300,12.0,5.0,6.0
301,12.0,3.0,6.0
302,12.0,5.0,6.0
303,12.0,5.0,6.0
304,12.0,3.0,6.0
305,12.0,3.0,6.0
306,12.0,3.0,6.0
307,12.0,3.0,6.0
308,12.0,3.0,6.0
309,12.0,3.0,7.0
310,16.0,3.0,7.0
311,12.0,3.0,7.0
312,16.0,3.0,9.0
313,12.0,3.0,6.0
314,22.0,3.0,12.0
315,16.0,3.0,9.0
316,12.0,3.0,6.0
317,12.0,3.0,6.0
318,12.0,3.0,7.0
319,12.0,3.0,6.0
320,12.0,3.0,6.0
321,12.0,3.0,6.0
322,12.0,3.0,6.0
323,12.0,3.0,6.0
324,12.0,3.0,7.0
325,12.0,3.0,6.0
326,12.0,3.0,7.0
327,12.0,3.0,6.0
328,12.0,3.0,6.0
329,19.0,3.0,10.0
330,12.0,5.0,6.0
331,16.0,3.0,7.0
332,12.0,3.0,6.0
333,9.0,3.0,4.0
334,12.0,5.0,9.0
335,12.0,5.0,6.0
336,16.0,5.0,7.0
337,12.0,3.0,6.0
338,16.0,3.0,7.0
339,12.0,3.0,6.0
340,9.0,3.0,4.0
341,12.0,3.0,6.0
342,12.0,3.0,7.0
343,12.0,3.0,7.0
344,16.0,5.0,7.0
345,12.0,3.0,7.0
346,12.0,3.0,6.0
347,12.0,3.0,7.0
348,12.0,3.0,6.0
349,12.0,3.0,6.0
350,16.0,3.0,7.0
351,12.0,3.0,7.0
352,12.0,3.0,6.0
353,12.0,3.0,6.0
354,12.0,3.0,6.0
355,12.0,3.0,6.0
356,12.0,3.0,6.0
357,12.0,3.0,6.0
358,12.0,3.0,6.0
359,12.0,3.0,7.0
360,12.0,5.0,6.0
361,12.0,5.0,9.0
362,12.0,3.0,6.0
363,16.0,3.0,7.0
364,12.0,3.0,6.0
365,12.0,5.0,6.0
366,12.0,3.0,6.0
367,12.0,3.0,6.0
368,9.0,3.0,6.0
369,12.0,3.0,6.0
370,12.0,5.0,6.0
371,12.0,3.0,6.0
372,12.0,3.0,6.0
373,12.0,3.0,7.0
374,12.0,3.0,7.0
375,12.0,3.0,6.0
376,12.0,3.0,6.0
377,12.0,3.0,6.0
378,12.0,3.0,7.0
379,12.0,3.0,7.0
380,12.0,3.0,6.0
381,12.0,3.0,6.0
382,12.0,3.0,6.0
383,12.0,3.0,6.0
384,12.0,5.0,9.0
385,12.0,3.0,6.0
386,12.0,3.0,6.0
387,12.0,5.0,7.0
388,12.0,3.0,6.0
389,12.0,3.0,6.0
390,12.0,3.0,6.0
391,12.0,3.0,6.0
392,12.0,3.0,6.0
393,12.0,3.0,6.0
394,9.0,3.0,4.0
395,12.0,3.0,7.0
396,12.0,3.0,6.0
397,12.0,5.0,6.0
398,12.0,3.0,6.0
399,12.0,3.0,6.0
400,12.0,3.0,6.0
401,12.0,3.0,6.0
402,12.0,3.0,6.0
403,12.0,3.0,7.0
404,12.0,3.0,6.0
405,12.0,3.0,6.0
406,16.0,3.0,7.0
407,12.0,3.0,6.0
408,12.0,3.0,6.0
409,12.0,3.0,6.0
410,12.0,3.0,6.0
411,12.0,3.0,6.0
412,,3.0,1.0
413,,3.0,1.0
414,,3.0,1.0
415,,5.0,3.0
416,,3.0,1.0
417,,3.0,1.0
418,,5.0,3.0
419,,3.0,1.0
420,,3.0,1.0
421,,3.0,1.0
422,,3.0,1.0
423,,3.0,3.0
424,,3.0,1.0
425,,3.0,1.0
426,,3.0,1.0
427,,3.0,1.0
428,,3.0,1.0
429,,3.0,1.0
430,,3.0,3.0
431,,3.0,3.0
432,,3.0,1.0
433,,3.0,1.0
434,,3.0,1.0
435,,3.0,3.0
436,,3.0,1.0
437,,3.0,1.0
438,,3.0,1.0
439,,3.0,1.0
440,,5.0,3.0
441,,3.0,1.0
442,,3.0,1.0
443,,3.0,1.0
444,,3.0,1.0
445,,3.0,1.0
446,,3.0,1.0
447,,3.0,1.0
448,,3.0,1.0
449,,3.0,3.0
450,,3.0,1.0
451,,3.0,1.0
452,,3.0,1.0
453,,3.0,1.0
454,,3.0,1.0
455,,3.0,1.0
456,,3.0,1.0
457,,3.0,1.0
458,,3.0,1.0
459,,3.0,1.0
460,,3.0,1.0
461,,3.0,1.0
462,,,1.0
463,,,1.0
464,,,1.0
465,,,1.0
466,,,
467,,,
468,,,
469,,,
470,,,
471,,,
472,,,
473,,,
474,,,
475,,,
476,,,
477,,,
478,,,
479,,,
480,,,
481,,,
482,,,
483,,,
484,,,
485,,,
486,,,
487,,,
488,,,
489,,,
490,,,
491,,,
492,,,
493,,,
494,,,
495,,,
496,,,
497,,,
498,,,
499,,,
500,,,
501,,,
502,,,
503,,,
504,,,
505,,,
506,,,
507,,,
508,,,
509,,,
510,,,
511,,,
512,,,
513,,,
514,,,
515,,,
516,,,
517,,,
518,,,
519,,,
520,,,
521,,,
522,,,
523,,,
524,,,
525,,,
526,,,
527,,,
528,,,
529,,,
530,,,
531,,,
532,,,
533,,,
534,,,
535,,,
536,,,
537,,,
538,,,
539,,,
540,,,
541,,,
542,,,
543,,,
544,,,
545,,,
546,,,
547,,,
548,,,
549,,,
550,,,
551,,,
552,,,
553,,,
554,,,
555,,,
556,,,
557,,,
558,,,
559,,,
560,,,
561,,,
562,,,
563,,,
564,,,
565,,,
566,,,
567,,,
568,,,
569,,,
570,,,
571,,,
572,,,
573,,,
574,,,
575,,,
576,,,
577,,,
578,,,
579,,,
580,,,
581,,,
582,,,
583,,,
584,,,
585,,,
586,,,
587,,,
588,,,
589,,,
590,,,
591,,,
592,,,
593,,,
594,,,
595,,,
596,,,
597,,,
598,,,
599,,,
600,,,
601,,,
602,,,
603,,,
604,,,
605,,,
606,,,
607,,,
608,,,
609,,,
610,,,
611,,,
612,,,
613,,,
614,,,
615,,,
616,,,
617,,,
618,,,
619,,,
620,,,
621,,,
622,,,
623,,,
624,,,
625,,,
626,,,
627,,,
628,,,
629,,,
630,,,
631,,,
632,,,
633,,,
634,,,
635,,,
636,,,
637,,,
638,,,
639,,,
640,,,
641,,,
642,,,
643,,,
644,,,
645,,,
646,,,
647,,,
648,,,
649,,,
650,,,
651,,,
652,,,
653,,,
654,,,
655,,,
656,,,
657,,,
658,,,
659,,,
660,,,
661,,,
662,,,
663,,,
664,,,
665,,,
666,,,
667,,,
668,,,
669,,,
670,,,
671,,,
672,,,
673,,,
674,,,
675,,,
676,,,
677,,,
678,,,
679,,,
680,,,
681,,,
682,,,
683,,,
684,,,
685,,,
686,,,
687,,,
688,,,
689,,,
690,,,
691,,,
692,,,
693,,,
694,,,
695,,,
696,,,
697,,,
698,,,
699,,,
700,,,
701,,,
702,,,
703,,,
704,,,
705,,,
706,,,
707,,,
708,,,
709,,,
710,,,
711,,,
712,,,
713,,,
714,,,
715,,,
716,,,
717,,,
718,,,
719,,,
720,,,
721,,,
722,,,
723,,,
724,,,
725,,,
726,,,
727,,,
728,,,
729,,,
730,,,
731,,,
732,,,
733,,,
734,,,
735,,,
736,,,
737,,,
738,,,
739,,,
740,,,
741,,,
742,,,
743,,,
744,,,
745,,,
746,,,
747,,,
748,,,
749,,,
750,,,
751,,,
752,,,
753,,,
754,,,
755,,,
756,,,
757,,,
758,,,
759,,,
760,,,
761,,,
762,,,
763,,,
764,,,
765,,,
766,,,
767,,,
768,,,
769,,,
770,,,
771,,,
772,,,
773,,,
774,,,
775,,,
776,,,
777,,,
778,,,
779,,,
780,,,
781,,,
782,,,
783,,,
784,,,
785,,,
786,,,
787,,,
788,,,
789,,,
790,,,
791,,,
792,,,
793,,,
794,,,
795,,,
796,,,
797,,,
798,,,
799,,,
800,,,
801,,,
802,,,
803,,,
804,,,
805,,,
806,,,
807,,,
808,,,
809,,,
810,,,
811,,,
812,,,
813,,,
814,,,
815,,,
816,,,
817,,,
818,,,
819,,,
820,,,
821,,,
822,,,
823,,,
824,,,
825,,,
826,,,
827,,,
828,,,
829,,,
830,,,
831,,,
832,,,
833,,,
834,,,
835,,,
836,,,
837,,,
838,,,
839,,,
840,,,
841,,,
842,,,
843,,,
844,,,
845,,,
846,,,
847,,,
848,,,
849,,,
850,,,
851,,,
852,,,
853,,,
854,,,
855,,,
856,,,
857,,,
858,,,
859,,,
860,,,
861,,,
862,,,
863,,,
864,,,
865,,,
866,,,
867,,,
868,,,
869,,,
870,,,
871,,,
872,,,
873,,,
874,,,
875,,,
876,,,
877,,,
878,,,
879,,,
880,,,
881,,,
882,,,
883,,,
884,,,
885,,,
886,,,
887,,,
888,,,
889,,,
890,,,
891,,,
892,,,
893,,,
894,,,
895,,,
896,,,
897,,,
898,,,
899,,,
900,,,
901,,,
902,,,
903,,,
904,,,
905,,,
906,,,
907,,,
908,,,
909,,,
910,,,
911,,,
912,,,
913,,,
914,,,
915,,,
916,,,
917,,,
918,,,
919,,,
920,,,
921,,,
922,,,
923,,,
924,,,
925,,,
926,,,
927,,,
928,,,
929,,,
930,,,
931,,,
932,,,
933,,,
934,,,
935,,,
936,,,
937,,,
938,,,
939,,,
940,,,
941,,,
942,,,
943,,,
944,,,
945,,,
946,,,
947,,,
948,,,
949,,,
950,,,
951,,,
952,,,
953,,,
954,,,
955,,,
956,,,
957,,,
958,,,
959,,,
960,,,
961,,,
962,,,
963,,,
964,,,
965,,,
966,,,
967,,,
968,,,
969,,,
970,,,
971,,,
972,,,
973,,,
974,,,
975,,,
976,,,
977,,,
978,,,
979,,,
980,,,
981,,,
982,,,
983,,,
984,,,
985,,,
986,,,
987,,,
988,,,
989,,,
990,,,
991,,,
992,,,
993,,,
994,,,
995,,,
996,,,
997,,,
998,,,
999,,,
1000,,,
1001,,,
1002,,,
1003,,,
1004,,,
1005,,,
1006,,,
1007,,,
1008,,,
1009,,,
1010,,,
1011,,,
1012,,,
1013,,,
1014,,,
1015,,,
1016,,,
1017,,,
1018,,,
1019,,,
1020,,,
1021,,,
1022,,,
1023,,,
1024,,,
1025,,,
1026,,,
1027,,,
1028,,,
1029,,,
1030,,,
1031,,,
1032,,,
1033,,,
1034,,,
1035,,,
1036,6.0,,3.0
1037,3.0,,1.0
1038,3.0,,1.0
1039,3.0,,1.0
1040,3.0,,1.0
1041,3.0,,1.0
1042,3.0,,1.0
1043,3.0,,1.0
1044,12.0,3.0,6.0
1045,9.0,3.0,4.0
1046,12.0,3.0,6.0
1047,12.0,3.0,6.0
1048,9.0,3.0,6.0
1049,9.0,5.0,6.0
1050,9.0,3.0,4.0
1051,12.0,3.0,6.0
1052,19.0,3.0,9.0
1053,12.0,3.0,6.0
1054,25.0,3.0,12.0
1055,31.0,5.0,17.0
1056,22.0,5.0,10.0
1057,19.0,8.0,9.0
1058,78.0,5.0,38.0
1059,81.0,5.0,41.0
1060,69.0,8.0,36.0
1061,,3.0,1.0
1062,,5.0,3.0
1063,,3.0,1.0
1064,,3.0,1.0
1065,,3.0,1.0
1066,,5.0,3.0
1067,,,
1068,,,
1069,,,
1070,,,
1071,,,
1072,,,
1073,,,
1074,,,
1075,,,
1076,,,
1077,,,
1078,,,
1079,,,
1080,,,
1081,,,
1082,,,
1083,,,
1084,,,
1085,,,
1086,,,
1087,,,
1088,,,
1089,,,
1090,,,
1091,,,
1092,,,
1093,,,
1094,,,
1095,,,
1096,,,
1097,,,
1098,,,
1099,,,
1100,,,
1101,,,
1102,,,
1103,,,
1104,,,
1105,,,
1106,,3.0,1.0
1107,,3.0,1.0
1108,72.0,16.0,35.0
1109,56.0,11.0,32.0
1110,56.0,16.0,26.0
1111,75.0,16.0,43.0
1112,59.0,14.0,32.0
1113,62.0,14.0,36.0
1114,62.0,14.0,33.0
1115,78.0,19.0,46.0
1116,69.0,24.0,45.0
1117,75.0,11.0,39.0
1118,75.0,16.0,43.0
1119,78.0,11.0,39.0
1120,12.0,5.0,9.0
1121,9.0,8.0,7.0
1122,12.0,11.0,9.0
1123,12.0,8.0,9.0
1124,12.0,11.0,6.0
1125,12.0,11.0,7.0
1126,12.0,14.0,9.0
1127,6.0,19.0,13.0
1128,88.0,19.0,41.0
1129,56.0,22.0,28.0
1130,78.0,16.0,39.0
1131,12.0,11.0,6.0
1132,12.0,8.0,7.0
1133,12.0,5.0,6.0
1134,,5.0,3.0
1135,,11.0,6.0
1136,,11.0,6.0
1137,78.0,35.0,55.0
1138,81.0,16.0,41.0
1139,91.0,11.0,48.0
1140,62.0,14.0,36.0
1141,78.0,14.0,36.0
1142,78.0,14.0,43.0
1143,,,
1144,,,
1145,,,
1146,,,
1147,,,
1148,,,
1149,,,
1150,,3.0,1.0
1151,,3.0,1.0
1152,,3.0,1.0
1153,,3.0,1.0
1154,,3.0,1.0
1155,,3.0,1.0
1156,,3.0,1.0
1157,,3.0,1.0
1158,,3.0,1.0
1159,,3.0,1.0
1160,,3.0,1.0
1161,,3.0,1.0
1162,,3.0,1.0
1163,,3.0,1.0
1164,,5.0,3.0
1165,,3.0,1.0
1166,,3.0,1.0
1167,,3.0,1.0
1168,,3.0,1.0
1169,,3.0,1.0
1170,,3.0,1.0
1171,,3.0,1.0
1172,,3.0,1.0
1173,,5.0,3.0
1174,,5.0,3.0
1175,,5.0,3.0
1176,,5.0,3.0
1177,,8.0,4.0
1178,,5.0,3.0
1179,78.0,24.0,49.0
1180,75.0,14.0,36.0
1181,78.0,14.0,39.0
1182,78.0,11.0,41.0
1183,78.0,11.0,38.0
1184,78.0,16.0,45.0
1185,12.0,14.0,7.0
1186,16.0,24.0,13.0
1187,12.0,11.0,7.0
1188,16.0,14.0,13.0
1189,81.0,11.0,43.0
1190,78.0,24.0,49.0
1191,69.0,16.0,36.0
1192,75.0,22.0,46.0
1193,53.0,16.0,32.0
1194,12.0,8.0,6.0
1195,12.0,3.0,6.0
1196,12.0,3.0,6.0
1197,12.0,3.0,6.0
1198,9.0,5.0,4.0
1199,12.0,3.0,7.0
1200,12.0,3.0,7.0
1201,12.0,3.0,6.0
1202,78.0,16.0,45.0
1203,56.0,8.0,30.0
1204,66.0,16.0,39.0
1205,50.0,11.0,25.0
1206,34.0,11.0,22.0
1207,50.0,8.0,28.0
1208,44.0,11.0,20.0
1209,16.0,14.0,9.0
1210,12.0,19.0,10.0
1211,12.0,8.0,9.0
1212,16.0,16.0,9.0
1213,12.0,14.0,12.0
1214,72.0,14.0,38.0
1215,75.0,8.0,38.0
1216,50.0,14.0,25.0
1217,88.0,14.0,48.0
1218,84.0,16.0,48.0
1219,44.0,11.0,26.0
1220,72.0,14.0,41.0
1221,78.0,14.0,39.0
1222,62.0,8.0,32.0
1223,12.0,8.0,7.0
1224,16.0,8.0,9.0
1225,12.0,8.0,6.0
1226,12.0,5.0,6.0
1227,12.0,5.0,6.0
1228,12.0,5.0,6.0
1229,12.0,5.0,7.0
1230,12.0,5.0,7.0
1231,12.0,5.0,6.0
1232,16.0,5.0,7.0
1233,12.0,5.0,6.0
1234,6.0,5.0,6.0
1235,12.0,3.0,7.0
1236,12.0,3.0,6.0
1237,9.0,5.0,6.0
1238,16.0,5.0,7.0
1239,12.0,3.0,6.0
1240,12.0,3.0,6.0
1241,12.0,5.0,6.0
1242,12.0,3.0,6.0
1243,12.0,3.0,6.0
1244,12.0,5.0,6.0
1245,6.0,3.0,4.0
1246,12.0,3.0,6.0
1247,12.0,3.0,6.0
1248,66.0,3.0,30.0
1249,72.0,5.0,33.0
1250,12.0,5.0,6.0
1251,12.0,3.0,6.0
1252,12.0,5.0,6.0
1253,12.0,3.0,6.0
1254,12.0,3.0,6.0
1255,12.0,3.0,6.0
1256,88.0,19.0,51.0
1257,75.0,14.0,42.0
1258,66.0,19.0,33.0
1259,31.0,16.0,20.0
1260,72.0,16.0,38.0
1261,75.0,16.0,43.0
1262,75.0,14.0,38.0
1263,78.0,14.0,39.0
1264,78.0,19.0,38.0
1265,12.0,11.0,6.0
1266,81.0,16.0,41.0
1267,72.0,27.0,48.0
1268,69.0,16.0,41.0
1269,6.0,5.0,4.0
1270,12.0,5.0,7.0
1271,81.0,19.0,46.0
1272,81.0,19.0,48.0
1273,94.0,22.0,55.0
1274,,3.0,1.0
1275,,3.0,1.0
1276,,,
1277,,,
1278,,,
1279,,,
1280,,,
1281,,,
1282,,,
1283,,,
1284,,,
1285,,,
1286,,,
1287,,,
1288,,,
1289,,,
1290,,,
1291,,,
1292,,,
1293,,,
1294,,,
1295,,,
1296,,,
1297,,,
1298,,,
1299,,,
1300,,,
1301,,,
1302,,,
1303,,,
1304,,,
1305,,,
1306,,,
1307,,,
1308,,,
1309,,,
1310,,,
1311,,,
1312,,,
1313,,,
1314,,,
1315,,,
1316,,,
1317,,3.0,1.0
1318,,3.0,1.0
1319,,3.0,1.0
1320,78.0,14.0,38.0
1321,78.0,19.0,46.0
1322,94.0,16.0,52.0
1323,81.0,16.0,43.0
1324,81.0,14.0,41.0
1325,81.0,14.0,41.0
1326,88.0,16.0,46.0
1327,75.0,19.0,45.0
1328,84.0,14.0,46.0
1329,66.0,16.0,30.0
1330,69.0,27.0,46.0
1331,12.0,8.0,7.0
1332,12.0,8.0,9.0
1333,12.0,5.0,6.0
1334,12.0,8.0,6.0
1335,12.0,8.0,7.0
1336,12.0,8.0,6.0
1337,12.0,3.0,6.0
1338,16.0,5.0,10.0
1339,12.0,8.0,10.0
1340,12.0,5.0,6.0
1341,72.0,5.0,35.0
1342,34.0,3.0,17.0
1343,12.0,5.0,9.0
1344,12.0,5.0,6.0
1345,12.0,3.0,7.0
1346,12.0,5.0,6.0
1347,12.0,5.0,6.0
1348,12.0,3.0,6.0
1349,12.0,5.0,6.0
1350,,3.0,1.0
1351,,5.0,3.0
1352,,3.0,1.0
1353,,3.0,1.0
1354,,3.0,1.0
1355,,3.0,1.0
1356,,3.0,1.0
1357,,3.0,1.0
1358,,3.0,1.0
1359,,3.0,1.0
1360,,3.0,1.0
1361,,5.0,3.0
1362,,3.0,1.0
1363,,3.0,1.0
1364,,3.0,1.0
1365,78.0,14.0,42.0
1366,28.0,22.0,25.0
1367,47.0,19.0,32.0
1368,72.0,16.0,41.0
1369,44.0,14.0,23.0
1370,59.0,30.0,43.0
1371,72.0,14.0,33.0
1372,56.0,19.0,32.0
1373,12.0,11.0,7.0
1374,78.0,22.0,48.0
1375,84.0,27.0,54.0
1376,94.0,22.0,48.0
1377,94.0,19.0,51.0
1378,,5.0,3.0
1379,,5.0,3.0
1380,,5.0,3.0
1381,,3.0,1.0
1382,81.0,22.0,49.0
1383,97.0,16.0,49.0
1384,97.0,11.0,48.0
1385,97.0,22.0,57.0
1386,97.0,22.0,57.0
1387,,5.0,3.0
1388,,11.0,6.0
1389,81.0,22.0,46.0
1390,81.0,22.0,49.0
1391,97.0,19.0,49.0
1392,81.0,16.0,42.0
1393,,3.0,1.0
1394,,3.0,1.0
1395,,3.0,1.0
1396,,5.0,3.0
1397,,5.0,3.0
1398,81.0,14.0,45.0
1399,,3.0,1.0
1400,,3.0,1.0
1401,,3.0,1.0
1402,,3.0,1.0
1403,97.0,35.0,64.0
1404,97.0,16.0,54.0
1405,81.0,22.0,49.0
1406,12.0,11.0,10.0
1407,12.0,8.0,7.0
1408,19.0,8.0,9.0
1409,16.0,11.0,9.0
1410,75.0,11.0,35.0
1411,72.0,30.0,36.0
1412,72.0,22.0,36.0
1413,59.0,14.0,30.0
1414,94.0,51.0,71.0
1415,91.0,27.0,57.0
1416,81.0,14.0,45.0
1417,81.0,19.0,48.0
1418,,,
1419,,,
1420,,,
1421,,,
1422,,,
1423,,,
1424,,,
1425,97.0,14.0,52.0
1426,97.0,11.0,46.0
1427,91.0,11.0,45.0
1428,78.0,16.0,45.0
1429,,3.0,1.0
1430,,3.0,1.0
1431,,3.0,1.0
1432,,3.0,1.0
1433,,3.0,1.0
1434,,3.0,1.0
1435,,3.0,1.0
1436,,3.0,1.0
1437,,3.0,1.0
1438,,3.0,1.0
1439,,3.0,1.0
1440,,3.0,1.0
1441,,3.0,1.0
1442,,3.0,1.0
1443,,3.0,1.0
1444,,5.0,3.0
1445,,3.0,1.0
1446,,3.0,1.0
1447,,3.0,1.0
1448,,3.0,1.0
1449,,8.0,4.0
1450,,3.0,1.0
1451,12.0,3.0,7.0
1452,12.0,3.0,6.0
1453,12.0,5.0,7.0
1454,12.0,5.0,6.0
1455,12.0,5.0,6.0
1456,12.0,5.0,9.0
1457,12.0,5.0,6.0
1458,12.0,5.0,7.0
1459,12.0,5.0,6.0
1460,12.0,5.0,6.0
1461,12.0,5.0,6.0
1462,12.0,3.0,7.0
1463,12.0,3.0,6.0
1464,12.0,5.0,6.0
1465,12.0,11.0,7.0
1466,69.0,14.0,35.0
1467,69.0,14.0,35.0
1468,66.0,14.0,36.0
1469,66.0,16.0,39.0
1470,47.0,14.0,26.0
1471,88.0,14.0,45.0
1472,84.0,16.0,45.0
1473,88.0,16.0,49.0
1474,69.0,11.0,33.0
1475,72.0,16.0,42.0
1476,72.0,16.0,42.0
1477,72.0,16.0,38.0
1478,78.0,19.0,45.0
1479,56.0,16.0,35.0
1480,,,
1481,,,
1482,,,
1483,,,
1484,,,
1485,,,
1486,,,
1487,,,
1488,,,
1489,,,1.0
1490,,,1.0
1491,,,1.0
1492,,,1.0
1493,,,1.0
1494,,,1.0
1495,,,1.0
1496,,,1.0
1497,,,1.0
1498,,,1.0
1499,75.0,14.0,42.0
1500,12.0,5.0,6.0
1501,12.0,8.0,6.0
1502,12.0,5.0,6.0
1503,12.0,5.0,6.0
1504,81.0,8.0,38.0
1505,69.0,11.0,35.0
1506,72.0,27.0,48.0
1507,12.0,11.0,7.0
1508,12.0,8.0,6.0
1509,12.0,5.0,6.0
1510,12.0,5.0,6.0
1511,12.0,5.0,9.0
1512,12.0,8.0,7.0
1513,16.0,5.0,7.0
1514,12.0,5.0,6.0
1515,12.0,3.0,7.0
1516,12.0,5.0,6.0
1517,12.0,5.0,6.0
1518,12.0,5.0,9.0
1519,12.0,8.0,6.0
1520,66.0,14.0,32.0
1521,72.0,11.0,39.0
1522,75.0,11.0,41.0
1523,75.0,11.0,39.0
1524,12.0,5.0,7.0
1525,12.0,5.0,6.0
1526,12.0,8.0,6.0
1527,12.0,5.0,7.0
1528,75.0,19.0,38.0
1529,66.0,22.0,42.0
1530,66.0,11.0,36.0
1531,75.0,27.0,39.0
1532,38.0,16.0,23.0
1533,75.0,32.0,52.0
1534,88.0,14.0,43.0
1535,12.0,,6.0
1536,12.0,,6.0
1537,16.0,,7.0
1538,12.0,,6.0
1539,16.0,,7.0
1540,16.0,,7.0
1541,12.0,,6.0
1542,12.0,5.0,6.0
1543,12.0,3.0,7.0
1544,12.0,3.0,6.0
1545,16.0,3.0,7.0
1546,12.0,3.0,6.0
1547,12.0,3.0,6.0
1548,16.0,5.0,7.0
1549,12.0,3.0,6.0
1550,12.0,3.0,7.0
1551,12.0,3.0,6.0
1552,12.0,3.0,7.0
1553,12.0,3.0,6.0
1554,12.0,3.0,6.0
1555,12.0,5.0,6.0
1556,12.0,5.0,6.0
1557,12.0,5.0,6.0
1558,12.0,3.0,6.0
1559,12.0,3.0,7.0
1560,12.0,5.0,6.0
1561,6.0,5.0,4.0
1562,12.0,8.0,6.0
1563,53.0,16.0,26.0
1564,69.0,14.0,38.0
1565,69.0,19.0,42.0
1566,88.0,16.0,49.0
1567,84.0,35.0,58.0
1568,,3.0,1.0
1569,,3.0,1.0
1570,,3.0,1.0
1571,,3.0,1.0
1572,,3.0,1.0
1573,62.0,11.0,30.0
1574,97.0,16.0,52.0
1575,81.0,16.0,45.0
1576,97.0,19.0,46.0
1577,97.0,16.0,48.0
1578,97.0,19.0,51.0
1579,97.0,24.0,58.0
1580,97.0,16.0,49.0
1581,97.0,19.0,51.0
1582,,8.0,4.0
1583,94.0,14.0,49.0
1584,97.0,22.0,57.0
1585,81.0,19.0,45.0
1586,,11.0,6.0
1587,97.0,11.0,46.0
1588,97.0,30.0,61.0
1589,97.0,19.0,55.0
1590,,5.0,3.0
1591,97.0,14.0,51.0
1592,,16.0,9.0
1593,,5.0,3.0
1594,,8.0,4.0
1595,97.0,24.0,58.0
1596,97.0,16.0,54.0
1597,81.0,14.0,39.0
1598,97.0,24.0,58.0
1599,,8.0,4.0
1600,97.0,51.0,72.0
1601,97.0,35.0,64.0
1602,84.0,14.0,46.0
1603,94.0,11.0,46.0
1604,,8.0,4.0
1605,,8.0,4.0
1606,,11.0,6.0
1607,,8.0,6.0
1608,,11.0,6.0
1609,,8.0,4.0
1610,,8.0,6.0
1611,12.0,8.0,9.0
1612,12.0,11.0,10.0
1613,81.0,11.0,38.0
1614,69.0,14.0,39.0
1615,81.0,16.0,46.0
1616,75.0,11.0,38.0
1617,72.0,14.0,41.0
1618,75.0,16.0,41.0
1619,12.0,14.0,7.0
1620,12.0,14.0,9.0
1621,12.0,11.0,6.0
1622,69.0,19.0,32.0
1623,12.0,14.0,7.0
1624,16.0,11.0,9.0
1625,12.0,11.0,7.0
1626,12.0,11.0,6.0
1627,12.0,14.0,7.0
1628,12.0,11.0,6.0
1629,12.0,11.0,12.0
1630,12.0,8.0,7.0
1631,12.0,11.0,6.0
1632,12.0,8.0,7.0
1633,12.0,8.0,6.0
1634,12.0,5.0,9.0
1635,12.0,8.0,7.0
1636,44.0,14.0,28.0
1637,81.0,8.0,39.0
1638,69.0,8.0,32.0
1639,12.0,5.0,9.0
1640,3.0,8.0,4.0
1641,3.0,8.0,4.0
1642,3.0,5.0,4.0
1643,3.0,8.0,4.0
1644,3.0,11.0,6.0
1645,3.0,5.0,4.0
1646,6.0,5.0,3.0
1647,3.0,8.0,6.0
1648,3.0,5.0,3.0
1649,,3.0,1.0
1650,,3.0,1.0
1651,,,
1652,3.0,,1.0
1653,6.0,,3.0
1654,3.0,,1.0
1655,,,
1656,,,
1657,,,
1658,,,
1659,,,
1660,,,
1661,,,
1662,,,
1663,3.0,,1.0
1664,3.0,,1.0
1665,3.0,,1.0
1666,6.0,,3.0
1667,3.0,,1.0
1668,91.0,14.0,48.0
1669,66.0,16.0,36.0
1670,69.0,19.0,36.0
1671,38.0,14.0,19.0
1672,81.0,16.0,39.0
1673,72.0,19.0,43.0
1674,94.0,19.0,43.0
1675,97.0,19.0,52.0
1676,97.0,14.0,52.0
1677,91.0,24.0,45.0
1678,,3.0,1.0
1679,,3.0,1.0
1680,,3.0,1.0
1681,,3.0,1.0
1682,,3.0,1.0
1683,,3.0,1.0
1684,,3.0,1.0
1685,,3.0,1.0
1686,,3.0,1.0
1687,,3.0,1.0
1688,,5.0,3.0
1689,,3.0,1.0
1690,,3.0,1.0
1691,,3.0,1.0
1692,,3.0,1.0
1693,94.0,41.0,65.0
1694,84.0,35.0,58.0
1695,81.0,22.0,41.0
1696,,27.0,14.0
1697,,24.0,14.0
1698,94.0,22.0,52.0
1699,53.0,19.0,28.0
1700,94.0,30.0,57.0
1701,97.0,24.0,49.0
1702,16.0,22.0,12.0
1703,56.0,14.0,33.0
1704,81.0,16.0,42.0
1705,97.0,19.0,51.0
1706,50.0,41.0,30.0
1707,84.0,27.0,45.0
1708,,3.0,1.0
1709,,5.0,3.0
1710,,5.0,3.0
1711,,3.0,1.0
1712,,22.0,12.0
1713,97.0,5.0,48.0
1714,75.0,8.0,39.0
1715,94.0,24.0,48.0
1716,97.0,24.0,58.0
1717,97.0,27.0,54.0
1718,,14.0,7.0
1719,97.0,24.0,58.0
1720,69.0,16.0,41.0
1721,72.0,24.0,38.0
1722,12.0,22.0,12.0
1723,12.0,22.0,12.0
1724,12.0,16.0,9.0
1725,12.0,11.0,6.0
1726,12.0,16.0,9.0
1727,12.0,8.0,6.0
1728,12.0,8.0,6.0
1729,12.0,5.0,6.0
1730,12.0,3.0,6.0
1731,12.0,5.0,6.0
1732,12.0,5.0,6.0
1733,12.0,5.0,6.0
1734,12.0,5.0,6.0
1735,12.0,3.0,6.0
1736,12.0,3.0,6.0
1737,12.0,5.0,7.0
1738,12.0,8.0,6.0
1739,75.0,30.0,51.0
1740,72.0,35.0,52.0
1741,16.0,11.0,10.0
1742,78.0,16.0,41.0
1743,94.0,14.0,51.0
1744,,5.0,3.0
1745,,5.0,3.0
1746,,5.0,3.0
1747,,5.0,3.0
1748,,5.0,3.0
1749,,3.0,1.0
1750,,3.0,1.0
1751,,3.0,1.0
1752,,,
1753,,,
1754,75.0,14.0,38.0
1755,97.0,35.0,64.0
1756,75.0,14.0,35.0
1757,97.0,35.0,64.0
1758,97.0,49.0,71.0
1759,97.0,54.0,74.0
1760,97.0,43.0,68.0
1761,97.0,65.0,80.0
1762,97.0,22.0,57.0
1763,,5.0,3.0
1764,,5.0,3.0
1765,,3.0,1.0
1766,,5.0,3.0
1767,,8.0,4.0
1768,,8.0,4.0
1769,,3.0,1.0
1770,,11.0,6.0
1771,81.0,30.0,54.0
1772,94.0,22.0,55.0
1773,94.0,11.0,43.0
1774,81.0,11.0,38.0
1775,97.0,27.0,59.0
1776,94.0,41.0,65.0
1777,84.0,16.0,41.0
1778,94.0,11.0,46.0
1779,12.0,11.0,7.0
1780,97.0,11.0,51.0
1781,69.0,11.0,38.0
1782,,3.0,1.0
1783,,,1.0
1784,97.0,22.0,54.0
1785,81.0,19.0,38.0
1786,75.0,14.0,38.0
1787,97.0,27.0,57.0
1788,97.0,27.0,48.0
1789,75.0,27.0,38.0
1790,81.0,22.0,38.0
1791,81.0,24.0,43.0
1792,75.0,22.0,39.0
1793,81.0,16.0,39.0
1794,97.0,30.0,61.0
1795,97.0,24.0,51.0
1796,97.0,16.0,49.0
1797,97.0,22.0,52.0
1798,97.0,30.0,54.0
1799,91.0,16.0,48.0
1800,84.0,24.0,51.0
1801,97.0,24.0,58.0
1802,97.0,22.0,57.0
1803,97.0,22.0,49.0
1804,,,
1805,,,
1806,,,
1807,,,
1808,,5.0,3.0
1809,94.0,22.0,51.0
1810,62.0,30.0,38.0
1811,47.0,35.0,25.0
1812,62.0,24.0,30.0
1813,62.0,30.0,45.0
1814,62.0,32.0,29.0
1815,,5.0,3.0
1816,,5.0,3.0
1817,,5.0,3.0
1818,,3.0,1.0
1819,62.0,35.0,38.0
1820,62.0,30.0,42.0
1821,66.0,86.0,77.0
1822,62.0,32.0,29.0
1823,62.0,32.0,33.0
1824,66.0,89.0,78.0
1825,62.0,32.0,36.0
1826,66.0,49.0,57.0
1827,62.0,51.0,57.0
1828,62.0,43.0,35.0
1829,62.0,24.0,42.0
1830,62.0,38.0,46.0
1831,62.0,35.0,48.0
1832,66.0,27.0,38.0
1833,62.0,38.0,35.0
1834,66.0,89.0,78.0
1835,62.0,19.0,29.0
1836,66.0,68.0,67.0
1837,66.0,89.0,78.0
1838,62.0,51.0,57.0
1839,62.0,57.0,59.0
1840,62.0,43.0,52.0
1841,62.0,86.0,75.0
1842,,5.0,3.0
1843,,3.0,1.0
1844,62.0,46.0,54.0
1845,62.0,30.0,41.0
1846,62.0,70.0,67.0
1847,,3.0,1.0
1848,62.0,57.0,59.0
1849,66.0,84.0,75.0
1850,66.0,38.0,51.0
1851,47.0,62.0,55.0
1852,66.0,95.0,81.0
1853,62.0,27.0,38.0
1854,62.0,32.0,36.0
1855,66.0,95.0,81.0
1856,50.0,49.0,30.0
1857,62.0,59.0,61.0
1858,62.0,27.0,41.0
1859,66.0,92.0,80.0
1860,66.0,38.0,43.0
1861,62.0,57.0,59.0
1862,62.0,24.0,29.0
1863,62.0,38.0,39.0
1864,62.0,49.0,36.0
1865,66.0,89.0,78.0
1866,62.0,49.0,39.0
1867,62.0,65.0,64.0
1868,66.0,95.0,81.0
1869,47.0,27.0,33.0
1870,62.0,62.0,62.0
1871,62.0,68.0,65.0
1872,,3.0,1.0
1873,,3.0,1.0
1874,66.0,92.0,80.0
1875,66.0,65.0,65.0
1876,97.0,92.0,94.0
1877,94.0,32.0,57.0
1878,72.0,65.0,49.0
1879,97.0,95.0,96.0
1880,94.0,51.0,71.0
1881,94.0,54.0,72.0
1882,97.0,95.0,96.0
1883,,5.0,3.0
1884,,3.0,1.0
1885,75.0,38.0,38.0
1886,78.0,19.0,41.0
1887,97.0,100.0,99.0
1888,94.0,35.0,48.0
1889,94.0,30.0,54.0
1890,94.0,51.0,71.0
1891,94.0,97.0,96.0
1892,94.0,46.0,54.0
1893,94.0,68.0,80.0
1894,94.0,70.0,81.0
1895,94.0,92.0,93.0
1896,94.0,68.0,80.0
1897,97.0,97.0,97.0
1898,94.0,41.0,65.0
1899,91.0,73.0,81.0
1900,94.0,100.0,97.0
1901,91.0,41.0,48.0
1902,94.0,76.0,84.0
1903,91.0,68.0,78.0
1904,75.0,30.0,48.0
1905,,3.0,1.0
1906,,3.0,1.0
1907,,3.0,1.0
1908,,5.0,3.0
1909,,5.0,3.0
1910,,3.0,1.0
1911,,3.0,1.0
1912,,5.0,3.0
1913,,3.0,1.0
1914,,3.0,1.0
1915,,5.0,3.0
1916,,3.0,1.0
1917,,5.0,3.0
1918,,3.0,1.0
1919,,5.0,3.0
1920,,3.0,1.0
1921,,3.0,1.0
1922,,3.0,1.0
1923,,3.0,1.0
1924,,3.0,1.0
1925,,3.0,1.0
1926,,3.0,1.0
1927,,5.0,3.0
1928,,5.0,3.0
1929,,3.0,1.0
1930,,5.0,3.0
1931,,3.0,1.0
1932,,,
1933,94.0,100.0,97.0
1934,91.0,89.0,90.0
1935,91.0,46.0,67.0
1936,94.0,95.0,94.0
1937,91.0,92.0,91.0
1938,94.0,92.0,93.0
1939,91.0,62.0,52.0
1940,94.0,59.0,75.0
1941,94.0,100.0,97.0
1942,91.0,46.0,46.0
1943,91.0,30.0,49.0
1944,94.0,100.0,97.0
1945,91.0,54.0,71.0
1946,91.0,70.0,80.0
1947,88.0,62.0,74.0
1948,91.0,70.0,80.0
1949,91.0,68.0,78.0
1950,91.0,70.0,80.0
1951,84.0,46.0,39.0
1952,88.0,78.0,83.0
1953,88.0,68.0,77.0
1954,91.0,92.0,91.0
1955,88.0,59.0,72.0
1956,88.0,78.0,83.0
1957,91.0,100.0,96.0
1958,88.0,43.0,45.0
1959,88.0,84.0,86.0
1960,88.0,49.0,67.0
1961,91.0,97.0,94.0
1962,,,1.0
1963,88.0,95.0,91.0
1964,91.0,100.0,96.0
1965,88.0,95.0,91.0
1966,91.0,68.0,78.0
1967,88.0,97.0,93.0
1968,91.0,73.0,57.0
1969,88.0,51.0,68.0
1970,91.0,97.0,94.0
1971,72.0,35.0,39.0
1972,88.0,35.0,46.0
1973,91.0,97.0,94.0
1974,88.0,27.0,48.0
1975,91.0,54.0,71.0
1976,88.0,73.0,80.0
1977,91.0,57.0,72.0
1978,88.0,43.0,42.0
1979,88.0,65.0,75.0
1980,88.0,35.0,59.0
1981,88.0,35.0,55.0
1982,88.0,54.0,70.0
1983,94.0,97.0,96.0
1984,,,
1985,91.0,84.0,87.0
1986,91.0,76.0,83.0
1987,94.0,100.0,97.0
1988,88.0,57.0,51.0
1989,88.0,68.0,77.0
1990,88.0,35.0,59.0
1991,,5.0,3.0
1992,91.0,97.0,94.0
1993,88.0,89.0,49.0
1994,,,
1995,,,
1996,,,
1997,,,
1998,,,
1999,,,
2000,,,
2001,,3.0,1.0
2002,91.0,95.0,93.0
2003,88.0,95.0,91.0
2004,88.0,86.0,87.0
2005,91.0,86.0,88.0
2006,88.0,78.0,83.0
2007,88.0,46.0,65.0
2008,91.0,100.0,96.0
2009,72.0,38.0,33.0
2010,75.0,27.0,49.0
2011,91.0,100.0,96.0
2012,84.0,24.0,52.0
2013,88.0,32.0,58.0
2014,88.0,46.0,65.0
2015,91.0,92.0,91.0
2016,88.0,68.0,77.0
2017,88.0,76.0,81.0
2018,88.0,54.0,70.0
2019,91.0,43.0,65.0
2020,91.0,81.0,45.0
2021,88.0,86.0,48.0
2022,91.0,81.0,86.0
2023,88.0,35.0,51.0
2024,,,
2025,94.0,100.0,97.0
2026,72.0,30.0,41.0
2027,88.0,49.0,67.0
2028,88.0,43.0,51.0
2029,88.0,19.0,41.0
2030,91.0,81.0,86.0
2031,88.0,41.0,62.0
2032,75.0,70.0,41.0
2033,88.0,30.0,54.0
2034,88.0,57.0,41.0
2035,72.0,95.0,59.0
2036,88.0,30.0,46.0
2037,75.0,51.0,62.0
2038,88.0,35.0,43.0
2039,91.0,95.0,93.0
2040,91.0,43.0,43.0
2041,91.0,35.0,43.0
2042,91.0,95.0,93.0
2043,91.0,46.0,48.0
2044,72.0,51.0,61.0
2045,88.0,46.0,41.0
2046,91.0,41.0,42.0
2047,88.0,59.0,43.0
2048,88.0,73.0,80.0
2049,88.0,65.0,75.0
2050,88.0,38.0,57.0
2051,88.0,65.0,75.0
2052,94.0,92.0,93.0
2053,88.0,43.0,41.0
2054,91.0,32.0,49.0
2055,94.0,95.0,94.0
2056,91.0,41.0,52.0
2057,91.0,30.0,57.0
2058,,,
2059,,,
2060,,,
2061,,,
2062,,,
2063,,,
2064,,,
2065,,,
2066,,,
2067,,,
2068,,,
2069,,,
2070,,,
2071,,,
2072,,,
2073,,,
2074,,,
2075,,,
2076,,,
2077,,,
2078,,,
2079,,,
2080,,,
2081,,,
2082,,,
2083,,,
2084,,,
2085,,,
2086,,,
2087,,,
2088,,,
2089,,,
2090,,,
2091,,,
2092,,,
2093,,,
2094,,,
2095,,,
2096,,,
2097,,,
2098,,,
2099,,,
2100,,,
2101,,,
2102,,,
2103,,,
2104,,,
2105,,,
2106,,,
2107,,,
2108,,,
2109,,,
2110,,,
2111,,,
2112,,,
2113,,,
2114,,,
2115,,,
2116,,,
2117,,,
2118,,,
2119,,,
2120,,,
2121,,,
2122,,,
2123,,,
2124,,,
2125,,,
2126,,,
2127,,,
2128,,,
2129,,,
2130,,,
2131,,,
2132,,,
2133,,,
2134,,,
2135,,,
2136,,,
2137,,,
2138,,,
2139,,,
2140,,,
2141,,,
2142,,,
2143,,,
2144,,,
2145,,,
2146,,,
2147,,,
2148,,,
2149,,,
2150,,,
2151,,,
2152,,,
2153,,,
2154,,,
2155,,,
2156,,,
2157,,,
2158,,,
2159,,,
2160,,,
2161,,,
2162,,,
2163,,,
2164,,,
2165,,,
2166,,,
2167,,,
2168,,,
2169,,,
2170,,,
2171,,,
2172,,,
2173,,,
2174,,,
2175,,,
2176,,,
2177,,,
2178,,,
2179,,,
2180,,,
2181,,,
2182,,,
2183,,,
2184,,,
2185,,,
2186,,,
2187,,,
2188,,,
2189,,,
2190,,,
2191,,,
2192,,,
2193,,,
2194,,,
2195,,,
2196,,,
2197,,,
2198,,,
2199,,,
2200,,,
2201,,,
2202,,,
2203,,,
2204,,,
2205,,,
2206,,,
2207,,,
2208,,,
2209,,,
2210,,,
2211,,,
2212,,,
2213,,,
2214,,,
2215,,,
2216,,,
2217,,,
2218,,,
2219,,,
2220,,,
2221,,,
2222,,,
2223,,,
2224,,,
2225,,,
2226,,,
2227,,,
2228,,,
2229,,,
2230,,,
2231,,,
2232,,,
2233,,,
2234,,,
2235,,,
2236,,,
2237,,,
2238,,,
2239,,,
2240,,,
2241,,,
2242,,,
2243,,,
2244,,,
2245,,,
2246,,,
2247,,,
2248,,,
2249,,,
2250,,,
2251,,,
2252,,,
2253,,,
2254,,,
2255,,,
2256,,,
2257,,,
2258,,,
2259,,,
2260,,,
2261,,,
2262,,,
2263,,,
2264,,,
2265,,,
2266,,,
2267,,,
2268,,,
2269,,,
2270,,,
2271,,,
2272,,,
2273,,,
2274,,,
2275,,,
2276,,,
2277,,,
2278,,,
2279,,,
2280,,,
2281,,,
2282,,,
2283,,,
2284,,,
2285,,,
2286,,,
2287,,,
2288,,,
2289,,,
2290,,,
2291,,,
2292,,,
2293,,,
2294,,,
2295,,,
2296,,,
2297,,,
2298,,,
2299,,,
2300,,,
2301,,,
2302,,,
2303,,,
2304,,,
2305,,,
2306,,,
2307,,,
2308,91.0,59.0,74.0
2309,91.0,43.0,48.0
2310,94.0,95.0,94.0
2311,78.0,76.0,42.0
2312,72.0,32.0,35.0
2313,72.0,8.0,33.0
2314,91.0,49.0,68.0
2315,69.0,49.0,32.0
2316,78.0,78.0,42.0
2317,72.0,49.0,35.0
2318,81.0,27.0,52.0
2319,94.0,95.0,94.0
2320,91.0,38.0,57.0
2321,91.0,24.0,54.0
2322,94.0,92.0,93.0
2323,78.0,35.0,45.0
2324,81.0,46.0,38.0
2325,75.0,27.0,36.0
2326,94.0,81.0,87.0
2327,91.0,38.0,48.0
2328,,,
2329,,,
2330,,,
2331,,,
2332,,,
2333,91.0,59.0,46.0
2334,91.0,54.0,71.0
2335,91.0,46.0,67.0
2336,91.0,27.0,45.0
2337,94.0,46.0,68.0
2338,75.0,54.0,35.0
2339,91.0,16.0,51.0
2340,94.0,95.0,94.0
2341,91.0,27.0,48.0
2342,78.0,43.0,59.0
2343,75.0,70.0,45.0
2344,94.0,92.0,93.0
2345,81.0,30.0,38.0
2346,,,
2347,,,
2348,,,
2349,,,
2350,,,
2351,,,
2352,,,
2353,,,
2354,,,
2355,,,
2356,,,
2357,,,
2358,,,
2359,,,
2360,,,
2361,,,
2362,,,
2363,,,
2364,,,
2365,,,
2366,,,
2367,,,
2368,,,
2369,,,
2370,,,
2371,,,
2372,,,
2373,,,
2374,,,
2375,,,
2376,,,
2377,,,
2378,,,
2379,,,
2380,,,
2381,,,
2382,,,
2383,,,
2384,,,
2385,,,
2386,,,
2387,,,
2388,,,
2389,,,
2390,,,
2391,,,
2392,,,
2393,,,
2394,,,
2395,,,
2396,,,
2397,,,
2398,,,
2399,,,
2400,,,
2401,,,
2402,,,
2403,,,
2404,,,
2405,,,
2406,,,
2407,,,
2408,,,
2409,,,
2410,,,
2411,,,
2412,,,
2413,,,
2414,,,
2415,,3.0,1.0
2416,,3.0,1.0
2417,91.0,76.0,42.0
2418,,3.0,1.0
2419,91.0,81.0,86.0
2420,94.0,81.0,87.0
2421,91.0,41.0,48.0
2422,,3.0,1.0
2423,,3.0,1.0
2424,,3.0,1.0
2425,,3.0,1.0
2426,,3.0,1.0
2427,,3.0,1.0
2428,,3.0,1.0
2429,,3.0,1.0
2430,,3.0,1.0
2431,,,
2432,,,
2433,,,
2434,,,
2435,,,
2436,,,
2437,,,
2438,,,
2439,,,
2440,,,
2441,,,
2442,,,
2443,,,
2444,,,
2445,,,
2446,,,
2447,,,
2448,91.0,43.0,62.0
2449,91.0,51.0,70.0
2450,94.0,86.0,90.0
2451,88.0,30.0,55.0
2452,84.0,30.0,43.0
2453,94.0,89.0,91.0
2454,75.0,24.0,41.0
2455,94.0,54.0,72.0
2456,84.0,41.0,61.0
2457,94.0,30.0,49.0
2458,72.0,16.0,36.0
2459,94.0,32.0,61.0
2460,,,
2461,88.0,22.0,46.0
2462,88.0,54.0,70.0
2463,88.0,62.0,74.0
2464,88.0,81.0,43.0
2465,66.0,22.0,35.0
2466,88.0,41.0,41.0
2467,91.0,86.0,88.0
2468,,3.0,1.0
2469,88.0,30.0,45.0
2470,88.0,38.0,58.0
2471,72.0,27.0,48.0
2472,91.0,84.0,87.0
2473,91.0,70.0,80.0
2474,88.0,59.0,72.0
2475,88.0,57.0,71.0
2476,,,
2477,,,
2478,88.0,73.0,80.0
2479,91.0,78.0,84.0
2480,69.0,41.0,54.0
2481,72.0,19.0,35.0
2482,91.0,86.0,88.0
2483,72.0,30.0,41.0
2484,62.0,19.0,33.0
2485,91.0,86.0,88.0
2486,81.0,27.0,52.0
2487,91.0,35.0,52.0
2488,88.0,30.0,49.0
2489,91.0,81.0,86.0
2490,91.0,49.0,68.0
2491,88.0,65.0,75.0
2492,88.0,59.0,72.0
2493,88.0,51.0,68.0
2494,88.0,49.0,67.0
2495,88.0,86.0,87.0
2496,88.0,32.0,43.0
2497,72.0,43.0,33.0
2498,91.0,89.0,90.0
2499,88.0,16.0,42.0
2500,,3.0,1.0
2501,,3.0,1.0
2502,,3.0,1.0
2503,,3.0,1.0
2504,,3.0,1.0
2505,,3.0,1.0
2506,,3.0,1.0
2507,,,
2508,84.0,19.0,49.0
2509,88.0,32.0,52.0
2510,,35.0,19.0
2511,88.0,41.0,55.0
2512,88.0,57.0,71.0
2513,91.0,30.0,49.0
2514,,19.0,10.0
2515,,22.0,12.0
2516,88.0,62.0,74.0
2517,66.0,16.0,39.0
2518,,,
2519,,,
2520,,,
2521,,,
2522,,,
2523,,,
2524,,,
2525,88.0,43.0,43.0
2526,,3.0,1.0
2527,84.0,14.0,46.0
2528,91.0,32.0,59.0
2529,66.0,35.0,32.0
2530,69.0,14.0,33.0
2531,72.0,32.0,33.0
2532,75.0,22.0,36.0
2533,,22.0,12.0
2534,,38.0,20.0
2535,,24.0,13.0
2536,,38.0,20.0
2537,,16.0,9.0
2538,91.0,78.0,84.0
2539,78.0,24.0,41.0
2540,,3.0,1.0
2541,,3.0,1.0
2542,,3.0,1.0
2543,88.0,27.0,46.0
2544,91.0,81.0,86.0
2545,69.0,22.0,42.0
2546,75.0,54.0,64.0
2547,69.0,22.0,42.0
2548,91.0,78.0,84.0
2549,88.0,24.0,51.0
2550,91.0,32.0,52.0
2551,84.0,46.0,43.0
2552,,3.0,1.0
2553,,5.0,3.0
2554,,3.0,1.0
2555,,3.0,1.0
2556,,3.0,1.0
2557,,3.0,1.0
2558,,3.0,1.0
2559,,3.0,1.0
2560,,3.0,1.0
2561,,3.0,1.0
2562,72.0,51.0,36.0
2563,84.0,43.0,42.0
2564,84.0,78.0,43.0
2565,59.0,24.0,30.0
2566,66.0,38.0,51.0
2567,84.0,78.0,81.0
2568,66.0,32.0,30.0
2569,,3.0,1.0
2570,,3.0,1.0
2571,,11.0,6.0
2572,,3.0,1.0
2573,,3.0,1.0
2574,,8.0,4.0
2575,,5.0,3.0
2576,,,
2577,,,
2578,,,
2579,,,
2580,,,
2581,,,
2582,,,
2583,,,
2584,,,
2585,,,
2586,,,
2587,,,
2588,,,
2589,,,
2590,,,
2591,,,
2592,,,
2593,,,
2594,,,
2595,,,
2596,,,
2597,,,
2598,,,
2599,,,
2600,,,
2601,,,
2602,,,
2603,,,
2604,,,
2605,,,
2606,,,
2607,,,
2608,,,
2609,,,
2610,,,
2611,,,
2612,,,
2613,,,
2614,,,
2615,,,
2616,,,
2617,,,
2618,,,
2619,,,
2620,,,
2621,,,
2622,,,
2623,,,
2624,,,
2625,,3.0,1.0
2626,,3.0,1.0
2627,,3.0,1.0
2628,,3.0,1.0
2629,,5.0,3.0
2630,,5.0,3.0
2631,,3.0,1.0
2632,,3.0,1.0
2633,72.0,19.0,36.0
2634,66.0,14.0,35.0
2635,84.0,46.0,45.0
2636,25.0,27.0,23.0
2637,,5.0,3.0
2638,,5.0,3.0
2639,,8.0,4.0
2640,,8.0,4.0
2641,,11.0,6.0
2642,81.0,14.0,43.0
2643,50.0,22.0,35.0
2644,62.0,16.0,38.0
2645,62.0,14.0,30.0
2646,38.0,8.0,22.0
2647,59.0,19.0,38.0
2648,69.0,16.0,33.0
2649,69.0,19.0,42.0
2650,78.0,11.0,38.0
2651,78.0,16.0,45.0
2652,56.0,16.0,32.0
2653,59.0,30.0,43.0
2654,3.0,11.0,7.0
2655,,8.0,4.0
2656,,5.0,3.0
2657,,5.0,3.0
2658,,5.0,3.0
2659,,5.0,3.0
2660,,3.0,1.0
2661,,3.0,1.0
2662,,5.0,3.0
2663,,3.0,1.0
2664,,5.0,3.0
2665,,3.0,1.0
2666,,3.0,1.0
2667,,3.0,1.0
2668,,3.0,1.0
2669,,3.0,1.0
2670,,3.0,1.0
2671,,3.0,1.0
2672,,3.0,1.0
2673,,3.0,1.0
2674,,3.0,1.0
2675,,3.0,1.0
2676,,3.0,1.0
2677,44.0,14.0,22.0
2678,62.0,14.0,32.0
2679,56.0,16.0,29.0
2680,38.0,32.0,25.0
2681,53.0,19.0,35.0
2682,72.0,14.0,39.0
2683,78.0,49.0,62.0
2684,78.0,24.0,48.0
2685,78.0,22.0,39.0
2686,78.0,24.0,43.0
2687,78.0,19.0,46.0
2688,78.0,24.0,36.0
2689,59.0,27.0,39.0
2690,75.0,14.0,41.0
2691,56.0,11.0,28.0
2692,,3.0,1.0
2693,,3.0,1.0
2694,,3.0,1.0
2695,,3.0,1.0
2696,,3.0,1.0
2697,,3.0,1.0
2698,,3.0,1.0
2699,,3.0,1.0
2700,,3.0,1.0
2701,,3.0,1.0
2702,,5.0,3.0
2703,,8.0,4.0
2704,,5.0,3.0
2705,,8.0,4.0
2706,,8.0,4.0
2707,66.0,11.0,35.0
2708,3.0,14.0,9.0
2709,9.0,22.0,12.0
2710,59.0,16.0,36.0
2711,62.0,11.0,33.0
2712,53.0,16.0,28.0
2713,72.0,16.0,42.0
2714,66.0,19.0,41.0
2715,69.0,16.0,38.0
2716,53.0,19.0,35.0
2717,53.0,14.0,32.0
2718,53.0,24.0,25.0
2719,53.0,14.0,26.0
2720,62.0,16.0,36.0
2721,72.0,14.0,41.0
2722,47.0,19.0,29.0
2723,56.0,22.0,38.0
2724,56.0,27.0,41.0
2725,66.0,32.0,38.0
2726,50.0,24.0,25.0
2727,62.0,35.0,48.0
2728,44.0,14.0,28.0
2729,,3.0,1.0
2730,,3.0,1.0
2731,,3.0,1.0
2732,,3.0,1.0
2733,,3.0,1.0
2734,75.0,19.0,45.0
2735,75.0,16.0,42.0
2736,,,
2737,,,
2738,,,
2739,,,
2740,,,
2741,,,
2742,,,
2743,,,
2744,,,
2745,,,
2746,,,
2747,,,
2748,,,
2749,,,
2750,,,
2751,,,
2752,,,
2753,,,
2754,,,
2755,,,
2756,,,
2757,,,
2758,,,
2759,,,
2760,,,
2761,,,
2762,,,
2763,,,
2764,,,
2765,,,
2766,,,
2767,,,
2768,,,
2769,,,
2770,,,
2771,,,
2772,,,
2773,,,
2774,,,
2775,,,
2776,,,
2777,,,
2778,,,
2779,,,
2780,,,
2781,,,
2782,,,
2783,,,
2784,,,
2785,,,
2786,,,
2787,,,
2788,,,
2789,,,
2790,,,
2791,,,
2792,,,
2793,,,
2794,,,
2795,,,
2796,,,
2797,,,
2798,,,
2799,,,
2800,,,
2801,,,
2802,,,
2803,,,
2804,,,
2805,,,
2806,,,
2807,,,
2808,,,
2809,,,
2810,,,
2811,,,
2812,,,
2813,,,
2814,,,
2815,,,
2816,,,
2817,,,
2818,,,
2819,,,
2820,,,
2821,,,
2822,,,
2823,,,
2824,,11.0,6.0
2825,,8.0,4.0
2826,,8.0,4.0
2827,,8.0,4.0
2828,12.0,8.0,9.0
2829,12.0,8.0,6.0
2830,78.0,11.0,42.0
2831,34.0,16.0,17.0
2832,50.0,14.0,28.0
2833,66.0,19.0,41.0
2834,75.0,14.0,42.0
2835,53.0,16.0,33.0
2836,16.0,14.0,12.0
2837,69.0,22.0,43.0
2838,38.0,19.0,17.0
2839,12.0,8.0,10.0
2840,12.0,8.0,6.0
2841,,8.0,4.0
2842,,5.0,3.0
2843,,5.0,3.0
2844,,5.0,3.0
2845,,5.0,3.0
2846,,5.0,3.0
2847,,5.0,3.0
2848,56.0,8.0,30.0
2849,56.0,8.0,30.0
2850,12.0,8.0,7.0
2851,9.0,14.0,7.0
2852,59.0,16.0,36.0
2853,3.0,11.0,6.0
2854,3.0,11.0,6.0
2855,3.0,5.0,4.0
2856,6.0,8.0,4.0
2857,3.0,14.0,7.0
2858,6.0,8.0,4.0
2859,6.0,5.0,4.0
2860,6.0,14.0,10.0
2861,34.0,5.0,16.0
2862,34.0,5.0,19.0
2863,44.0,5.0,22.0
2864,,3.0,1.0
2865,,3.0,1.0
2866,,3.0,1.0
2867,,3.0,1.0
2868,,3.0,1.0
2869,,3.0,1.0
2870,,3.0,1.0
2871,,3.0,1.0
2872,,3.0,1.0
2873,,3.0,1.0
2874,,5.0,3.0
2875,,5.0,3.0
2876,,5.0,3.0
2877,,5.0,3.0
2878,44.0,8.0,25.0
2879,31.0,5.0,16.0
2880,78.0,8.0,36.0
2881,47.0,8.0,26.0
2882,75.0,19.0,45.0
2883,78.0,24.0,49.0
2884,81.0,14.0,43.0
2885,44.0,11.0,25.0
2886,81.0,11.0,41.0
2887,59.0,14.0,35.0
2888,75.0,11.0,41.0
2889,81.0,14.0,45.0
2890,78.0,41.0,58.0
2891,78.0,14.0,39.0
2892,78.0,14.0,41.0
2893,78.0,32.0,54.0
2894,56.0,14.0,30.0
2895,34.0,11.0,17.0
2896,38.0,16.0,20.0
2897,41.0,11.0,23.0
2898,16.0,16.0,13.0
2899,12.0,14.0,9.0
2900,12.0,11.0,6.0
2901,16.0,14.0,10.0
2902,12.0,16.0,9.0
2903,12.0,11.0,7.0
2904,56.0,19.0,28.0
2905,41.0,16.0,25.0
2906,56.0,11.0,29.0
2907,56.0,8.0,28.0
2908,16.0,5.0,10.0
2909,50.0,11.0,25.0
2910,47.0,19.0,23.0
2911,12.0,8.0,6.0
2912,12.0,14.0,9.0
2913,12.0,14.0,13.0
2914,16.0,8.0,9.0
2915,12.0,5.0,6.0
2916,12.0,11.0,12.0
2917,12.0,8.0,10.0
2918,12.0,5.0,6.0
2919,12.0,8.0,7.0
2920,3.0,8.0,4.0
2921,3.0,8.0,4.0
2922,3.0,5.0,3.0
2923,3.0,5.0,3.0
2924,3.0,5.0,3.0
2925,3.0,5.0,3.0
2926,3.0,5.0,3.0
2927,3.0,3.0,1.0
2928,3.0,5.0,3.0
2929,3.0,3.0,3.0
2930,3.0,3.0,1.0
2931,3.0,5.0,3.0
2932,3.0,5.0,3.0
2933,3.0,3.0,3.0
2934,3.0,3.0,3.0
2935,6.0,3.0,3.0
2936,3.0,3.0,1.0
2937,,3.0,1.0
2938,,3.0,3.0
2939,,5.0,3.0
2940,,3.0,1.0
2941,,,1.0
2942,,,1.0
2943,,,1.0
2944,,,1.0
2945,,,1.0
2946,,,1.0
2947,,,1.0
2948,,,1.0
2949,,,3.0
2950,,,1.0
2951,,,1.0
2952,31.0,16.0,20.0
2953,66.0,19.0,41.0
2954,56.0,19.0,29.0
2955,59.0,16.0,33.0
2956,59.0,24.0,33.0
2957,59.0,16.0,36.0
2958,53.0,30.0,41.0
2959,62.0,22.0,39.0
2960,47.0,11.0,23.0
2961,50.0,19.0,33.0
2962,66.0,11.0,35.0
2963,72.0,27.0,45.0
2964,44.0,16.0,28.0
2965,72.0,16.0,41.0
2966,72.0,19.0,43.0
2967,62.0,16.0,35.0
2968,78.0,16.0,41.0
2969,66.0,11.0,35.0
2970,75.0,14.0,39.0
2971,47.0,24.0,35.0
2972,69.0,11.0,33.0
2973,56.0,19.0,28.0
2974,56.0,14.0,30.0
2975,53.0,14.0,30.0
2976,3.0,11.0,6.0
2977,3.0,5.0,3.0
2978,3.0,5.0,3.0
2979,,5.0,3.0
2980,,5.0,4.0
2981,,5.0,3.0
2982,,11.0,6.0
2983,,5.0,3.0
2984,,5.0,3.0
2985,,5.0,3.0
2986,,5.0,3.0
2987,,5.0,4.0
2988,,8.0,4.0
2989,,5.0,3.0
2990,,8.0,6.0
2991,,5.0,3.0
2992,,8.0,4.0
2993,,5.0,3.0
2994,6.0,8.0,4.0
2995,66.0,8.0,33.0
2996,66.0,11.0,33.0
2997,9.0,5.0,4.0
2998,9.0,8.0,6.0
2999,9.0,11.0,6.0
3000,9.0,8.0,4.0
3001,12.0,8.0,9.0
3002,9.0,11.0,7.0
3003,12.0,11.0,6.0
3004,12.0,11.0,12.0
3005,12.0,11.0,9.0
3006,12.0,11.0,12.0
3007,12.0,14.0,7.0
3008,12.0,11.0,7.0
3009,50.0,14.0,26.0
3010,69.0,11.0,38.0
3011,28.0,14.0,19.0
3012,9.0,8.0,6.0
3013,6.0,8.0,6.0
3014,9.0,8.0,4.0
3015,12.0,8.0,9.0
3016,9.0,8.0,9.0
3017,34.0,5.0,16.0
3018,44.0,11.0,22.0
3019,9.0,8.0,4.0
3020,6.0,8.0,6.0
3021,12.0,8.0,10.0
3022,9.0,5.0,7.0
3023,9.0,8.0,6.0
3024,12.0,8.0,10.0
3025,12.0,8.0,7.0
3026,9.0,11.0,10.0
3027,22.0,11.0,14.0
3028,53.0,30.0,41.0
3029,66.0,14.0,38.0
3030,47.0,22.0,33.0
3031,47.0,16.0,30.0
3032,41.0,14.0,26.0
3033,47.0,16.0,23.0
3034,44.0,14.0,28.0
3035,47.0,16.0,30.0
3036,38.0,8.0,20.0
3037,47.0,22.0,23.0
3038,9.0,8.0,9.0
3039,6.0,8.0,7.0
3040,6.0,11.0,7.0
3041,6.0,11.0,9.0
3042,6.0,5.0,4.0
3043,9.0,11.0,10.0
3044,9.0,8.0,6.0
3045,9.0,5.0,4.0
3046,6.0,5.0,3.0
3047,3.0,5.0,3.0
3048,3.0,11.0,6.0
3049,3.0,8.0,4.0
3050,3.0,5.0,3.0
3051,3.0,5.0,3.0
3052,6.0,5.0,3.0
3053,3.0,5.0,3.0
3054,3.0,5.0,4.0
3055,3.0,5.0,3.0
3056,3.0,8.0,4.0
3057,3.0,5.0,3.0
3058,3.0,5.0,3.0
3059,6.0,5.0,3.0
3060,3.0,5.0,3.0
3061,3.0,5.0,3.0
3062,3.0,5.0,3.0
3063,3.0,5.0,3.0
3064,50.0,5.0,23.0
3065,56.0,5.0,28.0
3066,78.0,8.0,41.0
3067,59.0,8.0,30.0
3068,59.0,11.0,33.0
3069,3.0,3.0,1.0
3070,3.0,8.0,4.0
3071,3.0,5.0,4.0
3072,3.0,8.0,4.0
3073,3.0,8.0,4.0
3074,3.0,5.0,3.0
3075,3.0,3.0,3.0
3076,3.0,3.0,3.0
3077,3.0,5.0,3.0
3078,3.0,5.0,3.0
3079,3.0,5.0,3.0
3080,3.0,3.0,1.0
3081,3.0,5.0,3.0
3082,3.0,3.0,3.0
3083,3.0,5.0,3.0
3084,3.0,3.0,1.0
3085,3.0,3.0,1.0
3086,3.0,3.0,1.0
3087,3.0,3.0,3.0
3088,6.0,5.0,3.0
3089,3.0,5.0,3.0
3090,3.0,5.0,3.0
3091,3.0,3.0,1.0
3092,3.0,3.0,1.0
3093,3.0,3.0,3.0
3094,3.0,3.0,3.0
3095,3.0,3.0,1.0
3096,3.0,3.0,3.0
3097,,3.0,1.0
3098,,5.0,3.0
3099,,3.0,1.0
3100,,5.0,4.0
3101,,3.0,3.0
3102,,3.0,1.0
3103,,3.0,1.0
3104,,3.0,1.0
3105,,3.0,1.0
3106,,3.0,1.0
3107,,3.0,1.0
3108,,3.0,1.0
3109,,3.0,1.0
3110,,3.0,1.0
3111,,3.0,1.0
3112,,3.0,1.0
3113,,3.0,1.0
3114,,3.0,1.0
3115,,3.0,1.0
3116,,5.0,3.0
3117,,5.0,3.0
3118,,5.0,3.0
3119,,3.0,1.0
3120,,3.0,1.0
3121,,3.0,3.0
3122,,3.0,1.0
3123,,3.0,1.0
3124,,3.0,1.0
3125,,3.0,1.0
3126,,3.0,3.0
3127,,3.0,1.0
3128,,3.0,1.0
3129,,3.0,1.0
3130,,3.0,1.0
3131,,3.0,1.0
3132,,3.0,1.0
3133,,3.0,1.0
3134,,3.0,1.0
3135,,3.0,1.0
3136,,3.0,1.0
3137,,3.0,1.0
3138,,3.0,3.0
3139,,3.0,3.0
3140,,3.0,1.0
3141,,3.0,3.0
3142,,3.0,1.0
3143,,5.0,3.0
3144,,5.0,3.0
3145,,3.0,1.0
3146,,3.0,1.0
3147,,3.0,1.0
3148,,3.0,1.0
3149,,5.0,4.0
3150,,3.0,3.0
3151,,3.0,1.0
3152,,3.0,1.0
3153,,3.0,1.0
3154,,3.0,1.0
3155,,3.0,1.0
3156,,3.0,1.0
3157,75.0,3.0,36.0
3158,59.0,5.0,29.0
3159,72.0,3.0,33.0
3160,3.0,3.0,1.0
3161,3.0,3.0,1.0
3162,3.0,3.0,3.0
3163,6.0,3.0,3.0
3164,3.0,3.0,1.0
3165,3.0,3.0,1.0
3166,3.0,3.0,3.0
3167,3.0,3.0,1.0
3168,3.0,3.0,1.0
3169,3.0,3.0,1.0
3170,3.0,3.0,1.0
3171,3.0,3.0,1.0
3172,3.0,3.0,3.0
3173,3.0,3.0,1.0
3174,3.0,3.0,3.0
3175,3.0,3.0,1.0
3176,3.0,3.0,3.0
3177,3.0,3.0,3.0
3178,3.0,3.0,1.0
3179,3.0,3.0,1.0
3180,3.0,3.0,1.0
3181,3.0,3.0,1.0
3182,3.0,3.0,1.0
3183,3.0,3.0,1.0
3184,3.0,3.0,1.0
3185,3.0,3.0,1.0
3186,3.0,3.0,1.0
3187,78.0,3.0,36.0
3188,72.0,3.0,35.0
3189,72.0,3.0,35.0
3190,,3.0,1.0
3191,,3.0,1.0
3192,,3.0,1.0
3193,,3.0,1.0
3194,,3.0,1.0
3195,,3.0,3.0
3196,,3.0,1.0
3197,,3.0,1.0
3198,,3.0,1.0
3199,,3.0,1.0
3200,,3.0,1.0
3201,,3.0,1.0
3202,,,1.0
3203,,,1.0
3204,,,3.0
3205,,,1.0
3206,,,1.0
3207,,,1.0
3208,,,1.0
3209,,,1.0
3210,,,1.0
3211,,,1.0
3212,,,1.0
3213,,,1.0
3214,,,1.0
3215,,,1.0
3216,,,1.0
3217,,,3.0
3218,,,1.0
3219,,,1.0
3220,,,1.0
3221,,,1.0
3222,,,1.0
3223,,,1.0
3224,,,1.0
3225,,,1.0
3226,,,1.0
3227,,,1.0
3228,,,1.0
3229,,,1.0
3230,,,1.0
3231,,,1.0
3232,,,1.0
3233,,,1.0
3234,,,1.0
3235,,,1.0
3236,,,1.0
3237,,,1.0
3238,,,1.0
3239,,,3.0
3240,,,1.0
3241,,,1.0
3242,,,1.0
3243,,,1.0
3244,,,1.0
3245,,,1.0
3246,,,1.0
3247,,3.0,1.0
3248,72.0,3.0,33.0
3249,75.0,3.0,35.0
3250,72.0,3.0,33.0
3251,72.0,3.0,35.0
3252,72.0,5.0,33.0
3253,78.0,3.0,38.0
3254,12.0,3.0,7.0
3255,3.0,3.0,1.0
3256,3.0,3.0,1.0
3257,6.0,,3.0
3258,3.0,,3.0
3259,3.0,,1.0
3260,3.0,,1.0
3261,3.0,,1.0
3262,3.0,,1.0
3263,3.0,,1.0
3264,3.0,,1.0
3265,3.0,,1.0
3266,3.0,,1.0
3267,3.0,,1.0
3268,3.0,,1.0
3269,3.0,,1.0
3270,3.0,,1.0
3271,6.0,,3.0
3272,3.0,,1.0
3273,3.0,,1.0
3274,6.0,,3.0
3275,3.0,,1.0
3276,3.0,,1.0
3277,3.0,,1.0
3278,3.0,,3.0
3279,3.0,,1.0
3280,3.0,,3.0
3281,3.0,,1.0
3282,3.0,,1.0
3283,3.0,,1.0
3284,3.0,,1.0
3285,3.0,,1.0
3286,6.0,,3.0
3287,3.0,,1.0
3288,3.0,,1.0
3289,3.0,,1.0
3290,3.0,,1.0
3291,3.0,,1.0
3292,3.0,,1.0
3293,3.0,,1.0
3294,3.0,,3.0
3295,3.0,,1.0
3296,3.0,,1.0
3297,3.0,,1.0
3298,3.0,,1.0
3299,3.0,,1.0
3300,6.0,,3.0
3301,3.0,,1.0
3302,3.0,,1.0
3303,3.0,,1.0
3304,3.0,,1.0
3305,3.0,,1.0
3306,3.0,,1.0
3307,3.0,,3.0
3308,3.0,,1.0
3309,3.0,,1.0
3310,3.0,,1.0
3311,3.0,,3.0
3312,3.0,,3.0
3313,3.0,,1.0
3314,3.0,,1.0
3315,3.0,,1.0
3316,3.0,,3.0
3317,3.0,,1.0
3318,3.0,,1.0
3319,3.0,,1.0
3320,3.0,,1.0
3321,3.0,,1.0
3322,3.0,,1.0
3323,3.0,,3.0
3324,3.0,,1.0
3325,3.0,,3.0
3326,66.0,,30.0
3327,,,1.0
3328,,,1.0
3329,,,1.0
3330,,,1.0
3331,,,1.0
3332,,,1.0
3333,,,1.0
3334,,,1.0
3335,,,1.0
3336,,,1.0
3337,,,1.0
3338,,,1.0
3339,,,1.0
3340,,,1.0
3341,,,1.0
3342,,,1.0
3343,,,1.0
3344,,,1.0
3345,,,1.0
3346,,,1.0
3347,,,1.0
3348,,,3.0
3349,,,1.0
3350,,,1.0
3351,,,1.0
3352,,,1.0
3353,,,1.0
3354,,,1.0
3355,,,1.0
3356,,,1.0
3357,,,1.0
3358,,,1.0
3359,,,3.0
3360,,,1.0
3361,,,1.0
3362,,,1.0
3363,,,1.0
3364,,,1.0
3365,,,1.0
3366,,,1.0
3367,,,1.0
3368,,,1.0
3369,,,1.0
3370,,,1.0
3371,,,1.0
3372,,,1.0
3373,,,1.0
3374,,,1.0
3375,,,1.0
3376,,,1.0
3377,,,1.0
3378,,,1.0
3379,,,1.0
3380,,,1.0
3381,,,1.0
3382,,,1.0
3383,,,1.0
3384,,,1.0
3385,,,1.0
3386,,,1.0
3387,,,3.0
3388,,,1.0
3389,,,1.0
3390,,,1.0
3391,,,1.0
3392,,,1.0
3393,,,1.0
3394,,,1.0
3395,,,1.0
3396,,,1.0
3397,,,1.0
3398,,,1.0
3399,,,
3400,,,
3401,,,
3402,,,
3403,,,
3404,,,
3405,,,
3406,,,
3407,,,
3408,,,
3409,,,
3410,,,
3411,,,
3412,,,
3413,,,
3414,,,
3415,,,
3416,,,
3417,,,
3418,,,
3419,,,
3420,,,
3421,,,
3422,,,
3423,,,
3424,,,
3425,,,
3426,,,
3427,,,
3428,,,
3429,,,
3430,,,
3431,,,
3432,,,
3433,,,
3434,,,
3435,,,
3436,,,
3437,,,
3438,,,
3439,,,
3440,,,
3441,,,
3442,,,
3443,,,
3444,,,
3445,,,
3446,,,
3447,,,
3448,,,
3449,,,
3450,,,
3451,,,
3452,,,
3453,,,
3454,,,
3455,,,
3456,,,
3457,,,
3458,,,
3459,,,
3460,,,
3461,,,
3462,,,
3463,,,
3464,,,
3465,,,
3466,,,
3467,,,
3468,,,
3469,,,
3470,,,
3471,,,
3472,,,
3473,,,
3474,,,
3475,,,
3476,,,
3477,,,
3478,,,
3479,,,
3480,,,
3481,,,
3482,,,
3483,,,
3484,,,
3485,,,
3486,,,
3487,,,
3488,,,
3489,,,
3490,,,
3491,,,
3492,,,
3493,,,
3494,,,
3495,,,
3496,,,
3497,,,
3498,,,
3499,,,
3500,,,
3501,,,
3502,,,
3503,,,
3504,,,
3505,,,
3506,,,
3507,,,
3508,,,
3509,,,
3510,,,
3511,,,
3512,,,
3513,,,
3514,,,
3515,,,
3516,,,
3517,,,
3518,,,
3519,,,
3520,,,
3521,,,
3522,,,
3523,,,
3524,,,
3525,,,
3526,,,
3527,,,
3528,,,
3529,,,
3530,,,
3531,,,
3532,,,
3533,,,
3534,,,
3535,,,
3536,,,
3537,,,
3538,,,
3539,,,
3540,,,
3541,,,
3542,,,
3543,,,
3544,,,
3545,,,
3546,,,
3547,,,
3548,,,
3549,,,
3550,,,
3551,,,
3552,,,
3553,,,
3554,,,
3555,,,
3556,,,
3557,,,
3558,,,
3559,,,
3560,,,
3561,,,
3562,,,
3563,,,
3564,,,
3565,,,
3566,,,
3567,,,
3568,,,
3569,,,
3570,,,
3571,,,
3572,,,
3573,,,
3574,,,
3575,,,
3576,,,
3577,,,
3578,,,
3579,,,
3580,,,
3581,,,
3582,,,
3583,,,
3584,,,
3585,,,
3586,,,
3587,,,
3588,,,
3589,,,
3590,,,
3591,,,
3592,,,
3593,,,
3594,,,
3595,,,
3596,,,
3597,,,
3598,,,
3599,,,
3600,,,
3601,,,
3602,,,
3603,,,
3604,,,
3605,,,
3606,,,
3607,,,
3608,,,
3609,,,
3610,,,
3611,,,
3612,,,
3613,,,
3614,,,
3615,,,
3616,,,
3617,,,
3618,,,
3619,,,
3620,,,
3621,,,
3622,,,
3623,,,
3624,,,
3625,,,
3626,,,
3627,,,
3628,,,
3629,,,
3630,,,
3631,,,
3632,,,
3633,,,
3634,,,
3635,,,
3636,,,
3637,,,
3638,,,
3639,,,
3640,,,
3641,,,
3642,,,
3643,,,
3644,,,
3645,,,
3646,,,
3647,,,
3648,,,
3649,,,
3650,,,
3651,,,
3652,,,
3653,,,
3654,,,
3655,,,
3656,,,
3657,,,
3658,,,
3659,,,
3660,,,
3661,,,
3662,,,
3663,,,
3664,,,
3665,,,
3666,,,
3667,,,
3668,,,
3669,,,
3670,,,
3671,,,
3672,,,
3673,,,
3674,,,
3675,,,
3676,,,
3677,,,
3678,,,
3679,,,
3680,,,
3681,,,
3682,,,
3683,,,
3684,,,
3685,,,
3686,,,
3687,,,
3688,,,
3689,,,
3690,,,
3691,,,
3692,,,
3693,,,
3694,,,
3695,,,
3696,,,
3697,,,
3698,,,
3699,,,
3700,,,
3701,,,
3702,,,
3703,,,
3704,,,
3705,,,
3706,,,
3707,,,
3708,,,
3709,,,
3710,,,
3711,,,
3712,,,
3713,,,
3714,,,
3715,,,
3716,,,
3717,,,
3718,,,
3719,,,
3720,,,
3721,,,
3722,,,
3723,,,
3724,,,
3725,,,
3726,,,
3727,,,
3728,,,
3729,,,
3730,,,
3731,,,
3732,,,
3733,,,
3734,,,
3735,,,
3736,,,
3737,,,
3738,,,
3739,,,
3740,,,
3741,,,
3742,,,
3743,,,
3744,,,
3745,,,
3746,,,
3747,,,
3748,,,
3749,,,
3750,,,
3751,,,
3752,,,
3753,,,
3754,,,
3755,,,
3756,,,
3757,,,
3758,,,
3759,,,
3760,,,
3761,,,
3762,,,
3763,,,
3764,,,
3765,,,
3766,,,
3767,,,
3768,,,
3769,,,
3770,,,
3771,,,
3772,,,
3773,,,
3774,,,
3775,,,
3776,,,
3777,,,
3778,,,
3779,,,
3780,,,
3781,,,
3782,,,
3783,,,
3784,,,
3785,,,
3786,,,
3787,,,
3788,,,
3789,,,
3790,,,
3791,,,
3792,,,
3793,,,
3794,,,
3795,,,
3796,,,
3797,,,
3798,,,
3799,,,
3800,,,
3801,,,
3802,,,
3803,,,
3804,,,
3805,,,
3806,,,
3807,,,
3808,,,
3809,,,
3810,,,
3811,,,
3812,,,
3813,,,
3814,,,
3815,,,
3816,,,
3817,,,
3818,,,
3819,,,
3820,,,
3821,,,
3822,,,
3823,,,
3824,,,
3825,,,
3826,,,
3827,,,
3828,,,
3829,,,
3830,,,
3831,,,
3832,,,
3833,,,
3834,,,
3835,,,
3836,,,
3837,,,
3838,,,
3839,,,
3840,,,
3841,,,
3842,,,
3843,,,
3844,,,
3845,,,
3846,,,
3847,,,
3848,,,
3849,,,
3850,,,
3851,,,
3852,,,
3853,,,
3854,,,
3855,,,
3856,,,
3857,,,
3858,,,
3859,,,
3860,,,
3861,,,
3862,,,
3863,,,
3864,,,
3865,,,
3866,,,
3867,,,
3868,,,
3869,,,
3870,,,
3871,,,
3872,,,
3873,,,
3874,,,
3875,,,
3876,,,
3877,,,
3878,,,
3879,,,
3880,,,
3881,,,
3882,,,
3883,,,
3884,,,
3885,,,
3886,,,
3887,,,
3888,,,
3889,,,
3890,,,
3891,,,
3892,,,
3893,,,
3894,,,
3895,,,
3896,,,
3897,,,
3898,,,
3899,,,
3900,,,
3901,,,
3902,,,
3903,,,
3904,,,
3905,,,
3906,,,
3907,,,
3908,,,
3909,,,
3910,,,
3911,,,
3912,,,
3913,,,
3914,,,
3915,,,
3916,,,
3917,,,
3918,,,
3919,,,
3920,,,
3921,,,
3922,,,
3923,,,
3924,,,
3925,,,
3926,,,
3927,,,
3928,,,
3929,,,
3930,,,
3931,,,
3932,,,
3933,,,
3934,,,
3935,,,
3936,,,
3937,,,
3938,,,
3939,,,
3940,,,
3941,,,
3942,,,
3943,,,
3944,,,
3945,,,
3946,,,
3947,,,
3948,,,
3949,,,
3950,,,
3951,,,
3952,,,
3953,,,
3954,,,
3955,,,
3956,,,
3957,,,
3958,,,
3959,,,
3960,,,
3961,,,
3962,,,
3963,,,
3964,,,
3965,,,
3966,,,
3967,,,
3968,,,
3969,,,
3970,,,
3971,,,
3972,,,
3973,,,
3974,,,
3975,,,
3976,,,
3977,,,
3978,,,
3979,,,
3980,,,
3981,,,
3982,,,
3983,,,
3984,,,
3985,,,
3986,,,
3987,,,
3988,,,
3989,,,
3990,,,
3991,,,
3992,,,
3993,,,
3994,,,
3995,,,
3996,,,
3997,,,
3998,,,
3999,,,
4000,,,
4001,,,
4002,,,
4003,,,
4004,,,
4005,,,
4006,,,
4007,,,
4008,,,
4009,,,
4010,,,
4011,,,
4012,,,
4013,,,
4014,,,
4015,,,
4016,,,
4017,,,
4018,,,
4019,,,
4020,,,
4021,,,
4022,,,
4023,,,
4024,,,
4025,,,
4026,,,
4027,,,
4028,,,
4029,,,
4030,,,
4031,,,
4032,,,
4033,,,
4034,,,
4035,,,
4036,,,
4037,,,
4038,,,
4039,,,
4040,,,
4041,,,
4042,,,
4043,,,
4044,,,
4045,,,
4046,,,
4047,,,
4048,,,
4049,,,
4050,,,
4051,,,
4052,,,
4053,,,
4054,,,
4055,,,
4056,,,
4057,,,
4058,,,
4059,,,
4060,,,
4061,,,
4062,,,
4063,,,
4064,,,
4065,,,
4066,,,
4067,,,
4068,,,
4069,,,
4070,,,
4071,,,
4072,,,
4073,,,
4074,,,
4075,,,
4076,,,
4077,,,
4078,,,
4079,,,
4080,,,
4081,,,
4082,,,
4083,,,
4084,,,
4085,,,
4086,,,
4087,,,
4088,,,
4089,,,
4090,,,
4091,,,
4092,,,
4093,,,
4094,,,
4095,,,
4096,,,
4097,,,
4098,,,
4099,,,
4100,,,
4101,,,
4102,,,
4103,,,
4104,,,
4105,,,
4106,,,
4107,,,
4108,,,
4109,,,
4110,,,
4111,,,
4112,,,
4113,,,
4114,,,
4115,,,
4116,,,
4117,,,
4118,,,
4119,,,
4120,,,
4121,,,
4122,,,
4123,,,
4124,,,
4125,,,
4126,,,
4127,,,
4128,,,
4129,,,
4130,,,
4131,,,
4132,,,
4133,,,
4134,,,
4135,,,
4136,,,
4137,,,
4138,,,
4139,,,
4140,,,
4141,,,
4142,,,
4143,,,
4144,,,
4145,,,
4146,,,
4147,,,
4148,,,
4149,,,
4150,,,
4151,,,
4152,,,
4153,,,
4154,,,
4155,,,
4156,,,
4157,,,
4158,,,
4159,,,
4160,,,
4161,,,
4162,,,
4163,,,
4164,,,
4165,,,
4166,,,
4167,,,
4168,,,
4169,,,
4170,,,
4171,,,
4172,,,
4173,,,
4174,,,
4175,,,
4176,,,
4177,,,
4178,,,
4179,,,
4180,,,
4181,,,
4182,,,
4183,,,
4184,,,
4185,,,
4186,,,
4187,,,
4188,,,
4189,,,
4190,,,
4191,,,
4192,,,
4193,,,
4194,,,
4195,,,
4196,,,
4197,,,
4198,,,
4199,,,
4200,,,
4201,,,
4202,,,
4203,,,
4204,,,
4205,,,
4206,,,
4207,,,
4208,,,
4209,,,
4210,,,
4211,,,
4212,,,
4213,,,
4214,,,
4215,,,
4216,,,
4217,,,
4218,,,
4219,,,
4220,,,
4221,,,
4222,,,
4223,,,
4224,,,
4225,,,
4226,,,
4227,,,
4228,,,
4229,,,
4230,,,
4231,,,
4232,,,
4233,,,
4234,,,
4235,,,
4236,,,
4237,,,
4238,,,
4239,,,
4240,,,
4241,,,
4242,,,
4243,,,
4244,,,
4245,,,
4246,,,
4247,,,
4248,,,
4249,,,
4250,,,
4251,,,
4252,,,
4253,,,
4254,,,
4255,,,
4256,,,
4257,,,
4258,,,
4259,,,
4260,,,
4261,,,
4262,,,
4263,,,
4264,,,
4265,,,
4266,,,
4267,,,
4268,,,
4269,,,
4270,,,
4271,,,
4272,,,
4273,,,
4274,,,
4275,,,
4276,,,
4277,,,
4278,,,
4279,,,
4280,,,
4281,,,
4282,,,
4283,,,
4284,,,
4285,,,
4286,,,
4287,,,
4288,,,
4289,,,
4290,,,
4291,,,
4292,,,
4293,,,
4294,,,
4295,,,
4296,,,
4297,,,
4298,,,
4299,,,
4300,,,
4301,,,
4302,,,
4303,,,
4304,,,
4305,,,
4306,,,
4307,,,
4308,,,
4309,,,
4310,,,
4311,,,
4312,,,
4313,,,
4314,,,
4315,,,
4316,,,
4317,,,
4318,,,
4319,,,
4320,,,
4321,,,
4322,,,
4323,,,
4324,,,
4325,,,
4326,,,
4327,,,
4328,,,
4329,,,
4330,,,
4331,,,
4332,,,
4333,,,
4334,,,
4335,,,
4336,,,
4337,,,
4338,,,
4339,,,
4340,,,
4341,,,
4342,,,
4343,,,
4344,,,
4345,,,
4346,,,
4347,,,
4348,,,
4349,,,
4350,,,
4351,,,
4352,,,
4353,,,
4354,,,
4355,,,
4356,,,
4357,,,
4358,,,
4359,,,
4360,,,
4361,,,
4362,,,
4363,,,
4364,,,
4365,,,
4366,,,
4367,,,
4368,,,
4369,,,
4370,,,
4371,,,
4372,,,
4373,,,
4374,,,
4375,,,
4376,,,
4377,,,
4378,,,
4379,,,
4380,,,
4381,,,
4382,,,
4383,,,
4384,,,
4385,,,
4386,,,
4387,,,
4388,,,
4389,,,
4390,,,
4391,,,
4392,,,
4393,,,
4394,,,
4395,,,
4396,,,
4397,,,
4398,,,
4399,,,
4400,,,
4401,,,
4402,,,
4403,,,
4404,,,
4405,,,
4406,,,
4407,,,
4408,,,
4409,,,
4410,,,
4411,,,
4412,,,
4413,,,
4414,,,
4415,,,
4416,,,
4417,,,
4418,,,
4419,,,
4420,,,
4421,,,
4422,,,
4423,,,
4424,,,
4425,,,
4426,,,
4427,,,
4428,,,
4429,,,
4430,,,
4431,,,
4432,,,
4433,,,
4434,,,
4435,,,
4436,,,
4437,,,
4438,,,
4439,,,
4440,,,
4441,,,
4442,,,
4443,,,
4444,,,
4445,,,
4446,,,
4447,,,
4448,,,
4449,,,
4450,,,
4451,,,
4452,,,
4453,,,
4454,,,
4455,,,
4456,,,
4457,,,
4458,,,
4459,,,
4460,,,
4461,,,
4462,,,
4463,,,
4464,,,
4465,,,
4466,,,
4467,,,
4468,,,
4469,,,
4470,,,
4471,,,
4472,,,
4473,,,
4474,,,
4475,,,
4476,,,
4477,,,
4478,,,
4479,,,
4480,,,
4481,,,
4482,,,
4483,,,
4484,,,
4485,,,
4486,,,
4487,,,
4488,,,
4489,,,
4490,,,
4491,,,
4492,,,
4493,,,
4494,,,
4495,,,
4496,,,
4497,,,
4498,,,
4499,,,
4500,,,
4501,,,
4502,,,
4503,,,
4504,,,
4505,,,
4506,,,
4507,,,
4508,,,
4509,,,
4510,,,
4511,,,
4512,,,
4513,,,
4514,,,
4515,,,
4516,,,
4517,,,
4518,,,
4519,,,
4520,,,
4521,,,
4522,,,
4523,,,
4524,,,
4525,,,
4526,,,
4527,,,
4528,,,
4529,,,
4530,,,
4531,,,
4532,,,
4533,,,
4534,,,
4535,,,
4536,,,
4537,,,
4538,,,
4539,,,
4540,,,
4541,,,
4542,,,
4543,,,
4544,,,
4545,,,
4546,,,
4547,,,
4548,,,
4549,,,
4550,,,
4551,,,
4552,,,
4553,,,
4554,,,
4555,,,
4556,,,
4557,,,
4558,,,
4559,,,
4560,,,
4561,,,
4562,,,
4563,,,
4564,,,
4565,,,
4566,,,
4567,,,
4568,,,
4569,,,
4570,,,
4571,,,
4572,,,
4573,,,
4574,,,
4575,,,
4576,,,
4577,,,
4578,,,
4579,,,
4580,,,
4581,,,
4582,,,
4583,,,
4584,,,
4585,,,
4586,,,
4587,,,
4588,,,
4589,,,
4590,,,
4591,,,
4592,,,
4593,,,
4594,,,
4595,,,
4596,,,
4597,,,
4598,,,
4599,,,
4600,,,
4601,,,
4602,,,
4603,,,
4604,,,
4605,,,
4606,,,
4607,,,
4608,,,
4609,,,
4610,,,
4611,,,
4612,,,
4613,,,
4614,,,
4615,,,
4616,,,
4617,,,
4618,,,
4619,,,
4620,,,
4621,,,
4622,,,
4623,,,
4624,,,
4625,,,
4626,,,
4627,,,
4628,,,
4629,,,
4630,,,
4631,,,
4632,,,
4633,,,
4634,,,
4635,,,
4636,,,
4637,,,
4638,,,
4639,,,
4640,,,
4641,,,
4642,,,
4643,,,
4644,,,
4645,,,
4646,,,
4647,,,
4648,,,
4649,,,
4650,,,
4651,,,
4652,,,
4653,,,
4654,,,
4655,,,
4656,,,
4657,,,
4658,,,
4659,,,
4660,,,
4661,,,
4662,,,
4663,,,
4664,,,
4665,,,
4666,,,
4667,,,
4668,,,
4669,,,
4670,,,
4671,,,
4672,,,
4673,,,
4674,,,
4675,,,
4676,,,
4677,,,
4678,,,
4679,,,
4680,,,
4681,,,
4682,,,
4683,,,
4684,,,
4685,,,
4686,,,
4687,,,
4688,,,
4689,,,
4690,,,
4691,,,
4692,,,
4693,,,
4694,,,
4695,,,
4696,,,
4697,,,
4698,,,
4699,,,
4700,,,
4701,,,
4702,,,
4703,,,
4704,,,
4705,,,
4706,,,
4707,,,
4708,,,
4709,,,
4710,,,
4711,,,
4712,,,
4713,,,
4714,,,
4715,,,
4716,,,
4717,,,
4718,,,
4719,,,
4720,,,
4721,,,
4722,,,
4723,,,
4724,,,
4725,,,
4726,,,
4727,,,
4728,,,
4729,,,
4730,,,
4731,,,
4732,,,
4733,,,
4734,,,
4735,,,
4736,,,
