alignment_col,human_pos,human_residue,cons_vert_gapaware,cons_invert_gapaware,cons_all_gapaware,delta_vert_minus_invert
1058,1,M,78.12,5.41,37.68,72.72
1059,2,E,81.25,5.41,40.58,75.84
1060,3,G,68.75,8.11,36.23,60.64
1108,4,D,71.88,16.22,34.78,55.66
1109,5,A,56.25,10.81,31.88,45.44
1110,6,V,56.25,16.22,26.09,40.03
1111,7,E,75.0,16.22,43.48,58.78
1112,8,A,59.38,13.51,31.88,45.86
1113,9,I,62.5,13.51,36.23,48.99
1114,10,V,62.5,13.51,33.33,48.99
1115,11,E,78.12,18.92,46.38,59.21
1116,12,E,68.75,24.32,44.93,44.43
1117,13,S,75.0,10.81,39.13,64.19
1118,14,E,75.0,16.22,43.48,58.78
1119,15,T,78.12,10.81,39.13,67.31
1128,16,F,87.5,18.92,40.58,68.58
1129,17,I,56.25,21.62,27.54,34.63
1130,18,K,78.12,16.22,39.13,61.91
1137,19,G,78.12,35.14,55.07,42.99
1138,20,K,81.25,16.22,40.58,65.03
1139,21,E,90.62,10.81,47.83,79.81
1140,22,R,62.5,13.51,36.23,48.99
1141,23,K,78.12,13.51,36.23,64.61
1142,24,T,78.12,13.51,43.48,64.61
1179,25,Y,78.12,24.32,49.28,53.8
1180,26,Q,75.0,13.51,36.23,61.49
1181,27,R,78.12,13.51,39.13,64.61
1182,28,R,78.12,10.81,40.58,67.31
1183,29,R,78.12,10.81,37.68,67.31
1184,30,E,78.12,16.22,44.93,61.91
1189,31,G,81.25,10.81,43.48,70.44
1190,32,G,78.12,24.32,49.28,53.8
1191,33,Q,68.75,16.22,36.23,52.53
1192,34,E,75.0,21.62,46.38,53.38
1193,35,E,53.12,16.22,31.88,36.91
1202,36,D,78.12,16.22,44.93,61.91
1203,37,A,56.25,8.11,30.43,48.14
1204,38,C,65.62,16.22,39.13,49.41
1205,39,H,50.0,10.81,24.64,39.19
1206,40,L,34.38,10.81,21.74,23.56
1207,41,P,50.0,8.11,27.54,41.89
1208,42,Q,43.75,10.81,20.29,32.94
1214,43,N,71.88,13.51,37.68,58.36
1215,44,Q,75.0,8.11,37.68,66.89
1216,45,T,50.0,13.51,24.64,36.49
1217,46,D,87.5,13.51,47.83,73.99
1218,47,G,84.38,16.22,47.83,68.16
1219,48,G,43.75,10.81,26.09,32.94
1220,49,E,71.88,13.51,40.58,58.36
1221,50,V,78.12,13.51,39.13,64.61
1222,51,V,62.5,8.11,31.88,54.39
1248,52,Q,65.62,2.7,30.43,62.92
1249,53,D,71.88,5.41,33.33,66.47
1256,54,V,87.5,18.92,50.72,68.58
1257,55,N,75.0,13.51,42.03,61.49
1258,56,S,65.62,18.92,33.33,46.71
1259,57,S,31.25,16.22,20.29,15.03
1260,58,V,71.88,16.22,37.68,55.66
1261,59,Q,75.0,16.22,43.48,58.78
1262,60,M,75.0,13.51,37.68,61.49
1263,61,V,78.12,13.51,39.13,64.61
1264,62,M,78.12,18.92,37.68,59.21
1266,63,M,81.25,16.22,40.58,65.03
1267,64,E,71.88,27.03,47.83,44.85
1268,65,Q,68.75,16.22,40.58,52.53
1271,66,L,81.25,18.92,46.38,62.33
1272,67,D,81.25,18.92,47.83,62.33
1273,68,P,93.75,21.62,55.07,72.13
1320,69,T,78.12,13.51,37.68,64.61
1321,70,L,78.12,18.92,46.38,59.21
1322,71,L,93.75,16.22,52.17,77.53
1323,72,Q,81.25,16.22,43.48,65.03
1324,73,M,81.25,13.51,40.58,67.74
1325,74,K,81.25,13.51,40.58,67.74
1326,75,T,87.5,16.22,46.38,71.28
1327,76,E,75.0,18.92,44.93,56.08
1328,77,V,84.38,13.51,46.38,70.86
1329,78,M,65.62,16.22,30.43,49.41
1330,79,E,68.75,27.03,46.38,41.72
1341,80,G,71.88,5.41,34.78,66.47
1342,81,T,34.38,2.7,17.39,31.67
1365,82,V,78.12,13.51,42.03,64.61
1366,83,A,28.12,21.62,24.64,6.5
1367,84,P,46.88,18.92,31.88,27.96
1368,85,E,71.88,16.22,40.58,55.66
1369,86,A,43.75,13.51,23.19,30.24
1370,87,E,59.38,29.73,43.48,29.65
1371,88,A,71.88,13.51,33.33,58.36
1372,89,A,56.25,18.92,31.88,37.33
1374,90,V,78.12,21.62,47.83,56.5
1375,91,D,84.38,27.03,53.62,57.35
1376,92,D,93.75,21.62,47.83,72.13
1377,93,T,93.75,18.92,50.72,74.83
1382,94,Q,81.25,21.62,49.28,59.63
1383,95,I,96.88,16.22,49.28,80.66
1384,96,I,96.88,10.81,47.83,86.06
1385,97,T,96.88,21.62,56.52,75.25
1386,98,L,96.88,21.62,56.52,75.25
1389,99,Q,81.25,21.62,46.38,59.63
1390,100,V,81.25,21.62,49.28,59.63
1391,101,V,96.88,18.92,49.28,77.96
1392,102,N,81.25,16.22,42.03,65.03
1398,103,M,81.25,13.51,44.93,67.74
1403,104,E,96.88,35.14,63.77,61.74
1404,105,E,96.88,16.22,53.62,80.66
1405,106,Q,81.25,21.62,49.28,59.63
1410,107,P,75.0,10.81,34.78,64.19
1411,108,I,71.88,29.73,36.23,42.15
1412,109,N,71.88,21.62,36.23,50.25
1413,110,I,59.38,13.51,30.43,45.86
1414,111,G,93.75,51.35,71.01,42.4
1415,112,E,90.62,27.03,56.52,63.6
1416,113,L,81.25,13.51,44.93,67.74
1417,114,Q,81.25,18.92,47.83,62.33
1425,115,L,96.88,13.51,52.17,83.36
1426,116,V,96.88,10.81,46.38,86.06
1427,117,Q,90.62,10.81,44.93,79.81
1428,118,V,78.12,16.22,44.93,61.91
1466,119,P,68.75,13.51,34.78,55.24
1467,120,V,68.75,13.51,34.78,55.24
1468,121,P,65.62,13.51,36.23,52.11
1469,122,V,65.62,16.22,39.13,49.41
1470,123,T,46.88,13.51,26.09,33.36
1471,124,V,87.5,13.51,44.93,73.99
1472,125,P,84.38,16.22,44.93,68.16
1473,126,V,87.5,16.22,49.28,71.28
1474,127,A,68.75,10.81,33.33,57.94
1475,128,T,71.88,16.22,42.03,55.66
1476,129,T,71.88,16.22,42.03,55.66
1477,130,S,71.88,16.22,37.68,55.66
1478,131,V,78.12,18.92,44.93,59.21
1479,132,E,56.25,16.22,34.78,40.03
1499,133,E,75.0,13.51,42.03,61.49
1504,134,L,81.25,8.11,37.68,73.14
1505,135,Q,68.75,10.81,34.78,57.94
1506,136,G,71.88,27.03,47.83,44.85
1520,137,A,65.62,13.51,31.88,52.11
1521,138,Y,71.88,10.81,39.13,61.06
1522,139,E,75.0,10.81,40.58,64.19
1523,140,N,75.0,10.81,39.13,64.19
1528,141,E,75.0,18.92,37.68,56.08
1529,142,V,65.62,21.62,42.03,44.0
1530,143,S,65.62,10.81,36.23,54.81
1531,144,K,75.0,27.03,39.13,47.97
1532,145,E,37.5,16.22,23.19,21.28
1533,146,G,75.0,32.43,52.17,42.57
1534,147,L,87.5,13.51,43.48,73.99
1563,148,A,53.12,16.22,26.09,36.91
1564,149,E,68.75,13.51,37.68,55.24
1565,150,S,68.75,18.92,42.03,49.83
1566,151,E,87.5,16.22,49.28,71.28
1567,152,P,84.38,35.14,57.97,49.24
1573,153,M,62.5,10.81,30.43,51.69
1574,154,I,96.88,16.22,52.17,80.66
1575,155,C,81.25,16.22,44.93,65.03
1576,156,H,96.88,18.92,46.38,77.96
1577,157,T,96.88,16.22,47.83,80.66
1578,158,L,96.88,18.92,50.72,77.96
1579,159,P,96.88,24.32,57.97,72.55
1580,160,L,96.88,16.22,49.28,80.66
1581,161,P,96.88,18.92,50.72,77.96
1583,162,E,93.75,13.51,49.28,80.24
1584,163,G,96.88,21.62,56.52,75.25
1585,164,F,81.25,18.92,44.93,62.33
1587,165,Q,96.88,10.81,46.38,86.06
1588,166,V,96.88,29.73,60.87,67.15
1589,167,V,96.88,18.92,55.07,77.96
1591,168,K,96.88,13.51,50.72,83.36
1595,169,V,96.88,24.32,57.97,72.55
1596,170,G,96.88,16.22,53.62,80.66
1597,171,A,81.25,13.51,39.13,67.74
1598,172,N,96.88,24.32,57.97,72.55
1600,173,G,96.88,51.35,72.46,45.52
1601,174,E,96.88,35.14,63.77,61.74
1602,175,V,84.38,13.51,46.38,70.86
1603,176,E,93.75,10.81,46.38,82.94
1613,177,T,81.25,10.81,37.68,70.44
1614,178,L,68.75,13.51,39.13,55.24
1615,179,E,81.25,16.22,46.38,65.03
1616,180,Q,75.0,10.81,37.68,64.19
1617,181,G,71.88,13.51,40.58,58.36
1618,182,E,75.0,16.22,40.58,58.78
1622,183,L,68.75,18.92,31.88,49.83
1636,184,P,43.75,13.51,27.54,30.24
1637,185,P,81.25,8.11,39.13,73.14
1638,186,Q,68.75,8.11,31.88,60.64
1668,187,E,90.62,13.51,47.83,77.11
1669,188,D,65.62,16.22,36.23,49.41
1670,189,P,68.75,18.92,36.23,49.83
1671,190,S,37.5,13.51,18.84,23.99
1672,191,W,81.25,16.22,39.13,65.03
1673,192,Q,71.88,18.92,43.48,52.96
1674,193,K,93.75,18.92,43.48,74.83
1675,194,D,96.88,18.92,52.17,77.96
1676,195,P,96.88,13.51,52.17,83.36
1677,196,D,90.62,24.32,44.93,66.3
1693,197,Y,93.75,40.54,65.22,53.21
1694,198,Q,84.38,35.14,57.97,49.24
1695,199,P,81.25,21.62,40.58,59.63
1698,200,P,93.75,21.62,52.17,72.13
1699,201,A,53.12,18.92,27.54,34.21
1700,202,K,93.75,29.73,56.52,64.02
1701,203,K,96.88,24.32,49.28,72.55
1703,204,T,56.25,13.51,33.33,42.74
1704,205,K,81.25,16.22,42.03,65.03
1705,206,K,96.88,18.92,50.72,77.96
1706,207,T,50.0,40.54,30.43,9.46
1707,208,K,84.38,27.03,44.93,57.35
1713,209,K,96.88,5.41,47.83,91.47
1714,210,S,75.0,8.11,39.13,66.89
1715,211,K,93.75,24.32,47.83,69.43
1716,212,L,96.88,24.32,57.97,72.55
1717,213,R,96.88,27.03,53.62,69.85
1719,214,Y,96.88,24.32,57.97,72.55
1720,215,T,68.75,16.22,40.58,52.53
1721,216,E,71.88,24.32,37.68,47.55
1739,217,E,75.0,29.73,50.72,45.27
1740,218,G,71.88,35.14,52.17,36.74
1742,219,K,78.12,16.22,40.58,61.91
1743,220,D,93.75,13.51,50.72,80.24
1754,221,V,75.0,13.51,37.68,61.49
1755,222,D,96.88,35.14,63.77,61.74
1756,223,V,75.0,13.51,34.78,61.49
1757,224,S,96.88,35.14,63.77,61.74
1758,225,V,96.88,48.65,71.01,48.23
1759,226,Y,96.88,54.05,73.91,42.82
1760,227,D,96.88,43.24,68.12,53.63
1761,228,F,96.88,64.86,79.71,32.01
1762,229,E,96.88,21.62,56.52,75.25
1771,230,E,81.25,29.73,53.62,51.52
1772,231,E,93.75,21.62,55.07,72.13
1773,232,Q,93.75,10.81,43.48,82.94
1774,233,Q,81.25,10.81,37.68,70.44
1775,234,E,96.88,27.03,59.42,69.85
1776,235,G,93.75,40.54,65.22,53.21
1777,236,L,84.38,16.22,40.58,68.16
1778,237,L,93.75,10.81,46.38,82.94
1780,238,S,96.88,10.81,50.72,86.06
1781,239,E,68.75,10.81,37.68,57.94
1784,240,V,96.88,21.62,53.62,75.25
1785,241,N,81.25,18.92,37.68,62.33
1786,242,A,75.0,13.51,37.68,61.49
1787,243,E,96.88,27.03,56.52,69.85
1788,244,K,96.88,27.03,47.83,69.85
1789,245,V,75.0,27.03,37.68,47.97
1790,246,V,81.25,21.62,37.68,59.63
1791,247,G,81.25,24.32,43.48,56.93
1792,248,N,75.0,21.62,39.13,53.38
1793,249,M,81.25,16.22,39.13,65.03
1794,250,K,96.88,29.73,60.87,67.15
1795,251,P,96.88,24.32,50.72,72.55
1796,252,P,96.88,16.22,49.28,80.66
1797,253,K,96.88,21.62,52.17,75.25
1798,254,P,96.88,29.73,53.62,67.15
1799,255,T,90.62,16.22,47.83,74.41
1800,256,K,84.38,24.32,50.72,60.05
1801,257,I,96.88,24.32,57.97,72.55
1802,258,K,96.88,21.62,56.52,75.25
1803,259,K,96.88,21.62,49.28,75.25
1809,260,K,93.75,21.62,50.72,72.13
1810,261,G,62.5,29.73,37.68,32.77
1811,262,V,46.88,35.14,24.64,11.74
1812,263,K,62.5,24.32,30.43,38.18
1813,264,K,62.5,29.73,44.93,32.77
1814,265,T,62.5,32.43,28.99,30.07
1819,266,F,62.5,35.14,37.68,27.36
1820,267,Q,62.5,29.73,42.03,32.77
1821,268,C,65.62,86.49,76.81,-20.86
1822,269,E,62.5,32.43,28.99,30.07
1823,270,L,62.5,32.43,33.33,30.07
1824,271,C,65.62,89.19,78.26,-23.56
1825,272,S,62.5,32.43,36.23,30.07
1826,273,Y,65.62,48.65,56.52,16.98
1827,274,T,62.5,51.35,56.52,11.15
1828,275,C,62.5,43.24,34.78,19.26
1829,276,P,62.5,24.32,42.03,38.18
1830,277,R,62.5,37.84,46.38,24.66
1831,278,R,62.5,35.14,47.83,27.36
1832,279,S,65.62,27.03,37.68,38.6
1833,280,N,62.5,37.84,34.78,24.66
1834,281,L,65.62,89.19,78.26,-23.56
1835,282,D,62.5,18.92,28.99,43.58
1836,283,R,65.62,67.57,66.67,-1.94
1837,284,H,65.62,89.19,78.26,-23.56
1838,285,M,62.5,51.35,56.52,11.15
1839,286,K,62.5,56.76,59.42,5.74
1840,287,S,62.5,43.24,52.17,19.26
1841,288,H,62.5,86.49,75.36,-23.99
1844,289,T,62.5,45.95,53.62,16.55
1845,290,D,62.5,29.73,40.58,32.77
1846,291,E,62.5,70.27,66.67,-7.77
1848,292,R,62.5,56.76,59.42,5.74
1849,293,P,65.62,83.78,75.36,-18.16
1850,294,H,65.62,37.84,50.72,27.79
1851,295,K,46.88,62.16,55.07,-15.29
1852,296,C,65.62,94.59,81.16,-28.97
1853,297,H,62.5,27.03,37.68,35.47
1854,298,L,62.5,32.43,36.23,30.07
1855,299,C,65.62,94.59,81.16,-28.97
1856,300,G,50.0,48.65,30.43,1.35
1857,301,R,62.5,59.46,60.87,3.04
1858,302,A,62.5,27.03,40.58,35.47
1859,303,F,65.62,91.89,79.71,-26.27
1860,304,R,65.62,37.84,43.48,27.79
1861,305,T,62.5,56.76,59.42,5.74
1862,306,V,62.5,24.32,28.99,38.18
1863,307,T,62.5,37.84,39.13,24.66
1864,308,L,62.5,48.65,36.23,13.85
1865,309,L,65.62,89.19,78.26,-23.56
1866,310,R,62.5,48.65,39.13,13.85
1867,311,N,62.5,64.86,63.77,-2.36
1868,312,H,65.62,94.59,81.16,-28.97
1869,313,L,46.88,27.03,33.33,19.85
1870,314,N,62.5,62.16,62.32,0.34
1871,315,T,62.5,67.57,65.22,-5.07
1874,316,H,65.62,91.89,79.71,-26.27
1875,317,T,65.62,64.86,65.22,0.76
1876,318,G,96.88,91.89,94.2,4.98
1877,319,T,93.75,32.43,56.52,61.32
1878,320,R,71.88,64.86,49.28,7.01
1879,321,P,96.88,94.59,95.65,2.28
1880,322,H,93.75,51.35,71.01,42.4
1881,323,K,93.75,54.05,72.46,39.7
1882,324,C,96.88,94.59,95.65,2.28
1885,325,P,75.0,37.84,37.68,37.16
1886,326,D,78.12,18.92,40.58,59.21
1887,327,C,96.88,100.0,98.55,-3.12
1888,328,D,93.75,35.14,47.83,58.61
1889,329,M,93.75,29.73,53.62,64.02
1890,330,A,93.75,51.35,71.01,42.4
1891,331,F,93.75,97.3,95.65,-3.55
1892,332,V,93.75,45.95,53.62,47.8
1893,333,T,93.75,67.57,79.71,26.18
1894,334,S,93.75,70.27,81.16,23.48
1895,335,G,93.75,91.89,92.75,1.86
1896,336,E,93.75,67.57,79.71,26.18
1897,337,L,96.88,97.3,97.1,-0.42
1898,338,V,93.75,40.54,65.22,53.21
1899,339,R,90.62,72.97,81.16,17.65
1900,340,H,93.75,100.0,97.1,-6.25
1901,341,R,90.62,40.54,47.83,50.08
1902,342,R,93.75,75.68,84.06,18.07
1903,343,Y,90.62,67.57,78.26,23.06
1904,344,K,75.0,29.73,47.83,45.27
1933,345,H,93.75,100.0,97.1,-6.25
1934,346,T,90.62,89.19,89.86,1.44
1935,347,H,90.62,45.95,66.67,44.68
1936,348,E,93.75,94.59,94.2,-0.84
1937,349,K,90.62,91.89,91.3,-1.27
1938,350,P,93.75,91.89,92.75,1.86
1939,351,F,90.62,62.16,52.17,28.46
1940,352,K,93.75,59.46,75.36,34.29
1941,353,C,93.75,100.0,97.1,-6.25
1942,354,S,90.62,45.95,46.38,44.68
1943,355,M,90.62,29.73,49.28,60.9
1944,356,C,93.75,100.0,97.1,-6.25
1945,357,D,90.62,54.05,71.01,36.57
1946,358,Y,90.62,70.27,79.71,20.35
1947,359,A,87.5,62.16,73.91,25.34
1948,360,S,90.62,70.27,79.71,20.35
1949,361,V,90.62,67.57,78.26,23.06
1950,362,E,90.62,70.27,79.71,20.35
1951,363,V,84.38,45.95,39.13,38.43
1952,364,S,87.5,78.38,82.61,9.12
1953,365,K,87.5,67.57,76.81,19.93
1954,366,L,90.62,91.89,91.3,-1.27
1955,367,K,87.5,59.46,72.46,28.04
1956,368,R,87.5,78.38,82.61,9.12
1957,369,H,90.62,100.0,95.65,-9.38
1958,370,I,87.5,43.24,44.93,44.26
1959,371,R,87.5,83.78,85.51,3.72
1960,372,S,87.5,48.65,66.67,38.85
1961,373,H,90.62,97.3,94.2,-6.67
1963,374,T,87.5,94.59,91.3,-7.09
1964,375,G,90.62,100.0,95.65,-9.38
1965,376,E,87.5,94.59,91.3,-7.09
1966,377,R,90.62,67.57,78.26,23.06
1967,378,P,87.5,97.3,92.75,-9.8
1968,379,F,90.62,72.97,56.52,17.65
1969,380,Q,87.5,51.35,68.12,36.15
1970,381,C,90.62,97.3,94.2,-6.67
1971,382,S,71.88,35.14,39.13,36.74
1972,383,L,87.5,35.14,46.38,52.36
1973,384,C,90.62,97.3,94.2,-6.67
1974,385,S,87.5,27.03,47.83,60.47
1975,386,Y,90.62,54.05,71.01,36.57
1976,387,A,87.5,72.97,79.71,14.53
1977,388,S,90.62,56.76,72.46,33.87
1978,389,R,87.5,43.24,42.03,44.26
1979,390,D,87.5,64.86,75.36,22.64
1980,391,T,87.5,35.14,59.42,52.36
1981,392,Y,87.5,35.14,55.07,52.36
1982,393,K,87.5,54.05,69.57,33.45
1983,394,L,93.75,97.3,95.65,-3.55
1985,395,K,90.62,83.78,86.96,6.84
1986,396,R,90.62,75.68,82.61,14.95
1987,397,H,93.75,100.0,97.1,-6.25
1988,398,M,87.5,56.76,50.72,30.74
1989,399,R,87.5,67.57,76.81,19.93
1990,400,T,87.5,35.14,59.42,52.36
1992,401,H,90.62,97.3,94.2,-6.67
1993,402,S,87.5,89.19,49.28,-1.69
2002,403,G,90.62,94.59,92.75,-3.97
2003,404,E,87.5,94.59,91.3,-7.09
2004,405,K,87.5,86.49,86.96,1.01
2005,406,P,90.62,86.49,88.41,4.14
2006,407,Y,87.5,78.38,82.61,9.12
2007,408,E,87.5,45.95,65.22,41.55
2008,409,C,90.62,100.0,95.65,-9.38
2009,410,Y,71.88,37.84,33.33,34.04
2010,411,I,75.0,27.03,49.28,47.97
2011,412,C,90.62,100.0,95.65,-9.38
2012,413,H,84.38,24.32,52.17,60.05
2013,414,A,87.5,32.43,57.97,55.07
2014,415,R,87.5,45.95,65.22,41.55
2015,416,F,90.62,91.89,91.3,-1.27
2016,417,T,87.5,67.57,76.81,19.93
2017,418,Q,87.5,75.68,81.16,11.82
2018,419,S,87.5,54.05,69.57,33.45
2019,420,G,90.62,43.24,65.22,47.38
2020,421,T,90.62,81.08,44.93,9.54
2021,422,M,87.5,86.49,47.83,1.01
2022,423,K,90.62,81.08,85.51,9.54
2023,424,M,87.5,35.14,50.72,52.36
2025,425,H,93.75,100.0,97.1,-6.25
2026,426,I,71.88,29.73,40.58,42.15
2027,427,L,87.5,48.65,66.67,38.85
2028,428,Q,87.5,43.24,50.72,44.26
2029,429,K,87.5,18.92,40.58,68.58
2030,430,H,90.62,81.08,85.51,9.54
2031,431,T,87.5,40.54,62.32,46.96
2032,432,E,75.0,70.27,40.58,4.73
2033,433,N,87.5,29.73,53.62,57.77
2034,434,V,87.5,56.76,40.58,30.74
2035,435,A,71.88,94.59,59.42,-22.72
2036,436,K,87.5,29.73,46.38,57.77
2037,437,F,75.0,51.35,62.32,23.65
2038,438,H,87.5,35.14,43.48,52.36
2039,439,C,90.62,94.59,92.75,-3.97
2040,440,P,90.62,43.24,43.48,47.38
2041,441,H,90.62,35.14,43.48,55.49
2042,442,C,90.62,94.59,92.75,-3.97
2043,443,D,90.62,45.95,47.83,44.68
2044,444,T,71.88,51.35,60.87,20.52
2045,445,V,87.5,45.95,40.58,41.55
2046,446,I,90.62,40.54,42.03,50.08
2047,447,A,87.5,59.46,43.48,28.04
2048,448,R,87.5,72.97,79.71,14.53
2049,449,K,87.5,64.86,75.36,22.64
2050,450,S,87.5,37.84,56.52,49.66
2051,451,D,87.5,64.86,75.36,22.64
2052,452,L,93.75,91.89,92.75,1.86
2053,453,G,87.5,43.24,40.58,44.26
2054,454,V,90.62,32.43,49.28,58.19
2055,455,H,93.75,94.59,94.2,-0.84
2056,456,L,90.62,40.54,52.17,50.08
2057,457,R,90.62,29.73,56.52,60.9
2308,458,K,90.62,59.46,73.91,31.17
2309,459,Q,90.62,43.24,47.83,47.38
2310,460,H,93.75,94.59,94.2,-0.84
2311,461,S,78.12,75.68,42.03,2.45
2312,462,Y,71.88,32.43,34.78,39.44
2313,463,I,71.88,8.11,33.33,63.77
2314,464,E,90.62,48.65,68.12,41.98
2315,465,Q,68.75,48.65,31.88,20.1
2316,466,G,78.12,78.38,42.03,-0.25
2317,467,K,71.88,48.65,34.78,23.23
2318,468,K,81.25,27.03,52.17,54.22
2319,469,C,93.75,94.59,94.2,-0.84
2320,470,R,90.62,37.84,56.52,52.79
2321,471,Y,90.62,24.32,53.62,66.3
2322,472,C,93.75,91.89,92.75,1.86
2323,473,D,78.12,35.14,44.93,42.99
2324,474,A,81.25,45.95,37.68,35.3
2325,475,V,75.0,27.03,36.23,47.97
2326,476,F,93.75,81.08,86.96,12.67
2327,477,H,90.62,37.84,47.83,52.79
2333,478,E,90.62,59.46,46.38,31.17
2334,479,R,90.62,54.05,71.01,36.57
2335,480,Y,90.62,45.95,66.67,44.68
2336,481,A,90.62,27.03,44.93,63.6
2337,482,L,93.75,45.95,68.12,47.8
2338,483,I,75.0,54.05,34.78,20.95
2339,484,Q,90.62,16.22,50.72,74.41
2340,485,H,93.75,94.59,94.2,-0.84
2341,486,Q,90.62,27.03,47.83,63.6
2342,487,K,78.12,43.24,59.42,34.88
2343,488,S,75.0,70.27,44.93,4.73
2344,489,H,93.75,91.89,92.75,1.86
2345,490,K,81.25,29.73,37.68,51.52
2417,491,N,90.62,75.68,42.03,14.95
2419,492,E,90.62,81.08,85.51,9.54
2420,493,K,93.75,81.08,86.96,12.67
2421,494,R,90.62,40.54,47.83,50.08
2448,495,F,90.62,43.24,62.32,47.38
2449,496,K,90.62,51.35,69.57,39.27
2450,497,C,93.75,86.49,89.86,7.26
2451,498,D,87.5,29.73,55.07,57.77
2452,499,Q,84.38,29.73,43.48,54.65
2453,500,C,93.75,89.19,91.3,4.56
2454,501,D,75.0,24.32,40.58,50.68
2455,502,Y,93.75,54.05,72.46,39.7
2456,503,A,84.38,40.54,60.87,43.83
2457,504,C,93.75,29.73,49.28,64.02
2458,505,R,71.88,16.22,36.23,55.66
2459,506,Q,93.75,32.43,60.87,61.32
2461,507,E,87.5,21.62,46.38,65.88
2462,508,R,87.5,54.05,69.57,33.45
2463,509,H,87.5,62.16,73.91,25.34
2464,510,M,87.5,81.08,43.48,6.42
2465,511,I,65.62,21.62,34.78,44.0
2466,512,M,87.5,40.54,40.58,46.96
2467,513,H,90.62,86.49,88.41,4.14
2469,514,K,87.5,29.73,44.93,57.77
2470,515,R,87.5,37.84,57.97,49.66
2471,516,T,71.88,27.03,47.83,44.85
2472,517,H,90.62,83.78,86.96,6.84
2473,518,T,90.62,70.27,79.71,20.35
2474,519,G,87.5,59.46,72.46,28.04
2475,520,E,87.5,56.76,71.01,30.74
2478,521,K,87.5,72.97,79.71,14.53
2479,522,P,90.62,78.38,84.06,12.25
2480,523,Y,68.75,40.54,53.62,28.21
2481,524,A,71.88,18.92,34.78,52.96
2482,525,C,90.62,86.49,88.41,4.14
2483,526,S,71.88,29.73,40.58,42.15
2484,527,H,62.5,18.92,33.33,43.58
2485,528,C,90.62,86.49,88.41,4.14
2486,529,D,81.25,27.03,52.17,54.22
2487,530,K,90.62,35.14,52.17,55.49
2488,531,T,87.5,29.73,49.28,57.77
2489,532,F,90.62,81.08,85.51,9.54
2490,533,R,90.62,48.65,68.12,41.98
2491,534,Q,87.5,64.86,75.36,22.64
2492,535,K,87.5,59.46,72.46,28.04
2493,536,Q,87.5,51.35,68.12,36.15
2494,537,L,87.5,48.65,66.67,38.85
2495,538,L,87.5,86.49,86.96,1.01
2496,539,D,87.5,32.43,43.48,55.07
2497,540,M,71.88,43.24,33.33,28.63
2498,541,H,90.62,89.19,89.86,1.44
2499,542,F,87.5,16.22,42.03,71.28
2508,543,K,84.38,18.92,49.28,65.46
2509,544,R,87.5,32.43,52.17,55.07
2511,545,Y,87.5,40.54,55.07,46.96
2512,546,H,87.5,56.76,71.01,30.74
2513,547,D,90.62,29.73,49.28,60.9
2516,548,P,87.5,62.16,73.91,25.34
2517,549,N,65.62,16.22,39.13,49.41
2525,550,F,87.5,43.24,43.48,44.26
2527,551,V,84.38,13.51,46.38,70.86
2528,552,P,90.62,32.43,59.42,58.19
2529,553,A,65.62,35.14,31.88,30.49
2530,554,A,68.75,13.51,33.33,55.24
2531,555,F,71.88,32.43,33.33,39.44
2532,556,V,75.0,21.62,36.23,53.38
2538,557,C,90.62,78.38,84.06,12.25
2539,558,S,78.12,24.32,40.58,53.8
2543,559,K,87.5,27.03,46.38,60.47
2544,560,C,90.62,81.08,85.51,9.54
2545,561,G,68.75,21.62,42.03,47.13
2546,562,K,75.0,54.05,63.77,20.95
2547,563,T,68.75,21.62,42.03,47.13
2548,564,F,90.62,78.38,84.06,12.25
2549,565,T,87.5,24.32,50.72,63.18
2550,566,R,90.62,32.43,52.17,58.19
2551,567,R,84.38,45.95,43.48,38.43
2562,568,N,71.88,51.35,36.23,20.52
2563,569,T,84.38,43.24,42.03,41.13
2564,570,M,84.38,78.38,43.48,6.0
2565,571,A,59.38,24.32,30.43,35.05
2566,572,R,65.62,37.84,50.72,27.79
2567,573,H,84.38,78.38,81.16,6.0
2568,574,A,65.62,32.43,30.43,33.19
2633,575,D,71.88,18.92,36.23,52.96
2634,576,N,65.62,13.51,34.78,52.11
2635,577,C,84.38,45.95,44.93,38.43
2636,578,A,25.0,27.03,23.19,-2.03
2642,579,G,81.25,13.51,43.48,67.74
2643,580,P,50.0,21.62,34.78,28.38
2644,581,D,62.5,16.22,37.68,46.28
2645,582,G,62.5,13.51,30.43,48.99
2646,583,V,37.5,8.11,21.74,29.39
2647,584,E,59.38,18.92,37.68,40.46
2648,585,G,68.75,16.22,33.33,52.53
2649,586,E,68.75,18.92,42.03,49.83
2650,587,N,78.12,10.81,37.68,67.31
2651,588,G,78.12,16.22,44.93,61.91
2652,589,G,56.25,16.22,31.88,40.03
2653,590,E,59.38,29.73,43.48,29.65
2677,591,T,43.75,13.51,21.74,30.24
2678,592,K,62.5,13.51,31.88,48.99
2679,593,K,56.25,16.22,28.99,40.03
2680,594,S,37.5,32.43,24.64,5.07
2681,595,K,53.12,18.92,34.78,34.21
2682,596,R,71.88,13.51,39.13,58.36
2683,597,G,78.12,48.65,62.32,29.48
2684,598,R,78.12,24.32,47.83,53.8
2685,599,K,78.12,21.62,39.13,56.5
2686,600,R,78.12,24.32,43.48,53.8
2687,601,K,78.12,18.92,46.38,59.21
2688,602,M,78.12,24.32,36.23,53.8
2689,603,R,59.38,27.03,39.13,32.35
2690,604,S,75.0,13.51,40.58,61.49
2691,605,K,56.25,10.81,27.54,45.44
2707,606,K,65.62,10.81,34.78,54.81
2710,607,E,59.38,16.22,36.23,43.16
2711,608,D,62.5,10.81,33.33,51.69
2712,609,S,53.12,16.22,27.54,36.91
2713,610,S,71.88,16.22,42.03,55.66
2714,611,D,65.62,18.92,40.58,46.71
2715,612,S,68.75,16.22,37.68,52.53
2717,613,E,53.12,13.51,31.88,39.61
2718,614,N,53.12,24.32,24.64,28.8
2719,615,A,53.12,13.51,26.09,39.61
2720,616,E,62.5,16.22,36.23,46.28
2721,617,P,71.88,13.51,40.58,58.36
2722,618,D,46.88,18.92,28.99,27.96
2723,619,L,56.25,21.62,37.68,34.63
2724,620,D,56.25,27.03,40.58,29.22
2725,621,D,65.62,32.43,37.68,33.19
2726,622,N,50.0,24.32,24.64,25.68
2727,623,E,62.5,35.14,47.83,27.36
2728,624,D,43.75,13.51,27.54,30.24
2734,625,E,75.0,18.92,44.93,56.08
2735,626,E,75.0,16.22,42.03,58.78
2830,627,E,78.12,10.81,42.03,67.31
2831,628,P,34.38,16.22,17.39,18.16
2832,629,A,50.0,13.51,27.54,36.49
2833,630,V,65.62,18.92,40.58,46.71
2834,631,E,75.0,13.51,42.03,61.49
2835,632,I,53.12,16.22,33.33,36.91
2837,633,E,68.75,21.62,43.48,47.13
2838,634,P,37.5,18.92,17.39,18.58
2848,635,E,56.25,8.11,30.43,48.14
2849,636,P,56.25,8.11,30.43,48.14
2852,637,E,59.38,16.22,36.23,43.16
2861,638,P,34.38,5.41,15.94,28.97
2862,639,Q,34.38,5.41,18.84,28.97
2863,640,P,43.75,5.41,21.74,38.34
2878,641,V,43.75,8.11,24.64,35.64
2879,642,T,31.25,5.41,15.94,25.84
2880,643,P,78.12,8.11,36.23,70.02
2881,644,A,46.88,8.11,26.09,38.77
2882,645,P,75.0,18.92,44.93,56.08
2883,646,P,78.12,24.32,49.28,53.8
2884,647,P,81.25,13.51,43.48,67.74
2885,648,A,43.75,10.81,24.64,32.94
2886,649,K,81.25,10.81,40.58,70.44
2887,650,K,59.38,13.51,34.78,45.86
2888,651,R,75.0,10.81,40.58,64.19
2889,652,R,81.25,13.51,44.93,67.74
2890,653,G,78.12,40.54,57.97,37.58
2891,654,R,78.12,13.51,39.13,64.61
2892,655,P,78.12,13.51,40.58,64.61
2893,656,P,78.12,32.43,53.62,45.69
2894,657,G,56.25,13.51,30.43,42.74
2895,658,R,34.38,10.81,17.39,23.56
2896,659,T,37.5,16.22,20.29,21.28
2897,660,N,40.62,10.81,23.19,29.81
2904,661,Q,56.25,18.92,27.54,37.33
2905,662,P,40.62,16.22,24.64,24.41
2906,663,K,56.25,10.81,28.99,45.44
2907,664,Q,56.25,8.11,27.54,48.14
2908,665,N,15.62,5.41,10.14,10.22
2909,666,Q,50.0,10.81,24.64,39.19
2910,667,P,46.88,18.92,23.19,27.96
2952,668,T,31.25,16.22,20.29,15.03
2953,669,A,65.62,18.92,40.58,46.71
2954,670,I,56.25,18.92,28.99,37.33
2955,671,I,59.38,16.22,33.33,43.16
2956,672,Q,59.38,24.32,33.33,35.05
2957,673,V,59.38,16.22,36.23,43.16
2958,674,E,53.12,29.73,40.58,23.4
2959,675,D,62.5,21.62,39.13,40.88
2960,676,Q,46.88,10.81,23.19,36.06
2961,677,N,50.0,18.92,33.33,31.08
2962,678,T,65.62,10.81,34.78,54.81
2963,679,G,71.88,27.03,44.93,44.85
2964,680,A,43.75,16.22,27.54,27.53
2965,681,I,71.88,16.22,40.58,55.66
2966,682,E,71.88,18.92,43.48,52.96
2967,683,N,62.5,16.22,34.78,46.28
2968,684,I,78.12,16.22,40.58,61.91
2969,685,I,65.62,10.81,34.78,54.81
2970,686,V,75.0,13.51,39.13,61.49
2971,687,E,46.88,24.32,34.78,22.55
2972,688,V,68.75,10.81,33.33,57.94
2973,689,K,56.25,18.92,27.54,37.33
2974,690,K,56.25,13.51,30.43,42.74
2975,691,E,53.12,13.51,30.43,39.61
2995,692,P,65.62,8.11,33.33,57.52
2996,693,D,65.62,10.81,33.33,54.81
3009,694,A,50.0,13.51,26.09,36.49
3010,695,E,68.75,10.81,37.68,57.94
3011,696,P,28.12,13.51,18.84,14.61
3017,697,A,34.38,5.41,15.94,28.97
3018,698,E,43.75,10.81,21.74,32.94
3027,699,G,21.88,10.81,14.49,11.06
3028,700,E,53.12,29.73,40.58,23.4
3029,701,E,65.62,13.51,37.68,52.11
3030,702,E,46.88,21.62,33.33,25.25
3031,703,E,46.88,16.22,30.43,30.66
3032,704,A,40.62,13.51,26.09,27.11
3033,705,Q,46.88,16.22,23.19,30.66
3034,706,P,43.75,13.51,27.54,30.24
3035,707,A,46.88,16.22,30.43,30.66
3036,708,A,37.5,8.11,20.29,29.39
3037,709,T,46.88,21.62,23.19,25.25
3064,710,D,50.0,5.41,23.19,44.59
3065,711,A,56.25,5.41,27.54,50.84
3066,712,P,78.12,8.11,40.58,70.02
3067,713,N,59.38,8.11,30.43,51.27
3068,714,G,59.38,10.81,33.33,48.56
3157,715,D,75.0,2.7,36.23,72.3
3158,716,L,59.38,5.41,28.99,53.97
3159,717,T,71.88,2.7,33.33,69.17
3187,718,P,78.12,2.7,36.23,75.42
3188,719,E,71.88,2.7,34.78,69.17
3189,720,M,71.88,2.7,34.78,69.17
3248,721,I,71.88,2.7,33.33,69.17
3249,722,L,75.0,2.7,34.78,72.3
3250,723,S,71.88,2.7,33.33,69.17
3251,724,M,71.88,2.7,34.78,69.17
3252,725,M,71.88,5.41,33.33,66.47
3253,726,D,78.12,2.7,37.68,75.42
3326,727,R,65.62,2.7,30.43,62.92
