chrom	start	end	midpoint	window_bp	ctcf_count
chr2L	72000	74000	73000	10000	0
chr2L	94000	96000	95000	10000	0
chr2L	144000	146000	145000	10000	0
chr2L	156000	158000	157000	10000	0
chr2L	184000	186000	185000	10000	0
chr2L	252000	254000	253000	10000	0
chr2L	272000	274000	273000	10000	0
chr2L	298000	300000	299000	10000	0
chr2L	306000	308000	307000	10000	0
chr2L	404000	406000	405000	10000	2
chr2L	420000	422000	421000	10000	1
chr2L	472000	474000	473000	10000	0
chr2L	490000	492000	491000	10000	1
chr2L	542000	544000	543000	10000	1
chr2L	554000	556000	555000	10000	1
chr2L	574000	576000	575000	10000	0
chr2L	810000	812000	811000	10000	0
chr2L	856000	858000	857000	10000	0
chr2L	870000	872000	871000	10000	1
chr2L	1048000	1050000	1049000	10000	0
chr2L	1078000	1080000	1079000	10000	0
chr2L	1110000	1112000	1111000	10000	0
chr2L	1164000	1166000	1165000	10000	0
chr2L	1184000	1186000	1185000	10000	1
chr2L	1362000	1364000	1363000	10000	1
chr2L	1492000	1494000	1493000	10000	1
chr2L	1614000	1616000	1615000	10000	0
chr2L	1704000	1706000	1705000	10000	0
chr2L	1716000	1718000	1717000	10000	0
chr2L	1732000	1734000	1733000	10000	0
chr2L	1752000	1754000	1753000	10000	1
chr2L	1884000	1886000	1885000	10000	0
chr2L	1938000	1940000	1939000	10000	0
chr2L	1974000	1976000	1975000	10000	0
chr2L	1988000	1990000	1989000	10000	1
chr2L	2038000	2040000	2039000	10000	0
chr2L	2130000	2132000	2131000	10000	0
chr2L	2152000	2154000	2153000	10000	0
chr2L	2192000	2194000	2193000	10000	0
chr2L	2238000	2240000	2239000	10000	0
chr2L	2356000	2358000	2357000	10000	1
chr2L	2382000	2384000	2383000	10000	1
chr2L	2492000	2494000	2493000	10000	0
chr2L	2562000	2564000	2563000	10000	0
chr2L	2586000	2588000	2587000	10000	0
chr2L	2724000	2726000	2725000	10000	0
chr2L	2740000	2742000	2741000	10000	0
chr2L	2770000	2772000	2771000	10000	0
chr2L	2810000	2812000	2811000	10000	1
chr2L	2856000	2858000	2857000	10000	1
chr2L	2884000	2886000	2885000	10000	0
chr2L	2968000	2970000	2969000	10000	0
chr2L	3040000	3042000	3041000	10000	1
chr2L	3060000	3062000	3061000	10000	0
chr2L	3110000	3112000	3111000	10000	0
chr2L	3146000	3148000	3147000	10000	0
chr2L	3162000	3164000	3163000	10000	0
chr2L	3304000	3306000	3305000	10000	0
chr2L	3358000	3360000	3359000	10000	0
chr2L	3374000	3376000	3375000	10000	1
chr2L	3450000	3452000	3451000	10000	1
chr2L	3470000	3472000	3471000	10000	1
chr2L	3530000	3532000	3531000	10000	2
chr2L	3618000	3620000	3619000	10000	2
chr2L	3658000	3660000	3659000	10000	0
chr2L	3804000	3806000	3805000	10000	0
chr2L	3874000	3876000	3875000	10000	1
chr2L	4034000	4036000	4035000	10000	0
chr2L	4180000	4182000	4181000	10000	0
chr2L	4198000	4200000	4199000	10000	1
chr2L	4332000	4334000	4333000	10000	0
chr2L	4346000	4348000	4347000	10000	1
chr2L	4372000	4374000	4373000	10000	0
chr2L	4400000	4402000	4401000	10000	1
chr2L	4442000	4444000	4443000	10000	0
chr2L	4464000	4466000	4465000	10000	0
chr2L	4794000	4796000	4795000	10000	1
chr2L	4812000	4814000	4813000	10000	0
chr2L	4886000	4888000	4887000	10000	1
chr2L	4966000	4968000	4967000	10000	0
chr2L	4998000	5000000	4999000	10000	0
chr2L	5010000	5012000	5011000	10000	0
chr2L	5032000	5034000	5033000	10000	2
chr2L	5060000	5062000	5061000	10000	1
chr2L	5100000	5102000	5101000	10000	0
chr2L	5154000	5156000	5155000	10000	0
chr2L	5216000	5218000	5217000	10000	0
chr2L	5270000	5272000	5271000	10000	0
chr2L	5328000	5330000	5329000	10000	0
chr2L	5366000	5368000	5367000	10000	0
chr2L	5520000	5522000	5521000	10000	0
chr2L	5548000	5550000	5549000	10000	0
chr2L	5724000	5726000	5725000	10000	0
chr2L	5770000	5772000	5771000	10000	1
chr2L	5804000	5806000	5805000	10000	0
chr2L	5906000	5908000	5907000	10000	0
chr2L	5944000	5946000	5945000	10000	4
chr2L	5986000	5988000	5987000	10000	0
chr2L	6046000	6048000	6047000	10000	1
chr2L	6070000	6072000	6071000	10000	0
chr2L	6100000	6102000	6101000	10000	0
chr2L	6128000	6130000	6129000	10000	0
chr2L	6324000	6326000	6325000	10000	0
chr2L	6338000	6340000	6339000	10000	0
chr2L	6356000	6358000	6357000	10000	0
chr2L	6444000	6446000	6445000	10000	0
chr2L	6456000	6458000	6457000	10000	1
chr2L	6480000	6482000	6481000	10000	0
chr2L	6494000	6496000	6495000	10000	1
chr2L	6566000	6568000	6567000	10000	1
chr2L	6612000	6614000	6613000	10000	0
chr2L	6650000	6652000	6651000	10000	0
chr2L	6684000	6686000	6685000	10000	1
chr2L	6724000	6726000	6725000	10000	0
chr2L	6798000	6800000	6799000	10000	2
chr2L	6852000	6854000	6853000	10000	0
chr2L	6908000	6910000	6909000	10000	0
chr2L	6950000	6952000	6951000	10000	0
chr2L	6972000	6974000	6973000	10000	2
chr2L	7028000	7030000	7029000	10000	0
chr2L	7042000	7044000	7043000	10000	0
chr2L	7064000	7066000	7065000	10000	0
chr2L	7182000	7184000	7183000	10000	0
chr2L	7220000	7222000	7221000	10000	0
chr2L	7426000	7428000	7427000	10000	0
chr2L	7496000	7498000	7497000	10000	0
chr2L	7536000	7538000	7537000	10000	1
chr2L	7642000	7644000	7643000	10000	1
chr2L	7782000	7784000	7783000	10000	0
chr2L	7828000	7830000	7829000	10000	0
chr2L	7886000	7888000	7887000	10000	0
chr2L	7978000	7980000	7979000	10000	0
chr2L	7998000	8000000	7999000	10000	1
chr2L	8030000	8032000	8031000	10000	1
chr2L	8042000	8044000	8043000	10000	0
chr2L	8082000	8084000	8083000	10000	0
chr2L	8134000	8136000	8135000	10000	0
chr2L	8162000	8164000	8163000	10000	0
chr2L	8198000	8200000	8199000	10000	0
chr2L	8240000	8242000	8241000	10000	1
chr2L	8302000	8304000	8303000	10000	0
chr2L	8320000	8322000	8321000	10000	0
chr2L	8366000	8368000	8367000	10000	0
chr2L	8384000	8386000	8385000	10000	0
chr2L	8404000	8406000	8405000	10000	0
chr2L	8414000	8416000	8415000	10000	0
chr2L	8438000	8440000	8439000	10000	0
chr2L	8464000	8466000	8465000	10000	0
chr2L	8512000	8514000	8513000	10000	0
chr2L	8542000	8544000	8543000	10000	0
chr2L	8686000	8688000	8687000	10000	0
chr2L	8710000	8712000	8711000	10000	0
chr2L	8742000	8744000	8743000	10000	0
chr2L	8966000	8968000	8967000	10000	0
chr2L	8998000	9000000	8999000	10000	0
chr2L	9120000	9122000	9121000	10000	0
chr2L	9166000	9168000	9167000	10000	0
chr2L	9254000	9256000	9255000	10000	0
chr2L	9330000	9332000	9331000	10000	1
chr2L	9494000	9496000	9495000	10000	0
chr2L	9578000	9580000	9579000	10000	1
chr2L	9612000	9614000	9613000	10000	0
chr2L	9700000	9702000	9701000	10000	0
chr2L	9758000	9760000	9759000	10000	0
chr2L	9776000	9778000	9777000	10000	2
chr2L	9794000	9796000	9795000	10000	0
chr2L	9888000	9890000	9889000	10000	1
chr2L	9900000	9902000	9901000	10000	0
chr2L	9920000	9922000	9921000	10000	2
chr2L	9968000	9970000	9969000	10000	0
chr2L	10010000	10012000	10011000	10000	0
chr2L	10056000	10058000	10057000	10000	1
chr2L	10200000	10202000	10201000	10000	0
chr2L	10232000	10234000	10233000	10000	0
chr2L	10240000	10242000	10241000	10000	0
chr2L	10250000	10252000	10251000	10000	0
chr2L	10264000	10266000	10265000	10000	0
chr2L	10278000	10280000	10279000	10000	0
chr2L	10304000	10306000	10305000	10000	0
chr2L	10334000	10336000	10335000	10000	0
chr2L	10366000	10368000	10367000	10000	1
chr2L	10388000	10390000	10389000	10000	0
chr2L	10396000	10398000	10397000	10000	0
chr2L	10408000	10410000	10409000	10000	0
chr2L	10414000	10416000	10415000	10000	0
chr2L	10426000	10428000	10427000	10000	0
chr2L	10480000	10482000	10481000	10000	0
chr2L	10518000	10520000	10519000	10000	0
chr2L	10728000	10730000	10729000	10000	1
chr2L	10770000	10772000	10771000	10000	0
chr2L	10858000	10860000	10859000	10000	0
chr2L	10964000	10966000	10965000	10000	0
chr2L	10988000	10990000	10989000	10000	1
chr2L	11004000	11006000	11005000	10000	0
chr2L	11012000	11014000	11013000	10000	0
chr2L	11092000	11094000	11093000	10000	0
chr2L	11132000	11134000	11133000	10000	0
chr2L	11268000	11270000	11269000	10000	0
chr2L	11286000	11288000	11287000	10000	0
chr2L	11498000	11500000	11499000	10000	3
chr2L	11526000	11528000	11527000	10000	0
chr2L	11790000	11792000	11791000	10000	0
chr2L	11814000	11816000	11815000	10000	2
chr2L	11994000	11996000	11995000	10000	2
chr2L	12014000	12016000	12015000	10000	0
chr2L	12056000	12058000	12057000	10000	0
chr2L	12110000	12112000	12111000	10000	0
chr2L	12216000	12218000	12217000	10000	0
chr2L	12428000	12430000	12429000	10000	1
chr2L	12434000	12436000	12435000	10000	0
chr2L	12454000	12456000	12455000	10000	0
chr2L	12520000	12522000	12521000	10000	0
chr2L	12548000	12550000	12549000	10000	1
chr2L	12692000	12694000	12693000	10000	0
chr2L	12722000	12724000	12723000	10000	0
chr2L	12974000	12976000	12975000	10000	0
chr2L	13000000	13002000	13001000	10000	1
chr2L	13022000	13024000	13023000	10000	0
chr2L	13164000	13166000	13165000	10000	0
chr2L	13204000	13206000	13205000	10000	0
chr2L	13222000	13224000	13223000	10000	0
chr2L	13290000	13292000	13291000	10000	0
chr2L	13366000	13368000	13367000	10000	0
chr2L	13394000	13396000	13395000	10000	0
chr2L	13446000	13448000	13447000	10000	0
chr2L	13502000	13504000	13503000	10000	0
chr2L	13550000	13552000	13551000	10000	0
chr2L	13642000	13644000	13643000	10000	0
chr2L	13770000	13772000	13771000	10000	1
chr2L	13780000	13782000	13781000	10000	0
chr2L	13834000	13836000	13835000	10000	0
chr2L	13842000	13844000	13843000	10000	0
chr2L	13904000	13906000	13905000	10000	1
chr2L	14036000	14038000	14037000	10000	0
chr2L	14094000	14096000	14095000	10000	0
chr2L	14160000	14162000	14161000	10000	1
chr2L	14252000	14254000	14253000	10000	0
chr2L	14362000	14364000	14363000	10000	1
chr2L	14600000	14602000	14601000	10000	0
chr2L	14706000	14708000	14707000	10000	3
chr2L	14954000	14956000	14955000	10000	0
chr2L	15008000	15010000	15009000	10000	0
chr2L	15040000	15042000	15041000	10000	1
chr2L	15068000	15070000	15069000	10000	0
chr2L	15118000	15120000	15119000	10000	1
chr2L	15254000	15256000	15255000	10000	0
chr2L	15272000	15274000	15273000	10000	0
chr2L	15498000	15500000	15499000	10000	1
chr2L	15722000	15724000	15723000	10000	0
chr2L	15744000	15746000	15745000	10000	0
chr2L	15772000	15774000	15773000	10000	0
chr2L	15906000	15908000	15907000	10000	1
chr2L	15952000	15954000	15953000	10000	1
chr2L	16252000	16254000	16253000	10000	0
chr2L	16258000	16260000	16259000	10000	0
chr2L	16288000	16290000	16289000	10000	1
chr2L	16328000	16330000	16329000	10000	0
chr2L	16356000	16358000	16357000	10000	0
chr2L	16490000	16492000	16491000	10000	1
chr2L	16508000	16510000	16509000	10000	0
chr2L	16544000	16546000	16545000	10000	0
chr2L	16588000	16590000	16589000	10000	1
chr2L	16680000	16682000	16681000	10000	0
chr2L	16704000	16706000	16705000	10000	0
chr2L	16728000	16730000	16729000	10000	0
chr2L	16816000	16818000	16817000	10000	1
chr2L	16888000	16890000	16889000	10000	0
chr2L	16926000	16928000	16927000	10000	0
chr2L	17196000	17198000	17197000	10000	1
chr2L	17368000	17370000	17369000	10000	0
chr2L	17384000	17386000	17385000	10000	0
chr2L	17502000	17504000	17503000	10000	0
chr2L	17796000	17798000	17797000	10000	0
chr2L	17952000	17954000	17953000	10000	3
chr2L	18138000	18140000	18139000	10000	1
chr2L	18158000	18160000	18159000	10000	0
chr2L	18442000	18444000	18443000	10000	0
chr2L	18514000	18516000	18515000	10000	1
chr2L	18556000	18558000	18557000	10000	0
chr2L	18590000	18592000	18591000	10000	0
chr2L	18612000	18614000	18613000	10000	0
chr2L	18682000	18684000	18683000	10000	0
chr2L	18708000	18710000	18709000	10000	0
chr2L	18830000	18832000	18831000	10000	3
chr2L	18840000	18842000	18841000	10000	3
chr2L	18858000	18860000	18859000	10000	0
chr2L	18944000	18946000	18945000	10000	0
chr2L	18988000	18990000	18989000	10000	0
chr2L	19010000	19012000	19011000	10000	1
chr2L	19054000	19056000	19055000	10000	1
chr2L	19132000	19134000	19133000	10000	0
chr2L	19186000	19188000	19187000	10000	0
chr2L	19364000	19366000	19365000	10000	1
chr2L	19400000	19402000	19401000	10000	0
chr2L	19426000	19428000	19427000	10000	1
chr2L	19454000	19456000	19455000	10000	0
chr2L	19526000	19528000	19527000	10000	0
chr2L	19542000	19544000	19543000	10000	0
chr2L	19570000	19572000	19571000	10000	0
chr2L	19584000	19586000	19585000	10000	1
chr2L	19730000	19732000	19731000	10000	0
chr2L	19796000	19798000	19797000	10000	0
chr2L	19814000	19816000	19815000	10000	1
chr2L	19888000	19890000	19889000	10000	1
chr2L	20060000	20062000	20061000	10000	0
chr2L	20076000	20078000	20077000	10000	0
chr2L	20104000	20106000	20105000	10000	0
chr2L	20294000	20296000	20295000	10000	1
chr2L	20342000	20344000	20343000	10000	0
chr2L	20416000	20418000	20417000	10000	3
chr2L	20452000	20454000	20453000	10000	0
chr2L	20640000	20642000	20641000	10000	0
chr2L	20682000	20684000	20683000	10000	0
chr2L	20734000	20736000	20735000	10000	0
chr2L	20758000	20760000	20759000	10000	0
chr2L	20788000	20790000	20789000	10000	0
chr2L	20828000	20830000	20829000	10000	0
chr2L	20926000	20928000	20927000	10000	0
chr2L	21054000	21056000	21055000	10000	0
chr2L	21102000	21104000	21103000	10000	0
chr2L	21142000	21144000	21143000	10000	0
chr2L	21154000	21156000	21155000	10000	0
chr2L	21180000	21182000	21181000	10000	0
chr2L	21222000	21224000	21223000	10000	0
chr2L	21310000	21312000	21311000	10000	0
chr2L	21404000	21406000	21405000	10000	1
chr2L	21416000	21418000	21417000	10000	1
chr2L	21444000	21446000	21445000	10000	0
chr2L	21454000	21456000	21455000	10000	0
chr2L	21516000	21518000	21517000	10000	0
chr2L	21540000	21542000	21541000	10000	0
chr2L	21552000	21554000	21553000	10000	0
chr2L	21572000	21574000	21573000	10000	0
chr2L	21656000	21658000	21657000	10000	0
chr2L	21684000	21686000	21685000	10000	0
chr2L	21762000	21764000	21763000	10000	0
chr2L	21900000	21902000	21901000	10000	0
chr2L	22120000	22122000	22121000	10000	0
chr2L	22170000	22172000	22171000	10000	0
chr2L	22182000	22184000	22183000	10000	0
chr2L	22230000	22232000	22231000	10000	0
chr2L	22260000	22262000	22261000	10000	0
chr2L	22354000	22356000	22355000	10000	0
chr2L	22388000	22390000	22389000	10000	0
chr2L	22408000	22410000	22409000	10000	0
chr2L	22506000	22508000	22507000	10000	0
chr2L	22520000	22522000	22521000	10000	0
chr2L	22590000	22592000	22591000	10000	0
chr2L	22712000	22714000	22713000	10000	0
chr2L	22740000	22742000	22741000	10000	0
chr2L	22788000	22790000	22789000	10000	0
chr2L	22808000	22810000	22809000	10000	0
chr2L	22872000	22874000	22873000	10000	0
chr2L	22882000	22884000	22883000	10000	0
chr2L	22910000	22912000	22911000	10000	0
chr2L	22916000	22918000	22917000	10000	0
chr2L	22938000	22940000	22939000	10000	0
chr2L	22960000	22962000	22961000	10000	0
chr2L	23056000	23058000	23057000	10000	0
chr2L	23134000	23136000	23135000	10000	0
chr2L	23190000	23192000	23191000	10000	1
chr2L	23196000	23198000	23197000	10000	1
chr2L	23282000	23284000	23283000	10000	0
chr2L	23308000	23310000	23309000	10000	0
chr2L	23322000	23324000	23323000	10000	0
chr2L	23384000	23386000	23385000	10000	0
chr2L	23484000	23486000	23485000	10000	0
chr2L	23496000	23498000	23497000	10000	0
chr2L	23510000	23512000	23511000	10000	0
chr2R	4000	6000	5000	10000	0
chr2R	12000	14000	13000	10000	0
chr2R	22000	24000	23000	10000	0
chr2R	38000	40000	39000	10000	0
chr2R	66000	68000	67000	10000	1
chr2R	74000	76000	75000	10000	0
chr2R	94000	96000	95000	10000	1
chr2R	104000	106000	105000	10000	1
chr2R	146000	148000	147000	10000	0
chr2R	194000	196000	195000	10000	0
chr2R	240000	242000	241000	10000	0
chr2R	288000	290000	289000	10000	0
chr2R	318000	320000	319000	10000	0
chr2R	330000	332000	331000	10000	0
chr2R	368000	370000	369000	10000	0
chr2R	396000	398000	397000	10000	0
chr2R	454000	456000	455000	10000	0
chr2R	486000	488000	487000	10000	0
chr2R	522000	524000	523000	10000	0
chr2R	566000	568000	567000	10000	0
chr2R	608000	610000	609000	10000	0
chr2R	646000	648000	647000	10000	1
chr2R	678000	680000	679000	10000	0
chr2R	712000	714000	713000	10000	0
chr2R	744000	746000	745000	10000	1
chr2R	826000	828000	827000	10000	0
chr2R	876000	878000	877000	10000	1
chr2R	898000	900000	899000	10000	1
chr2R	956000	958000	957000	10000	0
chr2R	1064000	1066000	1065000	10000	0
chr2R	1122000	1124000	1123000	10000	0
chr2R	1216000	1218000	1217000	10000	0
chr2R	1258000	1260000	1259000	10000	0
chr2R	1268000	1270000	1269000	10000	0
chr2R	1310000	1312000	1311000	10000	0
chr2R	1350000	1352000	1351000	10000	0
chr2R	1390000	1392000	1391000	10000	0
chr2R	1454000	1456000	1455000	10000	0
chr2R	1476000	1478000	1477000	10000	0
chr2R	1492000	1494000	1493000	10000	0
chr2R	1584000	1586000	1585000	10000	0
chr2R	1598000	1600000	1599000	10000	0
chr2R	1626000	1628000	1627000	10000	0
chr2R	1644000	1646000	1645000	10000	0
chr2R	1718000	1720000	1719000	10000	0
chr2R	1800000	1802000	1801000	10000	1
chr2R	1832000	1834000	1833000	10000	1
chr2R	1870000	1872000	1871000	10000	0
chr2R	1886000	1888000	1887000	10000	0
chr2R	1914000	1916000	1915000	10000	0
chr2R	1934000	1936000	1935000	10000	0
chr2R	2024000	2026000	2025000	10000	0
chr2R	2072000	2074000	2073000	10000	0
chr2R	2090000	2092000	2091000	10000	0
chr2R	2106000	2108000	2107000	10000	0
chr2R	2152000	2154000	2153000	10000	0
chr2R	2180000	2182000	2181000	10000	0
chr2R	2228000	2230000	2229000	10000	0
chr2R	2294000	2296000	2295000	10000	0
chr2R	2342000	2344000	2343000	10000	0
chr2R	2368000	2370000	2369000	10000	0
chr2R	2410000	2412000	2411000	10000	0
chr2R	2464000	2466000	2465000	10000	0
chr2R	2512000	2514000	2513000	10000	0
chr2R	2550000	2552000	2551000	10000	0
chr2R	2574000	2576000	2575000	10000	0
chr2R	2634000	2636000	2635000	10000	0
chr2R	2736000	2738000	2737000	10000	0
chr2R	2766000	2768000	2767000	10000	0
chr2R	2842000	2844000	2843000	10000	0
chr2R	2852000	2854000	2853000	10000	0
chr2R	2888000	2890000	2889000	10000	0
chr2R	3004000	3006000	3005000	10000	0
chr2R	3018000	3020000	3019000	10000	0
chr2R	3212000	3214000	3213000	10000	0
chr2R	3310000	3312000	3311000	10000	0
chr2R	3328000	3330000	3329000	10000	0
chr2R	3360000	3362000	3361000	10000	0
chr2R	3402000	3404000	3403000	10000	0
chr2R	3486000	3488000	3487000	10000	0
chr2R	3498000	3500000	3499000	10000	0
chr2R	3542000	3544000	3543000	10000	0
chr2R	3566000	3568000	3567000	10000	1
chr2R	3614000	3616000	3615000	10000	1
chr2R	3656000	3658000	3657000	10000	0
chr2R	3680000	3682000	3681000	10000	0
chr2R	3684000	3686000	3685000	10000	0
chr2R	3706000	3708000	3707000	10000	0
chr2R	3718000	3720000	3719000	10000	0
chr2R	3816000	3818000	3817000	10000	0
chr2R	3854000	3856000	3855000	10000	0
chr2R	3996000	3998000	3997000	10000	0
chr2R	4020000	4022000	4021000	10000	0
chr2R	4032000	4034000	4033000	10000	0
chr2R	4088000	4090000	4089000	10000	0
chr2R	4116000	4118000	4117000	10000	0
chr2R	4170000	4172000	4171000	10000	0
chr2R	4224000	4226000	4225000	10000	0
chr2R	4266000	4268000	4267000	10000	0
chr2R	4280000	4282000	4281000	10000	0
chr2R	4356000	4358000	4357000	10000	0
chr2R	4392000	4394000	4393000	10000	0
chr2R	4420000	4422000	4421000	10000	1
chr2R	4458000	4460000	4459000	10000	0
chr2R	4556000	4558000	4557000	10000	0
chr2R	4592000	4594000	4593000	10000	0
chr2R	4662000	4664000	4663000	10000	0
chr2R	4774000	4776000	4775000	10000	0
chr2R	4810000	4812000	4811000	10000	0
chr2R	4846000	4848000	4847000	10000	0
chr2R	4920000	4922000	4921000	10000	0
chr2R	5058000	5060000	5059000	10000	1
chr2R	5142000	5144000	5143000	10000	0
chr2R	5250000	5252000	5251000	10000	1
chr2R	5288000	5290000	5289000	10000	0
chr2R	5372000	5374000	5373000	10000	0
chr2R	5492000	5494000	5493000	10000	0
chr2R	5596000	5598000	5597000	10000	0
chr2R	5652000	5654000	5653000	10000	0
chr2R	5664000	5666000	5665000	10000	0
chr2R	5702000	5704000	5703000	10000	2
chr2R	5754000	5756000	5755000	10000	0
chr2R	5784000	5786000	5785000	10000	0
chr2R	5968000	5970000	5969000	10000	0
chr2R	5982000	5984000	5983000	10000	0
chr2R	6016000	6018000	6017000	10000	0
chr2R	6036000	6038000	6037000	10000	0
chr2R	6086000	6088000	6087000	10000	0
chr2R	6132000	6134000	6133000	10000	0
chr2R	6152000	6154000	6153000	10000	0
chr2R	6214000	6216000	6215000	10000	0
chr2R	6272000	6274000	6273000	10000	0
chr2R	6298000	6300000	6299000	10000	0
chr2R	6348000	6350000	6349000	10000	0
chr2R	6434000	6436000	6435000	10000	0
chr2R	6446000	6448000	6447000	10000	1
chr2R	6480000	6482000	6481000	10000	0
chr2R	6614000	6616000	6615000	10000	1
chr2R	6628000	6630000	6629000	10000	0
chr2R	6634000	6636000	6635000	10000	0
chr2R	6662000	6664000	6663000	10000	1
chr2R	6676000	6678000	6677000	10000	0
chr2R	6716000	6718000	6717000	10000	1
chr2R	6758000	6760000	6759000	10000	1
chr2R	6808000	6810000	6809000	10000	1
chr2R	6888000	6890000	6889000	10000	0
chr2R	6972000	6974000	6973000	10000	0
chr2R	6986000	6988000	6987000	10000	0
chr2R	7004000	7006000	7005000	10000	0
chr2R	7062000	7064000	7063000	10000	0
chr2R	7236000	7238000	7237000	10000	0
chr2R	7278000	7280000	7279000	10000	1
chr2R	7384000	7386000	7385000	10000	0
chr2R	7408000	7410000	7409000	10000	0
chr2R	7454000	7456000	7455000	10000	1
chr2R	7474000	7476000	7475000	10000	0
chr2R	7496000	7498000	7497000	10000	2
chr2R	7534000	7536000	7535000	10000	1
chr2R	7590000	7592000	7591000	10000	0
chr2R	7598000	7600000	7599000	10000	0
chr2R	7636000	7638000	7637000	10000	1
chr2R	7654000	7656000	7655000	10000	0
chr2R	7676000	7678000	7677000	10000	0
chr2R	7700000	7702000	7701000	10000	0
chr2R	7712000	7714000	7713000	10000	0
chr2R	7726000	7728000	7727000	10000	0
chr2R	7736000	7738000	7737000	10000	0
chr2R	7786000	7788000	7787000	10000	1
chr2R	7828000	7830000	7829000	10000	1
chr2R	7916000	7918000	7917000	10000	0
chr2R	7940000	7942000	7941000	10000	1
chr2R	7956000	7958000	7957000	10000	0
chr2R	7990000	7992000	7991000	10000	0
chr2R	8068000	8070000	8069000	10000	0
chr2R	8080000	8082000	8081000	10000	0
chr2R	8174000	8176000	8175000	10000	0
chr2R	8252000	8254000	8253000	10000	2
chr2R	8396000	8398000	8397000	10000	0
chr2R	8600000	8602000	8601000	10000	0
chr2R	8632000	8634000	8633000	10000	2
chr2R	8666000	8668000	8667000	10000	0
chr2R	8734000	8736000	8735000	10000	1
chr2R	8892000	8894000	8893000	10000	1
chr2R	8952000	8954000	8953000	10000	0
chr2R	9092000	9094000	9093000	10000	0
chr2R	9114000	9116000	9115000	10000	0
chr2R	9132000	9134000	9133000	10000	0
chr2R	9178000	9180000	9179000	10000	0
chr2R	9192000	9194000	9193000	10000	0
chr2R	9252000	9254000	9253000	10000	1
chr2R	9292000	9294000	9293000	10000	0
chr2R	9400000	9402000	9401000	10000	0
chr2R	9424000	9426000	9425000	10000	0
chr2R	9446000	9448000	9447000	10000	0
chr2R	9542000	9544000	9543000	10000	0
chr2R	9566000	9568000	9567000	10000	0
chr2R	9578000	9580000	9579000	10000	0
chr2R	9594000	9596000	9595000	10000	0
chr2R	9606000	9608000	9607000	10000	1
chr2R	9694000	9696000	9695000	10000	0
chr2R	9820000	9822000	9821000	10000	1
chr2R	9836000	9838000	9837000	10000	0
chr2R	9848000	9850000	9849000	10000	0
chr2R	9864000	9866000	9865000	10000	1
chr2R	9910000	9912000	9911000	10000	0
chr2R	9950000	9952000	9951000	10000	1
chr2R	9972000	9974000	9973000	10000	0
chr2R	9990000	9992000	9991000	10000	0
chr2R	10026000	10028000	10027000	10000	0
chr2R	10052000	10054000	10053000	10000	0
chr2R	10076000	10078000	10077000	10000	0
chr2R	10098000	10100000	10099000	10000	1
chr2R	10118000	10120000	10119000	10000	1
chr2R	10136000	10138000	10137000	10000	0
chr2R	10252000	10254000	10253000	10000	1
chr2R	10288000	10290000	10289000	10000	0
chr2R	10418000	10420000	10419000	10000	0
chr2R	10430000	10432000	10431000	10000	0
chr2R	10480000	10482000	10481000	10000	0
chr2R	10528000	10530000	10529000	10000	1
chr2R	10558000	10560000	10559000	10000	1
chr2R	10646000	10648000	10647000	10000	0
chr2R	10740000	10742000	10741000	10000	0
chr2R	10808000	10810000	10809000	10000	0
chr2R	10838000	10840000	10839000	10000	0
chr2R	10876000	10878000	10877000	10000	0
chr2R	10898000	10900000	10899000	10000	0
chr2R	11020000	11022000	11021000	10000	1
chr2R	11134000	11136000	11135000	10000	1
chr2R	11238000	11240000	11239000	10000	0
chr2R	11278000	11280000	11279000	10000	1
chr2R	11308000	11310000	11309000	10000	0
chr2R	11348000	11350000	11349000	10000	0
chr2R	11372000	11374000	11373000	10000	0
chr2R	11408000	11410000	11409000	10000	2
chr2R	11452000	11454000	11453000	10000	1
chr2R	11582000	11584000	11583000	10000	1
chr2R	11620000	11622000	11621000	10000	1
chr2R	11652000	11654000	11653000	10000	0
chr2R	11668000	11670000	11669000	10000	1
chr2R	11848000	11850000	11849000	10000	0
chr2R	11892000	11894000	11893000	10000	0
chr2R	11970000	11972000	11971000	10000	0
chr2R	12044000	12046000	12045000	10000	0
chr2R	12140000	12142000	12141000	10000	0
chr2R	12180000	12182000	12181000	10000	0
chr2R	12200000	12202000	12201000	10000	1
chr2R	12320000	12322000	12321000	10000	0
chr2R	12338000	12340000	12339000	10000	0
chr2R	12436000	12438000	12437000	10000	1
chr2R	12508000	12510000	12509000	10000	0
chr2R	12572000	12574000	12573000	10000	0
chr2R	12594000	12596000	12595000	10000	2
chr2R	12612000	12614000	12613000	10000	0
chr2R	12626000	12628000	12627000	10000	0
chr2R	12636000	12638000	12637000	10000	0
chr2R	12666000	12668000	12667000	10000	0
chr2R	12692000	12694000	12693000	10000	0
chr2R	12760000	12762000	12761000	10000	0
chr2R	12866000	12868000	12867000	10000	0
chr2R	12880000	12882000	12881000	10000	0
chr2R	12916000	12918000	12917000	10000	0
chr2R	12936000	12938000	12937000	10000	0
chr2R	13044000	13046000	13045000	10000	3
chr2R	13132000	13134000	13133000	10000	0
chr2R	13168000	13170000	13169000	10000	0
chr2R	13240000	13242000	13241000	10000	2
chr2R	13332000	13334000	13333000	10000	2
chr2R	13346000	13348000	13347000	10000	1
chr2R	13406000	13408000	13407000	10000	0
chr2R	13438000	13440000	13439000	10000	0
chr2R	13450000	13452000	13451000	10000	1
chr2R	13484000	13486000	13485000	10000	0
chr2R	13508000	13510000	13509000	10000	1
chr2R	13558000	13560000	13559000	10000	0
chr2R	13594000	13596000	13595000	10000	1
chr2R	13806000	13808000	13807000	10000	2
chr2R	13822000	13824000	13823000	10000	1
chr2R	13854000	13856000	13855000	10000	0
chr2R	13894000	13896000	13895000	10000	2
chr2R	13942000	13944000	13943000	10000	0
chr2R	13960000	13962000	13961000	10000	2
chr2R	13968000	13970000	13969000	10000	2
chr2R	13980000	13982000	13981000	10000	0
chr2R	13990000	13992000	13991000	10000	0
chr2R	14050000	14052000	14051000	10000	0
chr2R	14148000	14150000	14149000	10000	0
chr2R	14174000	14176000	14175000	10000	1
chr2R	14216000	14218000	14217000	10000	0
chr2R	14236000	14238000	14237000	10000	1
chr2R	14270000	14272000	14271000	10000	0
chr2R	14302000	14304000	14303000	10000	0
chr2R	14332000	14334000	14333000	10000	0
chr2R	14352000	14354000	14353000	10000	0
chr2R	14480000	14482000	14481000	10000	0
chr2R	14492000	14494000	14493000	10000	1
chr2R	14606000	14608000	14607000	10000	1
chr2R	14624000	14626000	14625000	10000	1
chr2R	14752000	14754000	14753000	10000	0
chr2R	14862000	14864000	14863000	10000	2
chr2R	14872000	14874000	14873000	10000	2
chr2R	14936000	14938000	14937000	10000	2
chr2R	14964000	14966000	14965000	10000	0
chr2R	14994000	14996000	14995000	10000	1
chr2R	15114000	15116000	15115000	10000	0
chr2R	15146000	15148000	15147000	10000	0
chr2R	15216000	15218000	15217000	10000	0
chr2R	15310000	15312000	15311000	10000	0
chr2R	15340000	15342000	15341000	10000	0
chr2R	15382000	15384000	15383000	10000	2
chr2R	15510000	15512000	15511000	10000	1
chr2R	15532000	15534000	15533000	10000	1
chr2R	15574000	15576000	15575000	10000	1
chr2R	15698000	15700000	15699000	10000	0
chr2R	15822000	15824000	15823000	10000	1
chr2R	15848000	15850000	15849000	10000	1
chr2R	15932000	15934000	15933000	10000	0
chr2R	15940000	15942000	15941000	10000	0
chr2R	16002000	16004000	16003000	10000	0
chr2R	16102000	16104000	16103000	10000	0
chr2R	16110000	16112000	16111000	10000	0
chr2R	16124000	16126000	16125000	10000	0
chr2R	16142000	16144000	16143000	10000	0
chr2R	16178000	16180000	16179000	10000	0
chr2R	16188000	16190000	16189000	10000	0
chr2R	16202000	16204000	16203000	10000	0
chr2R	16222000	16224000	16223000	10000	0
chr2R	16232000	16234000	16233000	10000	0
chr2R	16290000	16292000	16291000	10000	1
chr2R	16348000	16350000	16349000	10000	2
chr2R	16552000	16554000	16553000	10000	0
chr2R	16572000	16574000	16573000	10000	0
chr2R	16578000	16580000	16579000	10000	0
chr2R	16586000	16588000	16587000	10000	0
chr2R	16782000	16784000	16783000	10000	1
chr2R	16800000	16802000	16801000	10000	2
chr2R	16850000	16852000	16851000	10000	1
chr2R	16868000	16870000	16869000	10000	0
chr2R	17006000	17008000	17007000	10000	0
chr2R	17016000	17018000	17017000	10000	0
chr2R	17062000	17064000	17063000	10000	0
chr2R	17098000	17100000	17099000	10000	0
chr2R	17152000	17154000	17153000	10000	0
chr2R	17368000	17370000	17369000	10000	0
chr2R	17392000	17394000	17393000	10000	1
chr2R	17490000	17492000	17491000	10000	0
chr2R	17514000	17516000	17515000	10000	0
chr2R	17536000	17538000	17537000	10000	0
chr2R	17548000	17550000	17549000	10000	0
chr2R	17592000	17594000	17593000	10000	0
chr2R	17666000	17668000	17667000	10000	0
chr2R	17684000	17686000	17685000	10000	1
chr2R	17698000	17700000	17699000	10000	1
chr2R	17724000	17726000	17725000	10000	0
chr2R	17748000	17750000	17749000	10000	0
chr2R	17790000	17792000	17791000	10000	0
chr2R	17872000	17874000	17873000	10000	0
chr2R	18094000	18096000	18095000	10000	0
chr2R	18126000	18128000	18127000	10000	0
chr2R	18160000	18162000	18161000	10000	0
chr2R	18174000	18176000	18175000	10000	0
chr2R	18184000	18186000	18185000	10000	0
chr2R	18276000	18278000	18277000	10000	1
chr2R	18398000	18400000	18399000	10000	1
chr2R	18412000	18414000	18413000	10000	0
chr2R	18452000	18454000	18453000	10000	1
chr2R	18528000	18530000	18529000	10000	1
chr2R	18554000	18556000	18555000	10000	1
chr2R	18612000	18614000	18613000	10000	1
chr2R	18640000	18642000	18641000	10000	0
chr2R	18660000	18662000	18661000	10000	0
chr2R	18674000	18676000	18675000	10000	1
chr2R	18688000	18690000	18689000	10000	0
chr2R	18710000	18712000	18711000	10000	1
chr2R	18798000	18800000	18799000	10000	0
chr2R	18808000	18810000	18809000	10000	0
chr2R	18820000	18822000	18821000	10000	0
chr2R	18834000	18836000	18835000	10000	0
chr2R	18860000	18862000	18861000	10000	0
chr2R	18994000	18996000	18995000	10000	0
chr2R	19130000	19132000	19131000	10000	0
chr2R	19138000	19140000	19139000	10000	1
chr2R	19164000	19166000	19165000	10000	1
chr2R	19254000	19256000	19255000	10000	0
chr2R	19290000	19292000	19291000	10000	2
chr2R	19310000	19312000	19311000	10000	0
chr2R	19358000	19360000	19359000	10000	0
chr2R	19376000	19378000	19377000	10000	0
chr2R	19396000	19398000	19397000	10000	0
chr2R	19426000	19428000	19427000	10000	0
chr2R	19442000	19444000	19443000	10000	0
chr2R	19452000	19454000	19453000	10000	0
chr2R	19498000	19500000	19499000	10000	0
chr2R	19632000	19634000	19633000	10000	1
chr2R	19746000	19748000	19747000	10000	0
chr2R	20000000	20002000	20001000	10000	1
chr2R	20234000	20236000	20235000	10000	0
chr2R	20258000	20260000	20259000	10000	0
chr2R	20288000	20290000	20289000	10000	0
chr2R	20316000	20318000	20317000	10000	0
chr2R	20330000	20332000	20331000	10000	1
chr2R	20552000	20554000	20553000	10000	0
chr2R	20588000	20590000	20589000	10000	1
chr2R	20618000	20620000	20619000	10000	0
chr2R	20644000	20646000	20645000	10000	0
chr2R	20672000	20674000	20673000	10000	0
chr2R	20832000	20834000	20833000	10000	0
chr2R	20884000	20886000	20885000	10000	2
chr2R	20994000	20996000	20995000	10000	0
chr2R	21018000	21020000	21019000	10000	1
chr2R	21058000	21060000	21059000	10000	0
chr2R	21078000	21080000	21079000	10000	1
chr2R	21146000	21148000	21147000	10000	1
chr2R	21162000	21164000	21163000	10000	0
chr2R	21184000	21186000	21185000	10000	0
chr2R	21282000	21284000	21283000	10000	0
chr2R	21294000	21296000	21295000	10000	0
chr2R	21356000	21358000	21357000	10000	0
chr2R	21384000	21386000	21385000	10000	0
chr2R	21482000	21484000	21483000	10000	0
chr2R	21498000	21500000	21499000	10000	1
chr2R	21522000	21524000	21523000	10000	0
chr2R	21608000	21610000	21609000	10000	0
chr2R	21634000	21636000	21635000	10000	0
chr2R	21660000	21662000	21661000	10000	0
chr2R	21686000	21688000	21687000	10000	0
chr2R	21720000	21722000	21721000	10000	0
chr2R	21932000	21934000	21933000	10000	0
chr2R	22062000	22064000	22063000	10000	0
chr2R	22076000	22078000	22077000	10000	1
chr2R	22102000	22104000	22103000	10000	0
chr2R	22124000	22126000	22125000	10000	2
chr2R	22214000	22216000	22215000	10000	0
chr2R	22318000	22320000	22319000	10000	1
chr2R	22374000	22376000	22375000	10000	0
chr2R	22412000	22414000	22413000	10000	0
chr2R	22506000	22508000	22507000	10000	1
chr2R	22536000	22538000	22537000	10000	0
chr2R	22562000	22564000	22563000	10000	0
chr2R	22596000	22598000	22597000	10000	0
chr2R	22606000	22608000	22607000	10000	0
chr2R	22640000	22642000	22641000	10000	0
chr2R	22672000	22674000	22673000	10000	0
chr2R	22702000	22704000	22703000	10000	0
chr2R	22808000	22810000	22809000	10000	1
chr2R	22882000	22884000	22883000	10000	1
chr2R	22938000	22940000	22939000	10000	2
chr2R	23062000	23064000	23063000	10000	0
chr2R	23078000	23080000	23079000	10000	0
chr2R	23354000	23356000	23355000	10000	1
chr2R	23408000	23410000	23409000	10000	0
chr2R	23544000	23546000	23545000	10000	0
chr2R	23618000	23620000	23619000	10000	0
chr2R	23654000	23656000	23655000	10000	1
chr2R	23708000	23710000	23709000	10000	0
chr2R	23748000	23750000	23749000	10000	0
chr2R	23844000	23846000	23845000	10000	1
chr2R	23850000	23852000	23851000	10000	1
chr2R	23862000	23864000	23863000	10000	0
chr2R	23878000	23880000	23879000	10000	0
chr2R	23940000	23942000	23941000	10000	0
chr2R	23958000	23960000	23959000	10000	0
chr2R	23968000	23970000	23969000	10000	0
chr2R	24028000	24030000	24029000	10000	0
chr2R	24046000	24048000	24047000	10000	0
chr2R	24060000	24062000	24061000	10000	0
chr2R	24114000	24116000	24115000	10000	0
chr2R	24138000	24140000	24139000	10000	0
chr2R	24174000	24176000	24175000	10000	0
chr2R	24198000	24200000	24199000	10000	0
chr2R	24314000	24316000	24315000	10000	0
chr2R	24338000	24340000	24339000	10000	1
chr2R	24392000	24394000	24393000	10000	0
chr2R	24526000	24528000	24527000	10000	0
chr2R	24536000	24538000	24537000	10000	0
chr2R	24562000	24564000	24563000	10000	0
chr2R	24612000	24614000	24613000	10000	0
chr2R	24668000	24670000	24669000	10000	0
chr2R	24692000	24694000	24693000	10000	0
chr2R	24744000	24746000	24745000	10000	1
chr2R	24762000	24764000	24763000	10000	1
chr2R	24798000	24800000	24799000	10000	0
chr2R	24870000	24872000	24871000	10000	0
chr2R	24938000	24940000	24939000	10000	1
chr2R	24970000	24972000	24971000	10000	1
chr2R	25012000	25014000	25013000	10000	0
chr2R	25076000	25078000	25077000	10000	0
chr2R	25086000	25088000	25087000	10000	1
chr2R	25182000	25184000	25183000	10000	0
chr2R	25256000	25258000	25257000	10000	0
chr3L	80000	82000	81000	10000	0
chr3L	92000	94000	93000	10000	0
chr3L	102000	104000	103000	10000	0
chr3L	146000	148000	147000	10000	0
chr3L	176000	178000	177000	10000	0
chr3L	200000	202000	201000	10000	0
chr3L	224000	226000	225000	10000	0
chr3L	258000	260000	259000	10000	0
chr3L	292000	294000	293000	10000	0
chr3L	328000	330000	329000	10000	0
chr3L	362000	364000	363000	10000	0
chr3L	442000	444000	443000	10000	0
chr3L	506000	508000	507000	10000	3
chr3L	542000	544000	543000	10000	0
chr3L	570000	572000	571000	10000	0
chr3L	592000	594000	593000	10000	0
chr3L	630000	632000	631000	10000	0
chr3L	694000	696000	695000	10000	0
chr3L	712000	714000	713000	10000	1
chr3L	834000	836000	835000	10000	0
chr3L	854000	856000	855000	10000	2
chr3L	1004000	1006000	1005000	10000	0
chr3L	1036000	1038000	1037000	10000	1
chr3L	1200000	1202000	1201000	10000	0
chr3L	1296000	1298000	1297000	10000	0
chr3L	1334000	1336000	1335000	10000	0
chr3L	1352000	1354000	1353000	10000	1
chr3L	1490000	1492000	1491000	10000	0
chr3L	1546000	1548000	1547000	10000	0
chr3L	1576000	1578000	1577000	10000	0
chr3L	1668000	1670000	1669000	10000	0
chr3L	1740000	1742000	1741000	10000	0
chr3L	1804000	1806000	1805000	10000	0
chr3L	1868000	1870000	1869000	10000	0
chr3L	1878000	1880000	1879000	10000	1
chr3L	1942000	1944000	1943000	10000	0
chr3L	1970000	1972000	1971000	10000	1
chr3L	2168000	2170000	2169000	10000	0
chr3L	2244000	2246000	2245000	10000	1
chr3L	2372000	2374000	2373000	10000	0
chr3L	2410000	2412000	2411000	10000	1
chr3L	2466000	2468000	2467000	10000	0
chr3L	2486000	2488000	2487000	10000	1
chr3L	2532000	2534000	2533000	10000	1
chr3L	2554000	2556000	2555000	10000	0
chr3L	2588000	2590000	2589000	10000	0
chr3L	2636000	2638000	2637000	10000	0
chr3L	2766000	2768000	2767000	10000	0
chr3L	2852000	2854000	2853000	10000	1
chr3L	3036000	3038000	3037000	10000	0
chr3L	3052000	3054000	3053000	10000	0
chr3L	3072000	3074000	3073000	10000	0
chr3L	3092000	3094000	3093000	10000	0
chr3L	3128000	3130000	3129000	10000	1
chr3L	3144000	3146000	3145000	10000	0
chr3L	3194000	3196000	3195000	10000	0
chr3L	3226000	3228000	3227000	10000	0
chr3L	3240000	3242000	3241000	10000	0
chr3L	3252000	3254000	3253000	10000	0
chr3L	3304000	3306000	3305000	10000	0
chr3L	3326000	3328000	3327000	10000	0
chr3L	3374000	3376000	3375000	10000	1
chr3L	3460000	3462000	3461000	10000	1
chr3L	3472000	3474000	3473000	10000	0
chr3L	3516000	3518000	3517000	10000	2
chr3L	3616000	3618000	3617000	10000	0
chr3L	3766000	3768000	3767000	10000	1
chr3L	3812000	3814000	3813000	10000	2
chr3L	3900000	3902000	3901000	10000	1
chr3L	4104000	4106000	4105000	10000	0
chr3L	4124000	4126000	4125000	10000	2
chr3L	4136000	4138000	4137000	10000	1
chr3L	4170000	4172000	4171000	10000	2
chr3L	4194000	4196000	4195000	10000	0
chr3L	4220000	4222000	4221000	10000	0
chr3L	4240000	4242000	4241000	10000	0
chr3L	4262000	4264000	4263000	10000	0
chr3L	4284000	4286000	4285000	10000	0
chr3L	4314000	4316000	4315000	10000	0
chr3L	4364000	4366000	4365000	10000	2
chr3L	4406000	4408000	4407000	10000	0
chr3L	4542000	4544000	4543000	10000	1
chr3L	4630000	4632000	4631000	10000	0
chr3L	4806000	4808000	4807000	10000	1
chr3L	4840000	4842000	4841000	10000	0
chr3L	5134000	5136000	5135000	10000	2
chr3L	5154000	5156000	5155000	10000	0
chr3L	5360000	5362000	5361000	10000	0
chr3L	5368000	5370000	5369000	10000	0
chr3L	5564000	5566000	5565000	10000	0
chr3L	5608000	5610000	5609000	10000	0
chr3L	5750000	5752000	5751000	10000	0
chr3L	5766000	5768000	5767000	10000	1
chr3L	5794000	5796000	5795000	10000	0
chr3L	5814000	5816000	5815000	10000	1
chr3L	5870000	5872000	5871000	10000	2
chr3L	5934000	5936000	5935000	10000	0
chr3L	6054000	6056000	6055000	10000	0
chr3L	6168000	6170000	6169000	10000	0
chr3L	6182000	6184000	6183000	10000	0
chr3L	6220000	6222000	6221000	10000	0
chr3L	6266000	6268000	6267000	10000	1
chr3L	6484000	6486000	6485000	10000	0
chr3L	6496000	6498000	6497000	10000	0
chr3L	6550000	6552000	6551000	10000	0
chr3L	6742000	6744000	6743000	10000	2
chr3L	6756000	6758000	6757000	10000	2
chr3L	6956000	6958000	6957000	10000	0
chr3L	6980000	6982000	6981000	10000	0
chr3L	6994000	6996000	6995000	10000	2
chr3L	7012000	7014000	7013000	10000	0
chr3L	7094000	7096000	7095000	10000	0
chr3L	7158000	7160000	7159000	10000	0
chr3L	7238000	7240000	7239000	10000	0
chr3L	7320000	7322000	7321000	10000	1
chr3L	7338000	7340000	7339000	10000	1
chr3L	7382000	7384000	7383000	10000	0
chr3L	7510000	7512000	7511000	10000	0
chr3L	7684000	7686000	7685000	10000	0
chr3L	7780000	7782000	7781000	10000	0
chr3L	7812000	7814000	7813000	10000	0
chr3L	7870000	7872000	7871000	10000	1
chr3L	7912000	7914000	7913000	10000	0
chr3L	7936000	7938000	7937000	10000	1
chr3L	7978000	7980000	7979000	10000	0
chr3L	8072000	8074000	8073000	10000	0
chr3L	8082000	8084000	8083000	10000	0
chr3L	8110000	8112000	8111000	10000	0
chr3L	8116000	8118000	8117000	10000	0
chr3L	8186000	8188000	8187000	10000	0
chr3L	8198000	8200000	8199000	10000	0
chr3L	8300000	8302000	8301000	10000	0
chr3L	8316000	8318000	8317000	10000	1
chr3L	8340000	8342000	8341000	10000	0
chr3L	8360000	8362000	8361000	10000	0
chr3L	8400000	8402000	8401000	10000	1
chr3L	8424000	8426000	8425000	10000	0
chr3L	8450000	8452000	8451000	10000	0
chr3L	8510000	8512000	8511000	10000	0
chr3L	8564000	8566000	8565000	10000	1
chr3L	8604000	8606000	8605000	10000	1
chr3L	8628000	8630000	8629000	10000	0
chr3L	8634000	8636000	8635000	10000	0
chr3L	8652000	8654000	8653000	10000	0
chr3L	8720000	8722000	8721000	10000	0
chr3L	8798000	8800000	8799000	10000	0
chr3L	8892000	8894000	8893000	10000	0
chr3L	8954000	8956000	8955000	10000	1
chr3L	8998000	9000000	8999000	10000	0
chr3L	9084000	9086000	9085000	10000	0
chr3L	9132000	9134000	9133000	10000	0
chr3L	9334000	9336000	9335000	10000	0
chr3L	9350000	9352000	9351000	10000	1
chr3L	9358000	9360000	9359000	10000	1
chr3L	9372000	9374000	9373000	10000	0
chr3L	9386000	9388000	9387000	10000	1
chr3L	9402000	9404000	9403000	10000	0
chr3L	9430000	9432000	9431000	10000	0
chr3L	9442000	9444000	9443000	10000	1
chr3L	9488000	9490000	9489000	10000	1
chr3L	9498000	9500000	9499000	10000	0
chr3L	9512000	9514000	9513000	10000	0
chr3L	9540000	9542000	9541000	10000	0
chr3L	9614000	9616000	9615000	10000	0
chr3L	9692000	9694000	9693000	10000	0
chr3L	9698000	9700000	9699000	10000	0
chr3L	9730000	9732000	9731000	10000	0
chr3L	9838000	9840000	9839000	10000	0
chr3L	9860000	9862000	9861000	10000	0
chr3L	9900000	9902000	9901000	10000	0
chr3L	9976000	9978000	9977000	10000	0
chr3L	10226000	10228000	10227000	10000	1
chr3L	10292000	10294000	10293000	10000	2
chr3L	10464000	10466000	10465000	10000	0
chr3L	10632000	10634000	10633000	10000	0
chr3L	10662000	10664000	10663000	10000	0
chr3L	10698000	10700000	10699000	10000	1
chr3L	10900000	10902000	10901000	10000	1
chr3L	11048000	11050000	11049000	10000	3
chr3L	11062000	11064000	11063000	10000	0
chr3L	11070000	11072000	11071000	10000	0
chr3L	11096000	11098000	11097000	10000	0
chr3L	11124000	11126000	11125000	10000	0
chr3L	11170000	11172000	11171000	10000	1
chr3L	11198000	11200000	11199000	10000	0
chr3L	11206000	11208000	11207000	10000	1
chr3L	11214000	11216000	11215000	10000	1
chr3L	11374000	11376000	11375000	10000	0
chr3L	11524000	11526000	11525000	10000	0
chr3L	11562000	11564000	11563000	10000	0
chr3L	11614000	11616000	11615000	10000	1
chr3L	11648000	11650000	11649000	10000	0
chr3L	11682000	11684000	11683000	10000	0
chr3L	11712000	11714000	11713000	10000	0
chr3L	11834000	11836000	11835000	10000	0
chr3L	12004000	12006000	12005000	10000	1
chr3L	12116000	12118000	12117000	10000	0
chr3L	12146000	12148000	12147000	10000	0
chr3L	12206000	12208000	12207000	10000	0
chr3L	12268000	12270000	12269000	10000	0
chr3L	12392000	12394000	12393000	10000	0
chr3L	12418000	12420000	12419000	10000	2
chr3L	12472000	12474000	12473000	10000	0
chr3L	12502000	12504000	12503000	10000	2
chr3L	12538000	12540000	12539000	10000	0
chr3L	12734000	12736000	12735000	10000	0
chr3L	12774000	12776000	12775000	10000	0
chr3L	12814000	12816000	12815000	10000	0
chr3L	12836000	12838000	12837000	10000	0
chr3L	12850000	12852000	12851000	10000	0
chr3L	13008000	13010000	13009000	10000	0
chr3L	13024000	13026000	13025000	10000	0
chr3L	13046000	13048000	13047000	10000	0
chr3L	13302000	13304000	13303000	10000	0
chr3L	13390000	13392000	13391000	10000	1
chr3L	13412000	13414000	13413000	10000	1
chr3L	13442000	13444000	13443000	10000	0
chr3L	13486000	13488000	13487000	10000	0
chr3L	13516000	13518000	13517000	10000	0
chr3L	13694000	13696000	13695000	10000	0
chr3L	13846000	13848000	13847000	10000	2
chr3L	13920000	13922000	13921000	10000	0
chr3L	13994000	13996000	13995000	10000	0
chr3L	14002000	14004000	14003000	10000	0
chr3L	14050000	14052000	14051000	10000	0
chr3L	14072000	14074000	14073000	10000	0
chr3L	14190000	14192000	14191000	10000	0
chr3L	14212000	14214000	14213000	10000	0
chr3L	14236000	14238000	14237000	10000	0
chr3L	14408000	14410000	14409000	10000	0
chr3L	14538000	14540000	14539000	10000	0
chr3L	14560000	14562000	14561000	10000	1
chr3L	14632000	14634000	14633000	10000	0
chr3L	14680000	14682000	14681000	10000	0
chr3L	14754000	14756000	14755000	10000	1
chr3L	14762000	14764000	14763000	10000	1
chr3L	14776000	14778000	14777000	10000	0
chr3L	14802000	14804000	14803000	10000	0
chr3L	14982000	14984000	14983000	10000	0
chr3L	15014000	15016000	15015000	10000	1
chr3L	15072000	15074000	15073000	10000	0
chr3L	15090000	15092000	15091000	10000	1
chr3L	15116000	15118000	15117000	10000	0
chr3L	15144000	15146000	15145000	10000	1
chr3L	15162000	15164000	15163000	10000	0
chr3L	15268000	15270000	15269000	10000	1
chr3L	15498000	15500000	15499000	10000	1
chr3L	15516000	15518000	15517000	10000	0
chr3L	15524000	15526000	15525000	10000	0
chr3L	15556000	15558000	15557000	10000	0
chr3L	15588000	15590000	15589000	10000	0
chr3L	15610000	15612000	15611000	10000	1
chr3L	15810000	15812000	15811000	10000	0
chr3L	15832000	15834000	15833000	10000	0
chr3L	15954000	15956000	15955000	10000	1
chr3L	16012000	16014000	16013000	10000	0
chr3L	16038000	16040000	16039000	10000	0
chr3L	16052000	16054000	16053000	10000	0
chr3L	16088000	16090000	16089000	10000	0
chr3L	16100000	16102000	16101000	10000	0
chr3L	16132000	16134000	16133000	10000	0
chr3L	16166000	16168000	16167000	10000	0
chr3L	16234000	16236000	16235000	10000	0
chr3L	16348000	16350000	16349000	10000	0
chr3L	16386000	16388000	16387000	10000	1
chr3L	16412000	16414000	16413000	10000	2
chr3L	16470000	16472000	16471000	10000	0
chr3L	16494000	16496000	16495000	10000	0
chr3L	16574000	16576000	16575000	10000	0
chr3L	16584000	16586000	16585000	10000	0
chr3L	16608000	16610000	16609000	10000	0
chr3L	16648000	16650000	16649000	10000	0
chr3L	16662000	16664000	16663000	10000	0
chr3L	16712000	16714000	16713000	10000	3
chr3L	16780000	16782000	16781000	10000	0
chr3L	16788000	16790000	16789000	10000	0
chr3L	16808000	16810000	16809000	10000	0
chr3L	16842000	16844000	16843000	10000	0
chr3L	16864000	16866000	16865000	10000	0
chr3L	16954000	16956000	16955000	10000	1
chr3L	16986000	16988000	16987000	10000	0
chr3L	17016000	17018000	17017000	10000	0
chr3L	17054000	17056000	17055000	10000	0
chr3L	17242000	17244000	17243000	10000	1
chr3L	17408000	17410000	17409000	10000	0
chr3L	17434000	17436000	17435000	10000	0
chr3L	17476000	17478000	17477000	10000	1
chr3L	17514000	17516000	17515000	10000	1
chr3L	17530000	17532000	17531000	10000	0
chr3L	17558000	17560000	17559000	10000	0
chr3L	17598000	17600000	17599000	10000	1
chr3L	17622000	17624000	17623000	10000	0
chr3L	17654000	17656000	17655000	10000	0
chr3L	17670000	17672000	17671000	10000	1
chr3L	17732000	17734000	17733000	10000	0
chr3L	17802000	17804000	17803000	10000	1
chr3L	17846000	17848000	17847000	10000	0
chr3L	17858000	17860000	17859000	10000	0
chr3L	17908000	17910000	17909000	10000	0
chr3L	17988000	17990000	17989000	10000	1
chr3L	18022000	18024000	18023000	10000	2
chr3L	18114000	18116000	18115000	10000	0
chr3L	18168000	18170000	18169000	10000	1
chr3L	18244000	18246000	18245000	10000	0
chr3L	18462000	18464000	18463000	10000	0
chr3L	18618000	18620000	18619000	10000	0
chr3L	18668000	18670000	18669000	10000	1
chr3L	18684000	18686000	18685000	10000	0
chr3L	18748000	18750000	18749000	10000	0
chr3L	18802000	18804000	18803000	10000	1
chr3L	18822000	18824000	18823000	10000	0
chr3L	18848000	18850000	18849000	10000	1
chr3L	18866000	18868000	18867000	10000	2
chr3L	18900000	18902000	18901000	10000	0
chr3L	19000000	19002000	19001000	10000	0
chr3L	19064000	19066000	19065000	10000	0
chr3L	19100000	19102000	19101000	10000	0
chr3L	19254000	19256000	19255000	10000	0
chr3L	19422000	19424000	19423000	10000	1
chr3L	19586000	19588000	19587000	10000	0
chr3L	19620000	19622000	19621000	10000	0
chr3L	19642000	19644000	19643000	10000	0
chr3L	19770000	19772000	19771000	10000	0
chr3L	19794000	19796000	19795000	10000	0
chr3L	19872000	19874000	19873000	10000	0
chr3L	19894000	19896000	19895000	10000	0
chr3L	19914000	19916000	19915000	10000	0
chr3L	19928000	19930000	19929000	10000	0
chr3L	20006000	20008000	20007000	10000	1
chr3L	20030000	20032000	20031000	10000	1
chr3L	20130000	20132000	20131000	10000	1
chr3L	20184000	20186000	20185000	10000	0
chr3L	20226000	20228000	20227000	10000	0
chr3L	20334000	20336000	20335000	10000	0
chr3L	20362000	20364000	20363000	10000	0
chr3L	20406000	20408000	20407000	10000	0
chr3L	20494000	20496000	20495000	10000	1
chr3L	20526000	20528000	20527000	10000	1
chr3L	20542000	20544000	20543000	10000	0
chr3L	20712000	20714000	20713000	10000	1
chr3L	20770000	20772000	20771000	10000	0
chr3L	20786000	20788000	20787000	10000	0
chr3L	20800000	20802000	20801000	10000	0
chr3L	20816000	20818000	20817000	10000	0
chr3L	20842000	20844000	20843000	10000	0
chr3L	21006000	21008000	21007000	10000	2
chr3L	21034000	21036000	21035000	10000	0
chr3L	21050000	21052000	21051000	10000	0
chr3L	21172000	21174000	21173000	10000	0
chr3L	21264000	21266000	21265000	10000	0
chr3L	21286000	21288000	21287000	10000	1
chr3L	21318000	21320000	21319000	10000	0
chr3L	21336000	21338000	21337000	10000	0
chr3L	21348000	21350000	21349000	10000	0
chr3L	21442000	21444000	21443000	10000	0
chr3L	21484000	21486000	21485000	10000	1
chr3L	21510000	21512000	21511000	10000	0
chr3L	21516000	21518000	21517000	10000	0
chr3L	21540000	21542000	21541000	10000	0
chr3L	21554000	21556000	21555000	10000	0
chr3L	21656000	21658000	21657000	10000	2
chr3L	21822000	21824000	21823000	10000	0
chr3L	21840000	21842000	21841000	10000	0
chr3L	21958000	21960000	21959000	10000	1
chr3L	22076000	22078000	22077000	10000	0
chr3L	22262000	22264000	22263000	10000	0
chr3L	22314000	22316000	22315000	10000	1
chr3L	22456000	22458000	22457000	10000	1
chr3L	22716000	22718000	22717000	10000	2
chr3L	22810000	22812000	22811000	10000	0
chr3L	22864000	22866000	22865000	10000	0
chr3L	22962000	22964000	22963000	10000	0
chr3L	23098000	23100000	23099000	10000	0
chr3L	23152000	23154000	23153000	10000	1
chr3L	23246000	23248000	23247000	10000	0
chr3L	23272000	23274000	23273000	10000	0
chr3L	23294000	23296000	23295000	10000	1
chr3L	23416000	23418000	23417000	10000	0
chr3L	23522000	23524000	23523000	10000	0
chr3L	23540000	23542000	23541000	10000	0
chr3L	23574000	23576000	23575000	10000	1
chr3L	23684000	23686000	23685000	10000	0
chr3L	23734000	23736000	23735000	10000	0
chr3L	23800000	23802000	23801000	10000	0
chr3L	23864000	23866000	23865000	10000	0
chr3L	23932000	23934000	23933000	10000	0
chr3L	23988000	23990000	23989000	10000	0
chr3L	24022000	24024000	24023000	10000	0
chr3L	24098000	24100000	24099000	10000	0
chr3L	24144000	24146000	24145000	10000	1
chr3L	24218000	24220000	24219000	10000	0
chr3L	24354000	24356000	24355000	10000	0
chr3L	24388000	24390000	24389000	10000	0
chr3L	24430000	24432000	24431000	10000	0
chr3L	24444000	24446000	24445000	10000	0
chr3L	24488000	24490000	24489000	10000	0
chr3L	24498000	24500000	24499000	10000	0
chr3L	24514000	24516000	24515000	10000	0
chr3L	24528000	24530000	24529000	10000	0
chr3L	24544000	24546000	24545000	10000	0
chr3L	24566000	24568000	24567000	10000	0
chr3L	24578000	24580000	24579000	10000	0
chr3L	24600000	24602000	24601000	10000	0
chr3L	24674000	24676000	24675000	10000	0
chr3L	24686000	24688000	24687000	10000	0
chr3L	24696000	24698000	24697000	10000	0
chr3L	24718000	24720000	24719000	10000	0
chr3L	24782000	24784000	24783000	10000	0
chr3L	24822000	24824000	24823000	10000	0
chr3L	24916000	24918000	24917000	10000	0
chr3L	24928000	24930000	24929000	10000	0
chr3L	24990000	24992000	24991000	10000	0
chr3L	25012000	25014000	25013000	10000	0
chr3L	25104000	25106000	25105000	10000	0
chr3L	25116000	25118000	25117000	10000	0
chr3L	25136000	25138000	25137000	10000	1
chr3L	25166000	25168000	25167000	10000	1
chr3L	25228000	25230000	25229000	10000	0
chr3L	25292000	25294000	25293000	10000	0
chr3L	25370000	25372000	25371000	10000	0
chr3L	25436000	25438000	25437000	10000	0
chr3L	25466000	25468000	25467000	10000	0
chr3L	25534000	25536000	25535000	10000	0
chr3L	25562000	25564000	25563000	10000	0
chr3L	25620000	25622000	25621000	10000	1
chr3L	25632000	25634000	25633000	10000	0
chr3L	25656000	25658000	25657000	10000	1
chr3L	25698000	25700000	25699000	10000	0
chr3L	25732000	25734000	25733000	10000	0
chr3L	25778000	25780000	25779000	10000	0
chr3L	25836000	25838000	25837000	10000	0
chr3L	25856000	25858000	25857000	10000	0
chr3L	25916000	25918000	25917000	10000	0
chr3L	25974000	25976000	25975000	10000	0
chr3L	25990000	25992000	25991000	10000	0
chr3L	26016000	26018000	26017000	10000	0
chr3L	26052000	26054000	26053000	10000	0
chr3L	26084000	26086000	26085000	10000	0
chr3L	26148000	26150000	26149000	10000	0
chr3L	26156000	26158000	26157000	10000	0
chr3L	26210000	26212000	26211000	10000	0
chr3L	26234000	26236000	26235000	10000	0
chr3L	26284000	26286000	26285000	10000	0
chr3L	26308000	26310000	26309000	10000	0
chr3L	26330000	26332000	26331000	10000	0
chr3L	26354000	26356000	26355000	10000	0
chr3L	26362000	26364000	26363000	10000	0
chr3L	26464000	26466000	26465000	10000	0
chr3L	26490000	26492000	26491000	10000	0
chr3L	26506000	26508000	26507000	10000	0
chr3L	26524000	26526000	26525000	10000	0
chr3L	26548000	26550000	26549000	10000	0
chr3L	26576000	26578000	26577000	10000	0
chr3L	26648000	26650000	26649000	10000	0
chr3L	26690000	26692000	26691000	10000	0
chr3L	26732000	26734000	26733000	10000	0
chr3L	26792000	26794000	26793000	10000	0
chr3L	26824000	26826000	26825000	10000	0
chr3L	26840000	26842000	26841000	10000	0
chr3L	26856000	26858000	26857000	10000	0
chr3L	26914000	26916000	26915000	10000	0
chr3L	26994000	26996000	26995000	10000	0
chr3L	27038000	27040000	27039000	10000	0
chr3L	27122000	27124000	27123000	10000	0
chr3L	27140000	27142000	27141000	10000	0
chr3L	27252000	27254000	27253000	10000	0
chr3L	27280000	27282000	27281000	10000	0
chr3L	27322000	27324000	27323000	10000	0
chr3L	27402000	27404000	27403000	10000	0
chr3L	27434000	27436000	27435000	10000	0
chr3L	27450000	27452000	27451000	10000	0
chr3L	27472000	27474000	27473000	10000	0
chr3L	27490000	27492000	27491000	10000	0
chr3L	27520000	27522000	27521000	10000	0
chr3L	27566000	27568000	27567000	10000	0
chr3L	27588000	27590000	27589000	10000	0
chr3L	27684000	27686000	27685000	10000	0
chr3L	27734000	27736000	27735000	10000	0
chr3L	27746000	27748000	27747000	10000	0
chr3L	27802000	27804000	27803000	10000	0
chr3L	27822000	27824000	27823000	10000	0
chr3L	27844000	27846000	27845000	10000	0
chr3L	27894000	27896000	27895000	10000	0
chr3L	27964000	27966000	27965000	10000	0
chr3L	27982000	27984000	27983000	10000	0
chr3L	27994000	27996000	27995000	10000	0
chr3L	28016000	28018000	28017000	10000	0
chr3L	28060000	28062000	28061000	10000	0
chr3L	28098000	28100000	28099000	10000	0
chr3R	8000	10000	9000	10000	0
chr3R	40000	42000	41000	10000	0
chr3R	76000	78000	77000	10000	0
chr3R	92000	94000	93000	10000	0
chr3R	128000	130000	129000	10000	0
chr3R	156000	158000	157000	10000	0
chr3R	196000	198000	197000	10000	0
chr3R	238000	240000	239000	10000	0
chr3R	278000	280000	279000	10000	0
chr3R	304000	306000	305000	10000	0
chr3R	324000	326000	325000	10000	0
chr3R	336000	338000	337000	10000	0
chr3R	372000	374000	373000	10000	0
chr3R	388000	390000	389000	10000	0
chr3R	432000	434000	433000	10000	0
chr3R	478000	480000	479000	10000	0
chr3R	490000	492000	491000	10000	0
chr3R	570000	572000	571000	10000	0
chr3R	602000	604000	603000	10000	0
chr3R	624000	626000	625000	10000	0
chr3R	652000	654000	653000	10000	1
chr3R	710000	712000	711000	10000	0
chr3R	744000	746000	745000	10000	0
chr3R	766000	768000	767000	10000	0
chr3R	798000	800000	799000	10000	0
chr3R	826000	828000	827000	10000	0
chr3R	914000	916000	915000	10000	0
chr3R	996000	998000	997000	10000	0
chr3R	1016000	1018000	1017000	10000	1
chr3R	1056000	1058000	1057000	10000	0
chr3R	1130000	1132000	1131000	10000	0
chr3R	1152000	1154000	1153000	10000	0
chr3R	1188000	1190000	1189000	10000	0
chr3R	1242000	1244000	1243000	10000	0
chr3R	1390000	1392000	1391000	10000	0
chr3R	1404000	1406000	1405000	10000	0
chr3R	1462000	1464000	1463000	10000	0
chr3R	1486000	1488000	1487000	10000	0
chr3R	1528000	1530000	1529000	10000	0
chr3R	1550000	1552000	1551000	10000	1
chr3R	1572000	1574000	1573000	10000	2
chr3R	1598000	1600000	1599000	10000	0
chr3R	1620000	1622000	1621000	10000	0
chr3R	1656000	1658000	1657000	10000	0
chr3R	1694000	1696000	1695000	10000	0
chr3R	1712000	1714000	1713000	10000	0
chr3R	1724000	1726000	1725000	10000	0
chr3R	1810000	1812000	1811000	10000	0
chr3R	1834000	1836000	1835000	10000	1
chr3R	1866000	1868000	1867000	10000	0
chr3R	1910000	1912000	1911000	10000	0
chr3R	2018000	2020000	2019000	10000	0
chr3R	2092000	2094000	2093000	10000	0
chr3R	2114000	2116000	2115000	10000	0
chr3R	2156000	2158000	2157000	10000	1
chr3R	2184000	2186000	2185000	10000	0
chr3R	2230000	2232000	2231000	10000	0
chr3R	2298000	2300000	2299000	10000	0
chr3R	2326000	2328000	2327000	10000	0
chr3R	2378000	2380000	2379000	10000	0
chr3R	2410000	2412000	2411000	10000	0
chr3R	2432000	2434000	2433000	10000	0
chr3R	2484000	2486000	2485000	10000	0
chr3R	2494000	2496000	2495000	10000	0
chr3R	2498000	2500000	2499000	10000	0
chr3R	2524000	2526000	2525000	10000	0
chr3R	2530000	2532000	2531000	10000	0
chr3R	2548000	2550000	2549000	10000	0
chr3R	2578000	2580000	2579000	10000	0
chr3R	2596000	2598000	2597000	10000	0
chr3R	2676000	2678000	2677000	10000	1
chr3R	2712000	2714000	2713000	10000	0
chr3R	2760000	2762000	2761000	10000	0
chr3R	2812000	2814000	2813000	10000	0
chr3R	2844000	2846000	2845000	10000	0
chr3R	2854000	2856000	2855000	10000	0
chr3R	2872000	2874000	2873000	10000	0
chr3R	2924000	2926000	2925000	10000	1
chr3R	2990000	2992000	2991000	10000	0
chr3R	3014000	3016000	3015000	10000	0
chr3R	3044000	3046000	3045000	10000	0
chr3R	3066000	3068000	3067000	10000	1
chr3R	3108000	3110000	3109000	10000	0
chr3R	3140000	3142000	3141000	10000	1
chr3R	3170000	3172000	3171000	10000	0
chr3R	3210000	3212000	3211000	10000	0
chr3R	3280000	3282000	3281000	10000	0
chr3R	3308000	3310000	3309000	10000	0
chr3R	3334000	3336000	3335000	10000	0
chr3R	3368000	3370000	3369000	10000	0
chr3R	3426000	3428000	3427000	10000	0
chr3R	3474000	3476000	3475000	10000	0
chr3R	3570000	3572000	3571000	10000	0
chr3R	3686000	3688000	3687000	10000	0
chr3R	3732000	3734000	3733000	10000	0
chr3R	3792000	3794000	3793000	10000	1
chr3R	3838000	3840000	3839000	10000	0
chr3R	3896000	3898000	3897000	10000	1
chr3R	4006000	4008000	4007000	10000	0
chr3R	4174000	4176000	4175000	10000	0
chr3R	4194000	4196000	4195000	10000	0
chr3R	4218000	4220000	4219000	10000	0
chr3R	4230000	4232000	4231000	10000	0
chr3R	4310000	4312000	4311000	10000	1
chr3R	4380000	4382000	4381000	10000	0
chr3R	4434000	4436000	4435000	10000	0
chr3R	4480000	4482000	4481000	10000	0
chr3R	4642000	4644000	4643000	10000	0
chr3R	4714000	4716000	4715000	10000	0
chr3R	4776000	4778000	4777000	10000	1
chr3R	4802000	4804000	4803000	10000	0
chr3R	4822000	4824000	4823000	10000	1
chr3R	4906000	4908000	4907000	10000	0
chr3R	4952000	4954000	4953000	10000	0
chr3R	4970000	4972000	4971000	10000	1
chr3R	5128000	5130000	5129000	10000	1
chr3R	5218000	5220000	5219000	10000	0
chr3R	5260000	5262000	5261000	10000	1
chr3R	5298000	5300000	5299000	10000	2
chr3R	5372000	5374000	5373000	10000	1
chr3R	5468000	5470000	5469000	10000	0
chr3R	5548000	5550000	5549000	10000	0
chr3R	5592000	5594000	5593000	10000	0
chr3R	5602000	5604000	5603000	10000	0
chr3R	5624000	5626000	5625000	10000	1
chr3R	5670000	5672000	5671000	10000	0
chr3R	5734000	5736000	5735000	10000	0
chr3R	5760000	5762000	5761000	10000	0
chr3R	5780000	5782000	5781000	10000	0
chr3R	5862000	5864000	5863000	10000	0
chr3R	6010000	6012000	6011000	10000	0
chr3R	6172000	6174000	6173000	10000	0
chr3R	6334000	6336000	6335000	10000	1
chr3R	6382000	6384000	6383000	10000	0
chr3R	6406000	6408000	6407000	10000	0
chr3R	6460000	6462000	6461000	10000	0
chr3R	6646000	6648000	6647000	10000	0
chr3R	6660000	6662000	6661000	10000	0
chr3R	6760000	6762000	6761000	10000	0
chr3R	6822000	6824000	6823000	10000	0
chr3R	6912000	6914000	6913000	10000	2
chr3R	7066000	7068000	7067000	10000	0
chr3R	7074000	7076000	7075000	10000	1
chr3R	7082000	7084000	7083000	10000	1
chr3R	7086000	7088000	7087000	10000	1
chr3R	7128000	7130000	7129000	10000	0
chr3R	7156000	7158000	7157000	10000	0
chr3R	7200000	7202000	7201000	10000	0
chr3R	7262000	7264000	7263000	10000	0
chr3R	7472000	7474000	7473000	10000	0
chr3R	7550000	7552000	7551000	10000	0
chr3R	7810000	7812000	7811000	10000	2
chr3R	7886000	7888000	7887000	10000	0
chr3R	7920000	7922000	7921000	10000	0
chr3R	7978000	7980000	7979000	10000	1
chr3R	8000000	8002000	8001000	10000	0
chr3R	8034000	8036000	8035000	10000	0
chr3R	8104000	8106000	8105000	10000	0
chr3R	8128000	8130000	8129000	10000	0
chr3R	8234000	8236000	8235000	10000	0
chr3R	8306000	8308000	8307000	10000	0
chr3R	8350000	8352000	8351000	10000	0
chr3R	8364000	8366000	8365000	10000	0
chr3R	8650000	8652000	8651000	10000	0
chr3R	8674000	8676000	8675000	10000	1
chr3R	8712000	8714000	8713000	10000	0
chr3R	8748000	8750000	8749000	10000	0
chr3R	8800000	8802000	8801000	10000	0
chr3R	8848000	8850000	8849000	10000	0
chr3R	8862000	8864000	8863000	10000	1
chr3R	8938000	8940000	8939000	10000	1
chr3R	8980000	8982000	8981000	10000	0
chr3R	9004000	9006000	9005000	10000	0
chr3R	9020000	9022000	9021000	10000	0
chr3R	9048000	9050000	9049000	10000	1
chr3R	9058000	9060000	9059000	10000	0
chr3R	9064000	9066000	9065000	10000	0
chr3R	9238000	9240000	9239000	10000	0
chr3R	9334000	9336000	9335000	10000	1
chr3R	9354000	9356000	9355000	10000	0
chr3R	9400000	9402000	9401000	10000	0
chr3R	9438000	9440000	9439000	10000	0
chr3R	9496000	9498000	9497000	10000	0
chr3R	9504000	9506000	9505000	10000	0
chr3R	9516000	9518000	9517000	10000	0
chr3R	9552000	9554000	9553000	10000	0
chr3R	9574000	9576000	9575000	10000	0
chr3R	9582000	9584000	9583000	10000	0
chr3R	9632000	9634000	9633000	10000	0
chr3R	9678000	9680000	9679000	10000	2
chr3R	9692000	9694000	9693000	10000	1
chr3R	9726000	9728000	9727000	10000	0
chr3R	9748000	9750000	9749000	10000	0
chr3R	9764000	9766000	9765000	10000	1
chr3R	9778000	9780000	9779000	10000	0
chr3R	9810000	9812000	9811000	10000	1
chr3R	9868000	9870000	9869000	10000	0
chr3R	9986000	9988000	9987000	10000	0
chr3R	10044000	10046000	10045000	10000	0
chr3R	10076000	10078000	10077000	10000	0
chr3R	10100000	10102000	10101000	10000	1
chr3R	10110000	10112000	10111000	10000	0
chr3R	10134000	10136000	10135000	10000	0
chr3R	10144000	10146000	10145000	10000	1
chr3R	10170000	10172000	10171000	10000	0
chr3R	10264000	10266000	10265000	10000	1
chr3R	10312000	10314000	10313000	10000	0
chr3R	10350000	10352000	10351000	10000	1
chr3R	10378000	10380000	10379000	10000	0
chr3R	10396000	10398000	10397000	10000	0
chr3R	10416000	10418000	10417000	10000	0
chr3R	10676000	10678000	10677000	10000	0
chr3R	10760000	10762000	10761000	10000	0
chr3R	10852000	10854000	10853000	10000	1
chr3R	10872000	10874000	10873000	10000	0
chr3R	10894000	10896000	10895000	10000	0
chr3R	11120000	11122000	11121000	10000	0
chr3R	11210000	11212000	11211000	10000	1
chr3R	11222000	11224000	11223000	10000	0
chr3R	11244000	11246000	11245000	10000	0
chr3R	11408000	11410000	11409000	10000	0
chr3R	11438000	11440000	11439000	10000	0
chr3R	11558000	11560000	11559000	10000	0
chr3R	11590000	11592000	11591000	10000	1
chr3R	11620000	11622000	11621000	10000	1
chr3R	11656000	11658000	11657000	10000	0
chr3R	11666000	11668000	11667000	10000	0
chr3R	11736000	11738000	11737000	10000	1
chr3R	11758000	11760000	11759000	10000	0
chr3R	11764000	11766000	11765000	10000	0
chr3R	11822000	11824000	11823000	10000	0
chr3R	11882000	11884000	11883000	10000	0
chr3R	11950000	11952000	11951000	10000	0
chr3R	11994000	11996000	11995000	10000	0
chr3R	12220000	12222000	12221000	10000	1
chr3R	12356000	12358000	12357000	10000	1
chr3R	12384000	12386000	12385000	10000	0
chr3R	12408000	12410000	12409000	10000	0
chr3R	12426000	12428000	12427000	10000	1
chr3R	12442000	12444000	12443000	10000	0
chr3R	12478000	12480000	12479000	10000	0
chr3R	12628000	12630000	12629000	10000	0
chr3R	12676000	12678000	12677000	10000	0
chr3R	12698000	12700000	12699000	10000	0
chr3R	12712000	12714000	12713000	10000	0
chr3R	12724000	12726000	12725000	10000	1
chr3R	12982000	12984000	12983000	10000	0
chr3R	12998000	13000000	12999000	10000	0
chr3R	13012000	13014000	13013000	10000	0
chr3R	13032000	13034000	13033000	10000	0
chr3R	13056000	13058000	13057000	10000	0
chr3R	13078000	13080000	13079000	10000	1
chr3R	13260000	13262000	13261000	10000	1
chr3R	13324000	13326000	13325000	10000	0
chr3R	13382000	13384000	13383000	10000	0
chr3R	13404000	13406000	13405000	10000	0
chr3R	13436000	13438000	13437000	10000	1
chr3R	13646000	13648000	13647000	10000	0
chr3R	13660000	13662000	13661000	10000	0
chr3R	13684000	13686000	13685000	10000	1
chr3R	13774000	13776000	13775000	10000	0
chr3R	13840000	13842000	13841000	10000	0
chr3R	13964000	13966000	13965000	10000	0
chr3R	14032000	14034000	14033000	10000	0
chr3R	14090000	14092000	14091000	10000	3
chr3R	14260000	14262000	14261000	10000	0
chr3R	14288000	14290000	14289000	10000	0
chr3R	14298000	14300000	14299000	10000	0
chr3R	14308000	14310000	14309000	10000	0
chr3R	14316000	14318000	14317000	10000	0
chr3R	14328000	14330000	14329000	10000	0
chr3R	14392000	14394000	14393000	10000	2
chr3R	14512000	14514000	14513000	10000	0
chr3R	14576000	14578000	14577000	10000	2
chr3R	14656000	14658000	14657000	10000	0
chr3R	14698000	14700000	14699000	10000	0
chr3R	14728000	14730000	14729000	10000	0
chr3R	14742000	14744000	14743000	10000	0
chr3R	14874000	14876000	14875000	10000	1
chr3R	14904000	14906000	14905000	10000	1
chr3R	15096000	15098000	15097000	10000	0
chr3R	15134000	15136000	15135000	10000	0
chr3R	15148000	15150000	15149000	10000	1
chr3R	15196000	15198000	15197000	10000	1
chr3R	15210000	15212000	15211000	10000	1
chr3R	15222000	15224000	15223000	10000	0
chr3R	15242000	15244000	15243000	10000	0
chr3R	15266000	15268000	15267000	10000	1
chr3R	15278000	15280000	15279000	10000	0
chr3R	15288000	15290000	15289000	10000	0
chr3R	15320000	15322000	15321000	10000	1
chr3R	15330000	15332000	15331000	10000	1
chr3R	15372000	15374000	15373000	10000	0
chr3R	15438000	15440000	15439000	10000	1
chr3R	15486000	15488000	15487000	10000	1
chr3R	15548000	15550000	15549000	10000	0
chr3R	15688000	15690000	15689000	10000	0
chr3R	15786000	15788000	15787000	10000	2
chr3R	15858000	15860000	15859000	10000	0
chr3R	15966000	15968000	15967000	10000	0
chr3R	15972000	15974000	15973000	10000	0
chr3R	16004000	16006000	16005000	10000	1
chr3R	16042000	16044000	16043000	10000	0
chr3R	16154000	16156000	16155000	10000	0
chr3R	16188000	16190000	16189000	10000	0
chr3R	16206000	16208000	16207000	10000	0
chr3R	16264000	16266000	16265000	10000	1
chr3R	16272000	16274000	16273000	10000	0
chr3R	16320000	16322000	16321000	10000	0
chr3R	16352000	16354000	16353000	10000	0
chr3R	16432000	16434000	16433000	10000	0
chr3R	16456000	16458000	16457000	10000	0
chr3R	16484000	16486000	16485000	10000	0
chr3R	16624000	16626000	16625000	10000	0
chr3R	16640000	16642000	16641000	10000	0
chr3R	16656000	16658000	16657000	10000	0
chr3R	16798000	16800000	16799000	10000	0
chr3R	16990000	16992000	16991000	10000	0
chr3R	17044000	17046000	17045000	10000	0
chr3R	17080000	17082000	17081000	10000	0
chr3R	17110000	17112000	17111000	10000	0
chr3R	17152000	17154000	17153000	10000	0
chr3R	17386000	17388000	17387000	10000	1
chr3R	17402000	17404000	17403000	10000	1
chr3R	17534000	17536000	17535000	10000	0
chr3R	17616000	17618000	17617000	10000	1
chr3R	17648000	17650000	17649000	10000	0
chr3R	17672000	17674000	17673000	10000	0
chr3R	17682000	17684000	17683000	10000	1
chr3R	17720000	17722000	17721000	10000	1
chr3R	17812000	17814000	17813000	10000	0
chr3R	18022000	18024000	18023000	10000	2
chr3R	18164000	18166000	18165000	10000	1
chr3R	18200000	18202000	18201000	10000	0
chr3R	18226000	18228000	18227000	10000	0
chr3R	18242000	18244000	18243000	10000	0
chr3R	18302000	18304000	18303000	10000	0
chr3R	18412000	18414000	18413000	10000	1
chr3R	18572000	18574000	18573000	10000	0
chr3R	18586000	18588000	18587000	10000	0
chr3R	18658000	18660000	18659000	10000	0
chr3R	18678000	18680000	18679000	10000	0
chr3R	18744000	18746000	18745000	10000	0
chr3R	18760000	18762000	18761000	10000	0
chr3R	18798000	18800000	18799000	10000	0
chr3R	18906000	18908000	18907000	10000	0
chr3R	18930000	18932000	18931000	10000	1
chr3R	18984000	18986000	18985000	10000	0
chr3R	19032000	19034000	19033000	10000	0
chr3R	19096000	19098000	19097000	10000	0
chr3R	19154000	19156000	19155000	10000	0
chr3R	19230000	19232000	19231000	10000	0
chr3R	19412000	19414000	19413000	10000	1
chr3R	19566000	19568000	19567000	10000	1
chr3R	19616000	19618000	19617000	10000	0
chr3R	19648000	19650000	19649000	10000	3
chr3R	19778000	19780000	19779000	10000	0
chr3R	19848000	19850000	19849000	10000	0
chr3R	19862000	19864000	19863000	10000	1
chr3R	19904000	19906000	19905000	10000	0
chr3R	20008000	20010000	20009000	10000	1
chr3R	20036000	20038000	20037000	10000	0
chr3R	20252000	20254000	20253000	10000	0
chr3R	20288000	20290000	20289000	10000	0
chr3R	20328000	20330000	20329000	10000	0
chr3R	20534000	20536000	20535000	10000	0
chr3R	20558000	20560000	20559000	10000	0
chr3R	20580000	20582000	20581000	10000	0
chr3R	20622000	20624000	20623000	10000	0
chr3R	20644000	20646000	20645000	10000	0
chr3R	20762000	20764000	20763000	10000	0
chr3R	20822000	20824000	20823000	10000	0
chr3R	20832000	20834000	20833000	10000	0
chr3R	20920000	20922000	20921000	10000	0
chr3R	20948000	20950000	20949000	10000	1
chr3R	21016000	21018000	21017000	10000	1
chr3R	21054000	21056000	21055000	10000	0
chr3R	21140000	21142000	21141000	10000	0
chr3R	21156000	21158000	21157000	10000	0
chr3R	21186000	21188000	21187000	10000	1
chr3R	21216000	21218000	21217000	10000	1
chr3R	21296000	21298000	21297000	10000	0
chr3R	21348000	21350000	21349000	10000	0
chr3R	21378000	21380000	21379000	10000	0
chr3R	21520000	21522000	21521000	10000	0
chr3R	21580000	21582000	21581000	10000	0
chr3R	21594000	21596000	21595000	10000	0
chr3R	21620000	21622000	21621000	10000	1
chr3R	21664000	21666000	21665000	10000	0
chr3R	21672000	21674000	21673000	10000	0
chr3R	21822000	21824000	21823000	10000	1
chr3R	21878000	21880000	21879000	10000	0
chr3R	22018000	22020000	22019000	10000	0
chr3R	22042000	22044000	22043000	10000	0
chr3R	22094000	22096000	22095000	10000	0
chr3R	22356000	22358000	22357000	10000	0
chr3R	22400000	22402000	22401000	10000	0
chr3R	22468000	22470000	22469000	10000	0
chr3R	22532000	22534000	22533000	10000	0
chr3R	22582000	22584000	22583000	10000	0
chr3R	22622000	22624000	22623000	10000	1
chr3R	22640000	22642000	22641000	10000	0
chr3R	22686000	22688000	22687000	10000	0
chr3R	22726000	22728000	22727000	10000	0
chr3R	22750000	22752000	22751000	10000	0
chr3R	22794000	22796000	22795000	10000	0
chr3R	23016000	23018000	23017000	10000	1
chr3R	23128000	23130000	23129000	10000	0
chr3R	23158000	23160000	23159000	10000	2
chr3R	23190000	23192000	23191000	10000	0
chr3R	23222000	23224000	23223000	10000	1
chr3R	23280000	23282000	23281000	10000	0
chr3R	23348000	23350000	23349000	10000	0
chr3R	23358000	23360000	23359000	10000	0
chr3R	23680000	23682000	23681000	10000	1
chr3R	23694000	23696000	23695000	10000	0
chr3R	23722000	23724000	23723000	10000	1
chr3R	23732000	23734000	23733000	10000	1
chr3R	23752000	23754000	23753000	10000	1
chr3R	23820000	23822000	23821000	10000	0
chr3R	23860000	23862000	23861000	10000	0
chr3R	23890000	23892000	23891000	10000	1
chr3R	23924000	23926000	23925000	10000	0
chr3R	23944000	23946000	23945000	10000	0
chr3R	23996000	23998000	23997000	10000	0
chr3R	24014000	24016000	24015000	10000	0
chr3R	24032000	24034000	24033000	10000	0
chr3R	24058000	24060000	24059000	10000	0
chr3R	24106000	24108000	24107000	10000	2
chr3R	24152000	24154000	24153000	10000	0
chr3R	24170000	24172000	24171000	10000	0
chr3R	24230000	24232000	24231000	10000	0
chr3R	24252000	24254000	24253000	10000	1
chr3R	24278000	24280000	24279000	10000	1
chr3R	24290000	24292000	24291000	10000	1
chr3R	24318000	24320000	24319000	10000	0
chr3R	24360000	24362000	24361000	10000	0
chr3R	24528000	24530000	24529000	10000	0
chr3R	24544000	24546000	24545000	10000	0
chr3R	24586000	24588000	24587000	10000	0
chr3R	24626000	24628000	24627000	10000	0
chr3R	24662000	24664000	24663000	10000	0
chr3R	24754000	24756000	24755000	10000	0
chr3R	24814000	24816000	24815000	10000	2
chr3R	24850000	24852000	24851000	10000	0
chr3R	24878000	24880000	24879000	10000	0
chr3R	24918000	24920000	24919000	10000	0
chr3R	25024000	25026000	25025000	10000	0
chr3R	25074000	25076000	25075000	10000	0
chr3R	25098000	25100000	25099000	10000	0
chr3R	25128000	25130000	25129000	10000	0
chr3R	25246000	25248000	25247000	10000	1
chr3R	25266000	25268000	25267000	10000	0
chr3R	25326000	25328000	25327000	10000	0
chr3R	25474000	25476000	25475000	10000	0
chr3R	25494000	25496000	25495000	10000	0
chr3R	25624000	25626000	25625000	10000	1
chr3R	25648000	25650000	25649000	10000	0
chr3R	25688000	25690000	25689000	10000	0
chr3R	25756000	25758000	25757000	10000	0
chr3R	25850000	25852000	25851000	10000	0
chr3R	25888000	25890000	25889000	10000	0
chr3R	25982000	25984000	25983000	10000	0
chr3R	26042000	26044000	26043000	10000	0
chr3R	26060000	26062000	26061000	10000	0
chr3R	26088000	26090000	26089000	10000	0
chr3R	26130000	26132000	26131000	10000	1
chr3R	26188000	26190000	26189000	10000	0
chr3R	26262000	26264000	26263000	10000	0
chr3R	26452000	26454000	26453000	10000	0
chr3R	26536000	26538000	26537000	10000	1
chr3R	26566000	26568000	26567000	10000	0
chr3R	26726000	26728000	26727000	10000	0
chr3R	26864000	26866000	26865000	10000	0
chr3R	26876000	26878000	26877000	10000	0
chr3R	26912000	26914000	26913000	10000	0
chr3R	26956000	26958000	26957000	10000	2
chr3R	26988000	26990000	26989000	10000	1
chr3R	27112000	27114000	27113000	10000	0
chr3R	27154000	27156000	27155000	10000	0
chr3R	27240000	27242000	27241000	10000	0
chr3R	27296000	27298000	27297000	10000	1
chr3R	27548000	27550000	27549000	10000	1
chr3R	27584000	27586000	27585000	10000	0
chr3R	27608000	27610000	27609000	10000	0
chr3R	27676000	27678000	27677000	10000	1
chr3R	27712000	27714000	27713000	10000	0
chr3R	27916000	27918000	27917000	10000	0
chr3R	27938000	27940000	27939000	10000	0
chr3R	27960000	27962000	27961000	10000	0
chr3R	28252000	28254000	28253000	10000	0
chr3R	28326000	28328000	28327000	10000	1
chr3R	28346000	28348000	28347000	10000	1
chr3R	28600000	28602000	28601000	10000	1
chr3R	28636000	28638000	28637000	10000	0
chr3R	28812000	28814000	28813000	10000	0
chr3R	28844000	28846000	28845000	10000	0
chr3R	28888000	28890000	28889000	10000	0
chr3R	29028000	29030000	29029000	10000	0
chr3R	29122000	29124000	29123000	10000	0
chr3R	29154000	29156000	29155000	10000	1
chr3R	29202000	29204000	29203000	10000	0
chr3R	29220000	29222000	29221000	10000	0
chr3R	29320000	29322000	29321000	10000	1
chr3R	29490000	29492000	29491000	10000	1
chr3R	29504000	29506000	29505000	10000	0
chr3R	29590000	29592000	29591000	10000	0
chr3R	29724000	29726000	29725000	10000	3
chr3R	29738000	29740000	29739000	10000	0
chr3R	29802000	29804000	29803000	10000	0
chr3R	29860000	29862000	29861000	10000	0
chr3R	29994000	29996000	29995000	10000	1
chr3R	30022000	30024000	30023000	10000	1
chr3R	30056000	30058000	30057000	10000	0
chr3R	30122000	30124000	30123000	10000	0
chr3R	30210000	30212000	30211000	10000	1
chr3R	30250000	30252000	30251000	10000	0
chr3R	30386000	30388000	30387000	10000	0
chr3R	30424000	30426000	30425000	10000	1
chr3R	30466000	30468000	30467000	10000	0
chr3R	30602000	30604000	30603000	10000	1
chr3R	30766000	30768000	30767000	10000	2
chr3R	30796000	30798000	30797000	10000	1
chr3R	30808000	30810000	30809000	10000	0
chr3R	30890000	30892000	30891000	10000	0
chr3R	31062000	31064000	31063000	10000	3
chr3R	31196000	31198000	31197000	10000	0
chr3R	31220000	31222000	31221000	10000	0
chr3R	31256000	31258000	31257000	10000	0
chr3R	31378000	31380000	31379000	10000	0
chr3R	31396000	31398000	31397000	10000	1
chr3R	31404000	31406000	31405000	10000	1
chr3R	31458000	31460000	31459000	10000	1
chr3R	31572000	31574000	31573000	10000	0
chr3R	31596000	31598000	31597000	10000	0
chr3R	31622000	31624000	31623000	10000	0
chr3R	31670000	31672000	31671000	10000	0
chr3R	31712000	31714000	31713000	10000	0
chr3R	31746000	31748000	31747000	10000	0
chr3R	31772000	31774000	31773000	10000	0
chr3R	31812000	31814000	31813000	10000	0
chr3R	31980000	31982000	31981000	10000	0
chr3R	32050000	32052000	32051000	10000	0
chr4	34000	36000	35000	10000	0
chr4	68000	70000	69000	10000	0
chr4	130000	132000	131000	10000	0
chr4	206000	208000	207000	10000	0
chr4	308000	310000	309000	10000	0
chr4	360000	362000	361000	10000	2
chr4	444000	446000	445000	10000	0
chr4	486000	488000	487000	10000	1
chr4	522000	524000	523000	10000	0
chr4	696000	698000	697000	10000	0
chr4	794000	796000	795000	10000	0
chr4	836000	838000	837000	10000	0
chr4	854000	856000	855000	10000	0
chr4	932000	934000	933000	10000	0
chr4	958000	960000	959000	10000	0
chr4	980000	982000	981000	10000	0
chr4	1050000	1052000	1051000	10000	0
chr4	1114000	1116000	1115000	10000	0
chr4	1200000	1202000	1201000	10000	0
chr4	1230000	1232000	1231000	10000	0
chr4	1280000	1282000	1281000	10000	0
chr4	1320000	1322000	1321000	10000	1
chrX	56000	58000	57000	10000	1
chrX	112000	114000	113000	10000	1
chrX	142000	144000	143000	10000	0
chrX	242000	244000	243000	10000	0
chrX	280000	282000	281000	10000	0
chrX	476000	478000	477000	10000	0
chrX	530000	532000	531000	10000	1
chrX	620000	622000	621000	10000	1
chrX	636000	638000	637000	10000	0
chrX	656000	658000	657000	10000	1
chrX	760000	762000	761000	10000	0
chrX	800000	802000	801000	10000	0
chrX	934000	936000	935000	10000	1
chrX	1028000	1030000	1029000	10000	0
chrX	1224000	1226000	1225000	10000	0
chrX	1288000	1290000	1289000	10000	1
chrX	1342000	1344000	1343000	10000	2
chrX	1394000	1396000	1395000	10000	1
chrX	1454000	1456000	1455000	10000	0
chrX	1468000	1470000	1469000	10000	0
chrX	1484000	1486000	1485000	10000	0
chrX	1518000	1520000	1519000	10000	1
chrX	1664000	1666000	1665000	10000	1
chrX	1696000	1698000	1697000	10000	1
chrX	1772000	1774000	1773000	10000	1
chrX	1830000	1832000	1831000	10000	0
chrX	1860000	1862000	1861000	10000	0
chrX	1890000	1892000	1891000	10000	0
chrX	1904000	1906000	1905000	10000	0
chrX	1928000	1930000	1929000	10000	0
chrX	1940000	1942000	1941000	10000	0
chrX	1954000	1956000	1955000	10000	1
chrX	2010000	2012000	2011000	10000	0
chrX	2042000	2044000	2043000	10000	0
chrX	2080000	2082000	2081000	10000	0
chrX	2094000	2096000	2095000	10000	0
chrX	2120000	2122000	2121000	10000	4
chrX	2150000	2152000	2151000	10000	0
chrX	2160000	2162000	2161000	10000	0
chrX	2226000	2228000	2227000	10000	1
chrX	2242000	2244000	2243000	10000	0
chrX	2274000	2276000	2275000	10000	0
chrX	2344000	2346000	2345000	10000	0
chrX	2442000	2444000	2443000	10000	1
chrX	2584000	2586000	2585000	10000	1
chrX	2612000	2614000	2613000	10000	0
chrX	2634000	2636000	2635000	10000	0
chrX	2664000	2666000	2665000	10000	2
chrX	2690000	2692000	2691000	10000	1
chrX	2740000	2742000	2741000	10000	0
chrX	2948000	2950000	2949000	10000	0
chrX	3070000	3072000	3071000	10000	2
chrX	3134000	3136000	3135000	10000	1
chrX	3174000	3176000	3175000	10000	0
chrX	3286000	3288000	3287000	10000	0
chrX	3344000	3346000	3345000	10000	1
chrX	3482000	3484000	3483000	10000	1
chrX	3574000	3576000	3575000	10000	0
chrX	3618000	3620000	3619000	10000	0
chrX	3672000	3674000	3673000	10000	3
chrX	3686000	3688000	3687000	10000	0
chrX	3706000	3708000	3707000	10000	0
chrX	3720000	3722000	3721000	10000	1
chrX	3788000	3790000	3789000	10000	1
chrX	3802000	3804000	3803000	10000	0
chrX	3880000	3882000	3881000	10000	0
chrX	3938000	3940000	3939000	10000	0
chrX	3970000	3972000	3971000	10000	0
chrX	4100000	4102000	4101000	10000	0
chrX	4214000	4216000	4215000	10000	0
chrX	4318000	4320000	4319000	10000	0
chrX	4366000	4368000	4367000	10000	0
chrX	4432000	4434000	4433000	10000	0
chrX	4530000	4532000	4531000	10000	1
chrX	4554000	4556000	4555000	10000	1
chrX	4630000	4632000	4631000	10000	0
chrX	4668000	4670000	4669000	10000	0
chrX	4680000	4682000	4681000	10000	0
chrX	4688000	4690000	4689000	10000	0
chrX	4704000	4706000	4705000	10000	0
chrX	4904000	4906000	4905000	10000	0
chrX	4936000	4938000	4937000	10000	0
chrX	5086000	5088000	5087000	10000	2
chrX	5308000	5310000	5309000	10000	0
chrX	5330000	5332000	5331000	10000	1
chrX	5430000	5432000	5431000	10000	1
chrX	5522000	5524000	5523000	10000	2
chrX	5614000	5616000	5615000	10000	3
chrX	5666000	5668000	5667000	10000	2
chrX	5672000	5674000	5673000	10000	0
chrX	5696000	5698000	5697000	10000	0
chrX	5738000	5740000	5739000	10000	0
chrX	5766000	5768000	5767000	10000	0
chrX	5880000	5882000	5881000	10000	1
chrX	5916000	5918000	5917000	10000	1
chrX	5946000	5948000	5947000	10000	0
chrX	6038000	6040000	6039000	10000	2
chrX	6220000	6222000	6221000	10000	0
chrX	6266000	6268000	6267000	10000	0
chrX	6278000	6280000	6279000	10000	1
chrX	6288000	6290000	6289000	10000	0
chrX	6302000	6304000	6303000	10000	0
chrX	6348000	6350000	6349000	10000	1
chrX	6374000	6376000	6375000	10000	0
chrX	6524000	6526000	6525000	10000	0
chrX	6534000	6536000	6535000	10000	1
chrX	6592000	6594000	6593000	10000	0
chrX	6662000	6664000	6663000	10000	1
chrX	6674000	6676000	6675000	10000	0
chrX	6696000	6698000	6697000	10000	0
chrX	6744000	6746000	6745000	10000	0
chrX	6756000	6758000	6757000	10000	0
chrX	6804000	6806000	6805000	10000	0
chrX	6850000	6852000	6851000	10000	0
chrX	6892000	6894000	6893000	10000	1
chrX	6968000	6970000	6969000	10000	1
chrX	7014000	7016000	7015000	10000	0
chrX	7098000	7100000	7099000	10000	0
chrX	7110000	7112000	7111000	10000	1
chrX	7286000	7288000	7287000	10000	0
chrX	7324000	7326000	7325000	10000	0
chrX	7490000	7492000	7491000	10000	0
chrX	7632000	7634000	7633000	10000	0
chrX	7680000	7682000	7681000	10000	0
chrX	7712000	7714000	7713000	10000	3
chrX	7722000	7724000	7723000	10000	0
chrX	7738000	7740000	7739000	10000	1
chrX	7888000	7890000	7889000	10000	1
chrX	7934000	7936000	7935000	10000	0
chrX	7946000	7948000	7947000	10000	0
chrX	7968000	7970000	7969000	10000	0
chrX	8056000	8058000	8057000	10000	0
chrX	8062000	8064000	8063000	10000	0
chrX	8076000	8078000	8077000	10000	1
chrX	8094000	8096000	8095000	10000	0
chrX	8116000	8118000	8117000	10000	0
chrX	8130000	8132000	8131000	10000	1
chrX	8142000	8144000	8143000	10000	2
chrX	8178000	8180000	8179000	10000	0
chrX	8252000	8254000	8253000	10000	0
chrX	8398000	8400000	8399000	10000	1
chrX	8408000	8410000	8409000	10000	0
chrX	8424000	8426000	8425000	10000	0
chrX	8442000	8444000	8443000	10000	1
chrX	8518000	8520000	8519000	10000	0
chrX	8560000	8562000	8561000	10000	0
chrX	8574000	8576000	8575000	10000	1
chrX	8588000	8590000	8589000	10000	2
chrX	8606000	8608000	8607000	10000	0
chrX	8678000	8680000	8679000	10000	2
chrX	8722000	8724000	8723000	10000	1
chrX	8872000	8874000	8873000	10000	1
chrX	8908000	8910000	8909000	10000	0
chrX	9042000	9044000	9043000	10000	0
chrX	9088000	9090000	9089000	10000	1
chrX	9106000	9108000	9107000	10000	0
chrX	9164000	9166000	9165000	10000	0
chrX	9202000	9204000	9203000	10000	2
chrX	9232000	9234000	9233000	10000	0
chrX	9256000	9258000	9257000	10000	0
chrX	9282000	9284000	9283000	10000	1
chrX	9320000	9322000	9321000	10000	0
chrX	9358000	9360000	9359000	10000	0
chrX	9554000	9556000	9555000	10000	1
chrX	9580000	9582000	9581000	10000	0
chrX	9600000	9602000	9601000	10000	1
chrX	9688000	9690000	9689000	10000	2
chrX	9810000	9812000	9811000	10000	0
chrX	10010000	10012000	10011000	10000	1
chrX	10086000	10088000	10087000	10000	0
chrX	10212000	10214000	10213000	10000	1
chrX	10330000	10332000	10331000	10000	0
chrX	10368000	10370000	10369000	10000	0
chrX	10460000	10462000	10461000	10000	0
chrX	10478000	10480000	10479000	10000	1
chrX	10602000	10604000	10603000	10000	0
chrX	10716000	10718000	10717000	10000	0
chrX	10746000	10748000	10747000	10000	1
chrX	10768000	10770000	10769000	10000	2
chrX	10788000	10790000	10789000	10000	1
chrX	10832000	10834000	10833000	10000	3
chrX	10858000	10860000	10859000	10000	0
chrX	10878000	10880000	10879000	10000	0
chrX	10900000	10902000	10901000	10000	0
chrX	11090000	11092000	11091000	10000	1
chrX	11108000	11110000	11109000	10000	0
chrX	11154000	11156000	11155000	10000	1
chrX	11324000	11326000	11325000	10000	1
chrX	11340000	11342000	11341000	10000	1
chrX	11356000	11358000	11357000	10000	0
chrX	11368000	11370000	11369000	10000	0
chrX	11390000	11392000	11391000	10000	1
chrX	11418000	11420000	11419000	10000	0
chrX	11454000	11456000	11455000	10000	1
chrX	11488000	11490000	11489000	10000	2
chrX	11562000	11564000	11563000	10000	1
chrX	11592000	11594000	11593000	10000	0
chrX	11616000	11618000	11617000	10000	0
chrX	11678000	11680000	11679000	10000	0
chrX	11696000	11698000	11697000	10000	0
chrX	11720000	11722000	11721000	10000	1
chrX	11792000	11794000	11793000	10000	0
chrX	11806000	11808000	11807000	10000	0
chrX	11852000	11854000	11853000	10000	1
chrX	11872000	11874000	11873000	10000	1
chrX	11890000	11892000	11891000	10000	0
chrX	11906000	11908000	11907000	10000	0
chrX	12012000	12014000	12013000	10000	0
chrX	12036000	12038000	12037000	10000	2
chrX	12116000	12118000	12117000	10000	1
chrX	12338000	12340000	12339000	10000	0
chrX	12460000	12462000	12461000	10000	0
chrX	12574000	12576000	12575000	10000	0
chrX	12584000	12586000	12585000	10000	0
chrX	12612000	12614000	12613000	10000	1
chrX	12658000	12660000	12659000	10000	0
chrX	12678000	12680000	12679000	10000	1
chrX	12686000	12688000	12687000	10000	1
chrX	12764000	12766000	12765000	10000	0
chrX	12910000	12912000	12911000	10000	0
chrX	13088000	13090000	13089000	10000	0
chrX	13112000	13114000	13113000	10000	0
chrX	13178000	13180000	13179000	10000	0
chrX	13212000	13214000	13213000	10000	0
chrX	13268000	13270000	13269000	10000	1
chrX	13288000	13290000	13289000	10000	0
chrX	13338000	13340000	13339000	10000	1
chrX	13372000	13374000	13373000	10000	1
chrX	13388000	13390000	13389000	10000	0
chrX	13402000	13404000	13403000	10000	1
chrX	13408000	13410000	13409000	10000	1
chrX	13414000	13416000	13415000	10000	0
chrX	13422000	13424000	13423000	10000	0
chrX	13564000	13566000	13565000	10000	2
chrX	13606000	13608000	13607000	10000	0
chrX	13624000	13626000	13625000	10000	0
chrX	13636000	13638000	13637000	10000	0
chrX	13668000	13670000	13669000	10000	0
chrX	13722000	13724000	13723000	10000	0
chrX	13736000	13738000	13737000	10000	0
chrX	13744000	13746000	13745000	10000	0
chrX	13758000	13760000	13759000	10000	0
chrX	13782000	13784000	13783000	10000	0
chrX	13812000	13814000	13813000	10000	0
chrX	13822000	13824000	13823000	10000	1
chrX	13846000	13848000	13847000	10000	0
chrX	14006000	14008000	14007000	10000	0
chrX	14050000	14052000	14051000	10000	0
chrX	14200000	14202000	14201000	10000	2
chrX	14226000	14228000	14227000	10000	0
chrX	14248000	14250000	14249000	10000	0
chrX	14282000	14284000	14283000	10000	0
chrX	14580000	14582000	14581000	10000	2
chrX	14840000	14842000	14841000	10000	0
chrX	15012000	15014000	15013000	10000	0
chrX	15064000	15066000	15065000	10000	1
chrX	15086000	15088000	15087000	10000	2
chrX	15140000	15142000	15141000	10000	1
chrX	15292000	15294000	15293000	10000	0
chrX	15320000	15322000	15321000	10000	0
chrX	15346000	15348000	15347000	10000	1
chrX	15450000	15452000	15451000	10000	0
chrX	15476000	15478000	15477000	10000	0
chrX	15594000	15596000	15595000	10000	1
chrX	15698000	15700000	15699000	10000	0
chrX	15732000	15734000	15733000	10000	1
chrX	15760000	15762000	15761000	10000	0
chrX	15804000	15806000	15805000	10000	0
chrX	15814000	15816000	15815000	10000	0
chrX	15850000	15852000	15851000	10000	0
chrX	15870000	15872000	15871000	10000	1
chrX	15892000	15894000	15893000	10000	0
chrX	15910000	15912000	15911000	10000	0
chrX	16058000	16060000	16059000	10000	0
chrX	16106000	16108000	16107000	10000	1
chrX	16272000	16274000	16273000	10000	0
chrX	16286000	16288000	16287000	10000	1
chrX	16332000	16334000	16333000	10000	0
chrX	16384000	16386000	16385000	10000	0
chrX	16448000	16450000	16449000	10000	0
chrX	16554000	16556000	16555000	10000	0
chrX	16588000	16590000	16589000	10000	1
chrX	16638000	16640000	16639000	10000	1
chrX	16684000	16686000	16685000	10000	0
chrX	16752000	16754000	16753000	10000	1
chrX	16784000	16786000	16785000	10000	0
chrX	16810000	16812000	16811000	10000	1
chrX	16840000	16842000	16841000	10000	1
chrX	16880000	16882000	16881000	10000	0
chrX	16942000	16944000	16943000	10000	0
chrX	16968000	16970000	16969000	10000	1
chrX	17078000	17080000	17079000	10000	2
chrX	17106000	17108000	17107000	10000	0
chrX	17124000	17126000	17125000	10000	0
chrX	17160000	17162000	17161000	10000	0
chrX	17176000	17178000	17177000	10000	1
chrX	17244000	17246000	17245000	10000	0
chrX	17284000	17286000	17285000	10000	1
chrX	17306000	17308000	17307000	10000	0
chrX	17422000	17424000	17423000	10000	0
chrX	17566000	17568000	17567000	10000	0
chrX	17628000	17630000	17629000	10000	0
chrX	17656000	17658000	17657000	10000	0
chrX	17696000	17698000	17697000	10000	1
chrX	17710000	17712000	17711000	10000	2
chrX	17738000	17740000	17739000	10000	1
chrX	17752000	17754000	17753000	10000	1
chrX	17820000	17822000	17821000	10000	1
chrX	17842000	17844000	17843000	10000	0
chrX	17860000	17862000	17861000	10000	0
chrX	17904000	17906000	17905000	10000	1
chrX	18082000	18084000	18083000	10000	0
chrX	18138000	18140000	18139000	10000	1
chrX	18238000	18240000	18239000	10000	4
chrX	18364000	18366000	18365000	10000	1
chrX	18386000	18388000	18387000	10000	0
chrX	18520000	18522000	18521000	10000	1
chrX	18636000	18638000	18637000	10000	2
chrX	18658000	18660000	18659000	10000	0
chrX	18782000	18784000	18783000	10000	1
chrX	18844000	18846000	18845000	10000	4
chrX	18894000	18896000	18895000	10000	0
chrX	19136000	19138000	19137000	10000	0
chrX	19156000	19158000	19157000	10000	0
chrX	19190000	19192000	19191000	10000	0
chrX	19208000	19210000	19209000	10000	0
chrX	19278000	19280000	19279000	10000	0
chrX	19326000	19328000	19327000	10000	2
chrX	19476000	19478000	19477000	10000	2
chrX	19492000	19494000	19493000	10000	0
chrX	19506000	19508000	19507000	10000	0
chrX	19566000	19568000	19567000	10000	0
chrX	19580000	19582000	19581000	10000	2
chrX	19598000	19600000	19599000	10000	0
chrX	19614000	19616000	19615000	10000	0
chrX	19644000	19646000	19645000	10000	1
chrX	19664000	19666000	19665000	10000	0
chrX	19714000	19716000	19715000	10000	2
chrX	19732000	19734000	19733000	10000	0
chrX	19750000	19752000	19751000	10000	0
chrX	19762000	19764000	19763000	10000	0
chrX	19852000	19854000	19853000	10000	1
chrX	19866000	19868000	19867000	10000	0
chrX	19924000	19926000	19925000	10000	0
chrX	20094000	20096000	20095000	10000	0
chrX	20160000	20162000	20161000	10000	1
chrX	20190000	20192000	20191000	10000	0
chrX	20254000	20256000	20255000	10000	0
chrX	20392000	20394000	20393000	10000	1
chrX	20424000	20426000	20425000	10000	0
chrX	20434000	20436000	20435000	10000	0
chrX	20468000	20470000	20469000	10000	1
chrX	20526000	20528000	20527000	10000	1
chrX	20632000	20634000	20633000	10000	3
chrX	20760000	20762000	20761000	10000	2
chrX	21028000	21030000	21029000	10000	2
chrX	21042000	21044000	21043000	10000	1
chrX	21050000	21052000	21051000	10000	2
chrX	21060000	21062000	21061000	10000	1
chrX	21076000	21078000	21077000	10000	0
chrX	21142000	21144000	21143000	10000	0
chrX	21316000	21318000	21317000	10000	0
chrX	21350000	21352000	21351000	10000	2
chrX	21358000	21360000	21359000	10000	3
chrX	21370000	21372000	21371000	10000	2
chrX	21390000	21392000	21391000	10000	1
chrX	21546000	21548000	21547000	10000	0
chrX	21608000	21610000	21609000	10000	1
chrX	21630000	21632000	21631000	10000	0
chrX	21658000	21660000	21659000	10000	0
chrX	21696000	21698000	21697000	10000	0
chrX	21746000	21748000	21747000	10000	0
chrX	21788000	21790000	21789000	10000	0
chrX	21792000	21794000	21793000	10000	0
chrX	21798000	21800000	21799000	10000	0
chrX	21810000	21812000	21811000	10000	0
chrX	21824000	21826000	21825000	10000	0
chrX	21832000	21834000	21833000	10000	0
chrX	21876000	21878000	21877000	10000	0
chrX	21904000	21906000	21905000	10000	0
chrX	21924000	21926000	21925000	10000	0
chrX	21930000	21932000	21931000	10000	0
chrX	21936000	21938000	21937000	10000	0
chrX	21958000	21960000	21959000	10000	0
chrX	21970000	21972000	21971000	10000	0
chrX	21984000	21986000	21985000	10000	0
chrX	22038000	22040000	22039000	10000	0
chrX	22076000	22078000	22077000	10000	0
chrX	22118000	22120000	22119000	10000	0
chrX	22130000	22132000	22131000	10000	0
chrX	22146000	22148000	22147000	10000	0
chrX	22220000	22222000	22221000	10000	0
chrX	22244000	22246000	22245000	10000	0
chrX	22264000	22266000	22265000	10000	1
chrX	22352000	22354000	22353000	10000	0
chrX	22364000	22366000	22365000	10000	1
chrX	22402000	22404000	22403000	10000	1
chrX	22422000	22424000	22423000	10000	0
chrX	22440000	22442000	22441000	10000	1
chrX	22488000	22490000	22489000	10000	0
chrX	22506000	22508000	22507000	10000	0
chrX	22556000	22558000	22557000	10000	0
chrX	22814000	22816000	22815000	10000	2
chrX	23006000	23008000	23007000	10000	0
chrX	23060000	23062000	23061000	10000	1
chrX	23076000	23078000	23077000	10000	1
chrX	23110000	23112000	23111000	10000	0
chrX	23162000	23164000	23163000	10000	2
chrX	23234000	23236000	23235000	10000	0
chrX	23284000	23286000	23285000	10000	0
chrX	23320000	23322000	23321000	10000	1
chrX	23334000	23336000	23335000	10000	0
chrX	23354000	23356000	23355000	10000	1
chrX	23430000	23432000	23431000	10000	0
chrX	23436000	23438000	23437000	10000	0
chrX	23456000	23458000	23457000	10000	1
chrX	23468000	23470000	23469000	10000	0
chrX	23480000	23482000	23481000	10000	0
chrX	23492000	23494000	23493000	10000	0
chrX	23504000	23506000	23505000	10000	0
chrX	23512000	23514000	23513000	10000	0
chrX	23534000	23536000	23535000	10000	1
chrX	23540000	23542000	23541000	10000	0
chrY	1438000	1440000	1439000	10000	0
chrY	1548000	1550000	1549000	10000	0
chrY	2912000	2914000	2913000	10000	0
