col_index,blosum62_mean,pair_n
1,,0
2,,0
3,,0
4,,0
5,,0
6,,0
7,,0
8,,0
9,,0
10,,0
11,,0
12,,0
13,,0
14,,0
15,,0
16,,0
17,,0
18,,0
19,,0
20,,0
21,,0
22,,0
23,,0
24,,0
25,,0
26,,0
27,,0
28,,0
29,,0
30,,0
31,,0
32,,0
33,,0
34,,0
35,,0
36,-2.0,1
37,-2.0,1
38,1.0,1
39,1.5,10
40,1.3,10
41,0.3,10
42,1.7,10
43,1.2,10
44,0.2,10
45,-0.4,10
46,-0.3,10
47,1.0,10
48,0.1,10
49,0.7,10
50,1.3,10
51,-0.2,10
52,0.3,10
53,1.6,10
54,-0.1,10
55,0.4,10
56,0.3,10
57,0.3,10
58,0.3,10
59,1.9,10
60,1.8,10
61,0.4,10
62,0.7,10
63,2.4,10
64,2.0,10
65,1.2,10
66,1.0,10
67,-0.8,10
68,1.4,10
69,1.4,10
70,1.1,10
71,1.1,10
72,0.4,10
73,-0.6,10
74,-0.5,10
75,-0.2,10
76,0.7,10
77,0.9,10
78,0.0,10
79,0.7,10
80,1.4,10
81,-0.5,10
82,2.4,10
83,0.3,10
84,1.5,10
85,0.9,10
86,1.1,10
87,0.9,10
88,2.1,10
89,0.4,10
90,0.3,10
91,1.7,10
92,2.2,10
93,0.1,10
94,0.4,10
95,1.3,10
96,1.3,10
97,0.4,10
98,0.3,10
99,0.2,10
100,0.0,15
101,0.8,15
102,0.26666666666666666,15
103,0.4,15
104,1.5333333333333334,15
105,-0.26666666666666666,15
106,-0.26666666666666666,15
107,-0.7333333333333333,15
108,0.03571428571428571,28
109,1.3214285714285714,28
110,-0.5357142857142857,28
111,0.7222222222222222,36
112,0.3055555555555556,36
113,0.7222222222222222,36
114,2.5955882352941178,136
115,2.3308823529411766,136
116,3.9044117647058822,136
117,1.7352941176470589,136
118,0.5147058823529411,136
119,2.110294117647059,136
120,1.5,6
121,1.5,6
122,2.5,6
123,4.0,6
124,-1.1666666666666667,6
125,2.0,6
126,2.0,6
127,1.0,6
128,3.0,6
129,1.0,6
130,2.0,6
131,3.0,6
132,2.0,6
133,6.0,6
134,2.5,6
135,1.0,6
136,1.5,6
137,0.5,6
138,4.0,6
139,1.0,6
140,0.5,6
141,1.0,6
142,2.0,6
143,1.0,6
144,4.0,6
145,1.5,6
146,2.5,6
147,3.0,6
148,1.5,6
149,1.5,6
150,2.0,6
151,1.5,6
152,3.5,6
153,1.0,6
154,2.0,6
155,4.0,6
156,2.5,6
157,1.0,6
158,1.5,6
159,1.5,6
160,0.3333333333333333,6
161,2.0,6
162,0.5,6
163,1.0,6
164,6.0,6
165,0.0,6
166,2.0,6
167,2.0,6
168,1.5,6
169,2.5,6
170,2.5,6
171,1.0,6
172,2.0,6
173,1.5,6
174,2.0,6
175,2.0,6
176,2.0,6
177,2.0,6
178,3.5,6
179,1.5,6
180,1.5,6
181,0.5,6
182,2.5,6
183,2.0,6
184,4.0,6
185,2.5,6
186,2.5,6
187,4.0,6
188,2.5,6
189,1.0,6
190,2.5,10
191,0.3,10
192,4.411764705882353,136
193,0.6911764705882353,136
194,2.3970588235294117,136
195,5.0,3
196,5.0,3
197,5.0,3
198,6.0,3
199,5.0,3
200,5.0,3
201,4.0,3
202,7.0,3
203,0.0,3
204,8.0,3
205,4.0,3
206,4.0,3
207,2.0,3
208,6.0,3
209,6.0,3
210,4.0,3
211,5.0,3
212,4.0,3
213,4.0,3
214,3.0,3
215,6.0,3
216,5.0,3
217,6.0,3
218,5.0,3
219,4.0,3
220,4.0,3
221,4.0,3
222,5.0,3
223,6.0,3
224,4.0,3
225,4.0,3
226,5.0,3
227,4.0,3
228,5.0,3
229,5.0,3
230,6.0,3
231,5.0,3
232,5.0,3
233,4.0,3
234,5.0,3
235,5.0,3
236,4.0,3
237,6.0,3
238,6.0,3
239,4.0,3
240,6.0,3
241,4.0,3
242,2.6666666666666665,3
243,4.0,3
244,6.0,3
245,4.0,3
246,4.0,3
247,5.0,3
248,4.0,3
249,4.0,3
250,4.0,3
251,4.0,3
252,5.0,3
253,5.0,3
254,5.0,3
255,6.0,3
256,5.0,3
257,4.0,3
258,5.0,3
259,4.0,3
260,6.0,3
261,4.0,3
262,6.0,3
263,5.0,3
264,4.0,3
265,5.0,3
266,6.0,3
267,4.0,3
268,0.0,3
269,5.0,3
270,5.0,3
271,6.0,3
272,6.0,3
273,4.0,3
274,5.0,3
275,4.0,3
276,4.0,3
277,4.0,3
278,6.0,3
279,6.0,3
280,4.0,3
281,4.0,3
282,4.0,3
283,4.0,3
284,4.0,3
285,4.0,3
286,4.0,3
287,5.0,3
288,7.0,3
289,5.0,3
290,0.3333333333333333,3
291,6.0,3
292,6.0,1
293,6.0,3
294,4.0,3
295,4.0,3
296,5.0,3
297,0.3333333333333333,3
298,4.0,3
299,4.0,3
300,4.0,3
301,5.0,3
302,6.0,3
303,6.0,3
304,6.0,3
305,5.0,3
306,4.0,3
307,7.0,3
308,4.0,3
309,6.0,3
310,5.0,3
311,1.3333333333333333,3
312,4.0,3
313,6.0,3
314,5.0,3
315,6.0,3
316,,0
317,,0
318,,0
319,,0
320,,0
321,,0
322,,0
323,,0
324,,0
325,,0
326,,0
327,,0
328,,0
329,,0
330,,0
331,,0
332,,0
333,,0
334,,0
335,,0
336,,0
337,,0
338,,0
339,,0
340,1.838235294117647,136
341,2.1323529411764706,136
342,1.963235294117647,136
343,2.3823529411764706,136
344,3.735294117647059,136
345,,0
346,1.3676470588235294,136
347,1.5,136
348,,0
349,,0
350,,0
351,,0
352,,0
353,,0
354,,0
355,,0
356,,0
357,,0
358,,0
359,,0
360,,0
361,,0
362,,0
363,,0
364,,0
365,,0
366,,0
367,,0
368,,0
369,1.0,136
370,2.0294117647058822,136
371,0.5808823529411765,136
372,4.025,120
373,3.225,120
374,0.9583333333333334,120
375,2.175,120
376,2.55,120
377,3.3,120
378,2.6,120
379,2.825,120
380,2.4583333333333335,120
381,2.325,120
382,5.0,120
383,,0
384,,0
385,,0
386,,0
387,,0
388,,0
389,,0
390,,0
391,,0
392,,0
393,,0
394,,0
395,,0
396,2.4705882352941178,136
397,3.5661764705882355,136
398,1.0220588235294117,136
399,0.18382352941176472,136
400,0.6029411764705882,136
401,3.1470588235294117,136
402,0.8676470588235294,136
403,2.3823529411764706,136
404,-0.029411764705882353,136
405,1.463235294117647,136
406,-0.03676470588235294,136
407,1.6176470588235294,136
408,0.819047619047619,105
409,,0
410,,0
411,,0
412,,0
413,,0
414,,0
415,,0
416,,0
417,,0
418,,0
419,,0
420,,0
421,,0
422,,0
423,,0
424,,0
425,,0
426,,0
427,,0
428,,0
429,,0
430,,0
431,,0
432,,0
433,,0
434,,0
435,,0
436,,0
437,,0
438,,0
439,,0
440,,0
441,,0
442,,0
443,,0
444,,0
445,,0
446,,0
447,,0
448,,0
449,,0
450,,0
451,,0
452,,0
453,,0
454,,0
455,,0
456,,0
457,,0
458,,0
459,,0
460,,0
461,,0
462,,0
463,,0
464,,0
465,,0
466,,0
467,,0
468,,0
469,,0
470,,0
471,,0
472,,0
473,,0
474,,0
475,,0
476,,0
477,,0
478,,0
479,,0
480,,0
481,,0
482,,0
483,,0
484,,0
485,,0
486,3.235294117647059,136
487,1.5955882352941178,136
488,3.948529411764706,136
489,0.44166666666666665,120
490,0.5583333333333333,120
491,3.0833333333333335,120
492,2.725,120
493,0.8166666666666667,120
494,1.4916666666666667,120
495,1.1416666666666666,120
496,-1.0666666666666667,15
497,0.8,10
498,0.5,10
499,0.6,10
500,4.0,6
501,2.0,6
502,3.0,6
503,1.5,6
504,3.0,6
505,3.0,6
506,6.0,3
507,2.0,3
508,4.0,3
509,6.0,3
510,6.0,3
511,4.0,3
512,6.0,3
513,5.0,3
514,4.0,3
515,6.0,3
516,4.0,3
517,6.0,3
518,5.0,3
519,5.0,3
520,4.0,3
521,4.0,3
522,1.963235294117647,136
523,2.551470588235294,136
524,,0
525,,0
526,,0
527,1.9705882352941178,136
528,1.8529411764705883,136
529,,0
530,,0
531,,0
532,,0
533,,0
534,,0
535,,0
536,,0
537,,0
538,,0
539,,0
540,,0
541,,0
542,,0
543,,0
544,,0
545,,0
546,,0
547,,0
548,,0
549,,0
550,,0
551,,0
552,,0
553,,0
554,,0
555,,0
556,,0
557,,0
558,,0
559,,0
560,,0
561,,0
562,,0
563,,0
564,,0
565,,0
566,,0
567,,0
568,,0
569,,0
570,,0
571,,0
572,,0
573,,0
574,,0
575,,0
576,,0
577,,0
578,2.0294117647058822,136
579,2.1544117647058822,136
580,2.4558823529411766,136
581,0.8088235294117647,136
582,2.8970588235294117,136
583,3.176470588235294,136
584,4.0,136
585,1.875,136
586,3.0588235294117645,136
587,4.169117647058823,136
588,3.7426470588235294,136
589,2.338235294117647,136
590,1.1397058823529411,136
591,2.8529411764705883,136
592,4.0,3
593,6.0,3
594,6.0,3
595,4.0,3
596,5.0,3
597,4.0,3
598,4.0,3
599,4.0,3
600,4.0,3
601,4.0,3
602,6.0,3
603,7.0,3
604,5.0,3
605,6.0,3
606,4.0,1
607,-3.0,1
608,2.625,136
609,3.1470588235294117,136
610,2.286764705882353,136
611,3.75,136
612,2.0661764705882355,136
613,3.6176470588235294,136
614,1.3333333333333333,6
615,1.0,6
616,2.0,6
617,2.5,6
618,3.0,6
619,3.35,120
620,3.5083333333333333,120
621,2.0,6
622,2.5,6
623,2.5,6
624,2.0,6
625,1.3333333333333333,6
626,1.5,6
627,1.0,6
628,2.0,6
629,2.5,6
630,2.0,6
631,4.0,3
632,2.764705882352941,136
633,0.5441176470588235,136
634,1.411764705882353,136
635,0.8235294117647058,136
636,-0.051470588235294115,136
637,1.8602941176470589,136
638,1.125,136
639,0.5955882352941176,136
640,0.7058823529411765,136
641,1.1397058823529411,136
642,3.2,105
643,,0
644,,0
645,,0
646,,0
647,,0
648,,0
649,,0
650,,0
651,,0
652,,0
653,,0
654,,0
655,,0
656,,0
657,,0
658,3.485294117647059,136
659,3.7205882352941178,136
660,5.0,3
661,8.0,3
662,4.0,3
663,6.0,3
664,6.0,3
665,6.0,3
666,4.0,3
667,4.0,3
668,4.0,3
669,4.0,3
670,4.0,3
671,4.0,3
672,5.0,3
673,6.0,3
674,4.176470588235294,136
675,3.2205882352941178,136
676,4.0,136
677,4.0,136
678,5.0,136
679,,0
680,,0
681,,0
682,4.0,136
683,3.2205882352941178,136
684,1.838235294117647,136
685,4.0,136
686,4.0,136
687,3.8088235294117645,136
688,5.0,136
689,5.0,136
690,2.5955882352941178,136
691,2.0,6
692,2.5,6
693,6.0,6
694,6.0,6
695,3.0,6
696,3.0,6
697,4.0,6
698,3.0,6
699,3.0,6
700,2.0,6
701,4.0,6
702,5.0,6
703,4.0,6
704,4.0,6
705,5.0,3
706,4.0,3
707,,0
708,,0
709,,0
710,5.0,3
711,4.0,3
712,6.0,3
713,4.0,3
714,4.0,3
715,5.0,3
716,5.0,3
717,4.0,3
718,4.0,3
719,7.0,3
720,5.0,3
721,5.0,3
722,6.0,3
723,5.0,3
724,6.0,3
725,4.0,3
726,4.0,3
727,5.0,3
728,5.0,3
729,5.0,3
730,4.0,3
731,4.264705882352941,136
732,2.2205882352941178,136
733,0.8,10
734,0.9,10
735,1.2,10
736,2.7941176470588234,136
737,2.7058823529411766,136
738,0.5,6
739,2.8970588235294117,136
740,3.963235294117647,136
741,2.8823529411764706,136
742,2.3161764705882355,136
743,,0
744,,0
745,,0
746,,0
747,,0
748,,0
749,,0
750,,0
751,,0
752,,0
753,,0
754,,0
755,,0
756,,0
757,,0
758,,0
759,,0
760,,0
761,,0
762,,0
763,,0
764,,0
765,,0
766,,0
767,,0
768,,0
769,,0
770,,0
771,,0
772,,0
773,,0
774,,0
775,1.3529411764705883,136
776,3.6470588235294117,136
777,3.551470588235294,136
778,2.0,6
779,3.0,6
780,1.5,6
781,0.0,6
782,2.0,6
783,1.5,6
784,2.0,6
785,3.3846153846153846,78
786,2.576923076923077,78
787,3.657142857142857,105
788,2.361904761904762,105
789,1.4505494505494505,91
790,1.0761904761904761,105
791,1.25,120
792,3.475,120
793,3.3455882352941178,136
794,2.1029411764705883,136
795,,0
796,,0
797,,0
798,,0
799,,0
800,,0
801,,0
802,,0
803,,0
804,,0
805,1.7352941176470589,136
806,3.5955882352941178,136
807,2.036764705882353,136
808,1.4044117647058822,136
809,3.1691176470588234,136
810,2.875,136
811,4.0,136
812,5.0,3
813,4.0,3
814,6.0,3
815,6.0,3
816,4.0,3
817,5.0,3
818,4.0,3
819,5.0,3
820,4.0,3
821,4.0,6
822,2.5,6
823,1.5,6
824,1.5,6
825,1.5,6
826,2.661764705882353,136
827,4.102941176470588,136
828,0.8529411764705882,136
829,2.110294117647059,136
830,2.8161764705882355,136
831,2.5294117647058822,136
832,1.0661764705882353,136
833,,0
834,,0
835,,0
836,,0
837,,0
838,,0
839,,0
840,,0
841,,0
842,,0
843,,0
844,,0
845,,0
846,,0
847,,0
848,,0
849,,0
850,,0
851,,0
852,,0
853,,0
854,,0
855,,0
856,,0
857,,0
858,,0
859,,0
860,,0
861,,0
862,,0
863,,0
864,,0
865,,0
866,,0
867,2.6285714285714286,105
868,1.819047619047619,105
869,5.0,3
870,4.0,3
871,4.0,3
872,7.0,3
873,4.0,3
874,2.1838235294117645,136
875,1.2205882352941178,136
876,0.875,136
877,1.4558823529411764,136
878,1.3970588235294117,136
879,2.639705882352941,136
880,3.1176470588235294,136
881,2.3161764705882355,136
882,3.6029411764705883,136
883,0.8014705882352942,136
884,1.0,6
885,4.0,136
886,,0
887,,0
888,,0
889,,0
890,,0
891,,0
892,4.955882352941177,136
893,,0
894,,0
895,,0
896,,0
897,,0
898,,0
899,,0
900,,0
901,,0
902,,0
903,,0
904,,0
905,,0
906,,0
907,,0
908,,0
909,,0
910,,0
911,,0
912,8.0,136
913,5.0,136
914,4.0,136
915,7.0,136
916,4.0,136
917,7.0,136
918,,0
919,,0
920,,0
921,,0
922,4.176470588235294,136
923,6.0,136
924,,0
925,,0
926,,0
927,3.235294117647059,136
928,5.0,136
929,4.0,136
930,,0
931,,0
932,4.0,136
933,5.0,136
934,,0
935,,0
936,4.0,136
937,6.0,136
938,2.2205882352941178,136
939,6.0,136
940,6.0,136
941,,0
942,,0
943,,0
944,,0
945,,0
946,5.0,136
947,3.073529411764706,136
948,4.411764705882353,136
949,4.142857142857143,91
950,,0
951,,0
952,,0
953,,0
954,,0
955,2.5441176470588234,136
956,5.0,136
957,2.764705882352941,136
958,,0
959,,0
960,,0
961,,0
962,,0
963,,0
964,,0
965,,0
966,,0
967,,0
968,,0
969,,0
970,,0
971,,0
972,,0
973,,0
974,,0
975,,0
976,,0
977,,0
978,1.963235294117647,136
979,2.301470588235294,136
980,3.1911764705882355,136
981,0.8308823529411765,136
982,2.0220588235294117,136
983,,0
984,,0
985,0.0,1
986,-1.0,1
987,-2.0,1
988,0.0,3
989,4.0,1
990,-1.3333333333333333,3
991,1.3333333333333333,3
992,0.6666666666666666,3
993,-0.6666666666666666,3
994,-0.6666666666666666,3
995,0.8,15
996,0.06666666666666667,15
997,-1.3333333333333333,15
998,1.3,10
999,-0.5,10
1000,0.5,10
1001,-0.9,10
1002,1.2,10
1003,-0.7,10
1004,-1.1,10
1005,0.5,10
1006,-0.5,10
1007,0.1,10
1008,0.1,10
1009,1.0476190476190477,21
1010,0.19047619047619047,21
1011,1.5238095238095237,21
1012,2.2857142857142856,21
1013,1.8602941176470589,136
1014,4.294117647058823,136
1015,3.4191176470588234,136
1016,2.213235294117647,136
1017,1.1029411764705883,136
1018,5.382352941176471,136
1019,3.0955882352941178,136
1020,4.411764705882353,136
1021,6.0,136
1022,7.0,136
1023,6.0,136
1024,,0
1025,,0
1026,,0
1027,,0
1028,,0
1029,,0
1030,,0
1031,,0
1032,,0
1033,,0
1034,,0
1035,,0
1036,,0
1037,,0
1038,,0
1039,,0
1040,,0
1041,,0
1042,,0
1043,,0
1044,,0
1045,,0
1046,,0
1047,,0
1048,,0
1049,,0
1050,,0
1051,,0
1052,,0
1053,,0
1054,,0
1055,,0
1056,,0
1057,,0
1058,,0
1059,,0
1060,,0
1061,,0
1062,,0
1063,,0
1064,7.0,136
1065,2.860294117647059,136
1066,3.0441176470588234,136
1067,,0
1068,,0
1069,6.0588235294117645,136
1070,0.9852941176470589,136
1071,4.647058823529412,136
1072,5.0,136
1073,7.0,6
1074,1.2416666666666667,120
1075,3.0,136
1076,5.0,136
1077,1.0073529411764706,136
1078,4.073529411764706,136
1079,5.0,136
1080,2.823529411764706,136
1081,4.647058823529412,136
1082,4.0,136
1083,5.0,136
1084,7.0,136
1085,1.4338235294117647,136
1086,1.0666666666666667,15
1087,6.0,3
1088,6.0,1
1089,1.0,3
1090,0.6666666666666666,3
1091,1.0,3
1092,3.0,3
1093,2.3333333333333335,3
1094,1.0,3
1095,2.0,3
1096,0.0,3
1097,0.0,3
1098,1.6666666666666667,3
1099,-0.3333333333333333,3
1100,0.6666666666666666,3
1101,1.0,3
1102,0.6666666666666666,3
1103,0.3333333333333333,3
1104,,0
1105,,0
1106,,0
1107,,0
1108,,0
1109,,0
1110,,0
1111,,0
1112,,0
1113,,0
1114,,0
1115,,0
1116,,0
1117,,0
1118,,0
1119,,0
1120,,0
1121,,0
1122,,0
1123,,0
1124,,0
1125,,0
1126,,0
1127,,0
1128,,0
1129,,0
1130,,0
1131,,0
1132,,0
1133,,0
1134,,0
1135,,0
1136,,0
1137,,0
1138,,0
1139,,0
1140,3.7426470588235294,136
1141,3.1691176470588234,136
1142,1.9705882352941178,136
1143,2.360294117647059,136
1144,,0
1145,,0
1146,,0
1147,,0
1148,,0
1149,,0
1150,5.529411764705882,136
1151,1.6764705882352942,136
1152,,0
1153,6.0,136
1154,3.323529411764706,136
1155,4.0,136
1156,,0
1157,,0
1158,,0
1159,,0
1160,,0
1161,,0
1162,,0
1163,,0
1164,,0
1165,,0
1166,,0
1167,,0
1168,,0
1169,,0
1170,,0
1171,,0
1172,,0
1173,,0
1174,,0
1175,,0
1176,,0
1177,,0
1178,,0
1179,,0
1180,,0
1181,,0
1182,,0
1183,,0
1184,,0
1185,4.0,136
1186,7.0,136
1187,6.0,136
1188,6.0,136
1189,5.0,136
1190,4.647058823529412,136
1191,3.8529411764705883,136
1192,3.8529411764705883,136
1193,3.3161764705882355,136
1194,2.860294117647059,136
1195,2.8970588235294117,136
1196,4.0,136
1197,2.8529411764705883,136
1198,4.0,136
1199,2.4044117647058822,136
1200,4.0,136
1201,3.7058823529411766,136
1202,2.235294117647059,136
1203,5.0,136
1204,5.0,136
1205,2.235294117647059,136
1206,3.6176470588235294,136
1207,6.0,78
1208,2.5073529411764706,136
1209,2.411764705882353,136
1210,5.0,136
1211,7.0,136
1212,7.0,136
1213,5.0,136
1214,7.0,136
1215,4.294117647058823,136
1216,4.073529411764706,136
1217,4.0,136
1218,5.0,136
1219,5.0,136
1220,5.0,136
1221,6.0,91
1222,2.241758241758242,91
1223,5.0,91
1224,5.0,91
1225,5.0,91
1226,6.0,91
1227,5.0,91
1228,9.0,91
1229,5.0,91
1230,4.0,91
1231,9.0,91
1232,4.0,91
1233,7.0,91
1234,5.0,91
1235,9.0,91
1236,7.0,91
1237,5.0,91
1238,5.0,91
1239,4.0,91
1240,6.0,91
1241,,0
1242,,0
1243,4.0,91
1244,6.0,91
1245,5.0,91
1246,8.0,91
1247,5.0,91
1248,5.0,91
1249,4.0,91
1250,,0
1251,8.0,91
1252,5.0,91
1253,6.0,91
1254,5.0,91
1255,5.0,91
1256,7.0,91
1257,,0
1258,,0
1259,8.0,91
1260,1.901098901098901,91
1261,9.0,91
1262,8.0,91
1263,4.0,91
1264,9.0,91
1265,2.5164835164835164,91
1266,5.0,91
1267,4.0,91
1268,6.0,91
1269,5.0,91
1270,5.0,91
1271,4.0,91
1272,5.0,91
1273,4.0,91
1274,4.0,91
1275,5.0,91
1276,6.0,91
1277,8.0,91
1278,2.681318681318681,91
1279,6.0,91
1280,5.0,91
1281,,0
1282,8.0,91
1283,5.0,91
1284,6.0,136
1285,5.0,136
1286,3.676470588235294,136
1287,7.0,136
1288,8.0,136
1289,5.0,136
1290,9.0,136
1291,2.7941176470588234,136
1292,,0
1293,,0
1294,4.426470588235294,136
1295,9.0,136
1296,6.0,136
1297,5.0,136
1298,4.0,136
1299,6.0,136
1300,4.0,136
1301,5.0,136
1302,4.0,136
1303,6.0,136
1304,5.0,136
1305,4.0,136
1306,4.0,136
1307,5.0,136
1308,8.0,136
1309,5.0,136
1310,5.0,136
1311,,0
1312,,0
1313,,0
1314,,0
1315,,0
1316,,0
1317,,0
1318,7.0,136
1319,3.8529411764705883,136
1320,8.0,136
1321,5.0,136
1322,,0
1323,8.0,136
1324,5.0,136
1325,5.0,136
1326,7.0,136
1327,6.0,136
1328,5.0,136
1329,9.0,136
1330,4.0,136
1331,5.0,136
1332,9.0,136
1333,6.0,136
1334,7.0,136
1335,3.6470588235294117,136
1336,4.0,136
1337,4.0,136
1338,5.0,136
1339,3.176470588235294,136
1340,3.6470588235294117,136
1341,5.0,120
1342,4.0,120
1343,5.0,120
1344,5.0,120
1345,8.0,120
1346,4.0,120
1347,5.0,120
1348,4.0,120
1349,,0
1350,8.0,120
1351,5.0,120
1352,6.0,120
1353,5.0,120
1354,5.0,120
1355,7.0,120
1356,6.0,120
1357,5.0,120
1358,9.0,120
1359,2.5,120
1360,4.0,120
1361,9.0,120
1362,4.0,120
1363,7.0,120
1364,4.0,120
1365,4.0,120
1366,5.0,120
1367,6.0,120
1368,5.0,120
1369,7.0,120
1370,5.0,120
1371,4.0,120
1372,5.0,120
1373,5.0,120
1374,8.0,120
1375,5.0,120
1376,,0
1377,5.0,120
1378,5.0,120
1379,8.0,120
1380,,0
1381,4.0,120
1382,6.0,120
1383,5.0,120
1384,5.0,120
1385,7.0,120
1386,7.0,120
1387,5.0,120
1388,9.0,120
1389,5.05,120
1390,3.675,120
1391,9.0,120
1392,7.125,120
1393,4.0,120
1394,5.0,120
1395,6.0,120
1396,5.0,120
1397,5.0,120
1398,4.0,120
1399,6.0,136
1400,5.0,136
1401,5.0,120
1402,5.0,120
1403,5.0,120
1404,8.0,120
1405,3.6,120
1406,4.0,120
1407,5.0,120
1408,5.0,120
1409,8.0,120
1410,5.0,120
1411,4.05,120
1412,6.0,120
1413,4.0,120
1414,2.15,120
1415,5.0,120
1416,4.85,120
1417,8.0,120
1418,9.0,120
1419,7.0,120
1420,8.0,120
1421,9.0,120
1422,6.0,120
1423,2.95,120
1424,4.0,120
1425,4.0,120
1426,4.0,120
1427,5.0,120
1428,5.0,120
1429,4.0,120
1430,6.0,120
1431,4.0,120
1432,6.0,120
1433,4.0,120
1434,8.0,120
1435,4.0,120
1436,5.0,120
1437,,0
1438,,0
1439,,0
1440,,0
1441,,0
1442,,0
1443,,0
1444,,0
1445,,0
1446,,0
1447,,0
1448,,0
1449,,0
1450,,0
1451,,0
1452,,0
1453,,0
1454,,0
1455,,0
1456,,0
1457,,0
1458,,0
1459,,0
1460,,0
1461,,0
1462,,0
1463,,0
1464,5.0,120
1465,5.0,120
1466,8.0,120
1467,3.025,120
1468,3.2666666666666666,120
1469,,0
1470,,0
1471,,0
1472,,0
1473,3.225,120
1474,5.0,120
1475,2.875,120
1476,2.75,120
1477,1.875,120
1478,4.025,120
1479,9.0,120
1480,5.0,120
1481,7.0,120
1482,9.0,120
1483,3.375,120
1484,2.5166666666666666,120
1485,3.6,120
1486,6.0,120
1487,8.0,120
1488,5.0,120
1489,5.0,120
1490,7.0,120
1491,4.0,120
1492,4.0,120
1493,2.85,120
1494,5.0,120
1495,8.0,120
1496,5.0,120
1497,3.8,120
1498,2.85,120
1499,8.0,120
1500,4.025,120
1501,,0
1502,,0
1503,,0
1504,,0
1505,,0
1506,,0
1507,,0
1508,,0
1509,,0
1510,,0
1511,,0
1512,,0
1513,,0
1514,,0
1515,,0
1516,,0
1517,,0
1518,,0
1519,,0
1520,,0
1521,,0
1522,,0
1523,,0
1524,,0
1525,,0
1526,,0
1527,,0
1528,,0
1529,,0
1530,,0
1531,,0
1532,,0
1533,,0
1534,,0
1535,,0
1536,,0
1537,,0
1538,,0
1539,,0
1540,,0
1541,,0
1542,,0
1543,,0
1544,,0
1545,,0
1546,,0
1547,,0
1548,,0
1549,,0
1550,,0
1551,,0
1552,,0
1553,,0
1554,,0
1555,,0
1556,,0
1557,,0
1558,,0
1559,,0
1560,,0
1561,,0
1562,,0
1563,,0
1564,,0
1565,,0
1566,,0
1567,,0
1568,,0
1569,,0
1570,,0
1571,6.0,120
1572,,0
1573,5.0,120
1574,5.0,120
1575,5.0,120
1576,,0
1577,,0
1578,,0
1579,,0
1580,,0
1581,,0
1582,,0
1583,,0
1584,,0
1585,,0
1586,,0
1587,,0
1588,,0
1589,,0
1590,,0
1591,,0
1592,,0
1593,,0
1594,,0
1595,,0
1596,,0
1597,,0
1598,,0
1599,,0
1600,,0
1601,,0
1602,6.0,120
1603,5.0,120
1604,9.0,120
1605,6.0,120
1606,4.0,120
1607,9.0,120
1608,3.875,120
1609,,0
1610,,0
1611,7.0,120
1612,3.1416666666666666,120
1613,9.0,120
1614,3.8,120
1615,5.0,120
1616,5.0,120
1617,,0
1618,,0
1619,5.0,120
1620,8.0,120
1621,5.0,120
1622,3.6,120
1623,5.0,120
1624,8.0,120
1625,5.0,120
1626,5.0,120
1627,2.95,120
1628,8.0,120
1629,5.0,120
1630,6.0,120
1631,5.0,120
1632,5.0,120
1633,7.0,120
1634,5.083333333333333,120
1635,2.4,120
1636,9.0,120
1637,2.5,120
1638,2.1083333333333334,120
1639,9.0,120
1640,5.058333333333334,120
1641,5.0,120
1642,5.0,120
1643,6.0,120
1644,5.0,120
1645,5.0,120
1646,5.0,120
1647,5.0,120
1648,4.0,120
1649,4.0,120
1650,6.0,120
1651,3.05,120
1652,8.0,120
1653,,0
1654,,0
1655,,0
1656,,0
1657,,0
1658,,0
1659,6.0,120
1660,,0
1661,,0
1662,,0
1663,,0
1664,,0
1665,,0
1666,,0
1667,,0
1668,4.625,120
1669,,0
1670,,0
1671,,0
1672,,0
1673,,0
1674,,0
1675,,0
1676,,0
1677,,0
1678,,0
1679,,0
1680,,0
1681,,0
1682,,0
1683,,0
1684,,0
1685,5.0,120
1686,7.0,120
1687,8.0,120
1688,,0
1689,,0
1690,,0
1691,,0
1692,,0
1693,,0
1694,,0
1695,6.0,120
1696,7.0,120
1697,3.5416666666666665,120
1698,6.0,120
1699,,0
1700,3.875,120
1701,7.0,120
1702,2.125,120
1703,,0
1704,,0
1705,,0
1706,,0
1707,,0
1708,2.2083333333333335,120
1709,4.85,120
1710,1.65,120
1711,9.0,120
1712,3.1416666666666666,120
1713,5.0,120
1714,9.0,120
1715,2.3833333333333333,120
1716,4.025,120
1717,2.85,120
1718,6.0,120
1719,5.0,120
1720,5.0,120
1721,5.0,120
1722,,0
1723,,0
1724,,0
1725,,0
1726,,0
1727,,0
1728,,0
1729,,0
1730,,0
1731,,0
1732,4.325,120
1733,5.0,120
1734,5.0,120
1735,1.225,120
1736,3.8,120
1737,8.0,120
1738,1.8,120
1739,,0
1740,,0
1741,,0
1742,,0
1743,,0
1744,,0
1745,,0
1746,,0
1747,,0
1748,,0
1749,,0
1750,4.675,120
1751,2.4916666666666667,120
1752,9.0,120
1753,0.11666666666666667,120
1754,,0
1755,,0
1756,,0
1757,,0
1758,,0
1759,,0
1760,,0
1761,6.0,120
1762,1.1758241758241759,91
1763,2.3076923076923075,91
1764,1.8166666666666667,120
1765,0.3333333333333333,120
1766,2.0,120
1767,2.775,120
1768,4.025,120
1769,5.25,120
1770,5.25,120
1771,0.925,120
1772,1.5083333333333333,120
1773,-2.0,1
1774,0.9120879120879121,91
1775,3.681318681318681,91
1776,,0
1777,,0
1778,,0
1779,,0
1780,,0
1781,,0
1782,,0
1783,1.901098901098901,91
1784,0.7142857142857143,91
1785,3.4175824175824174,91
1786,2.934065934065934,91
1787,6.0,91
1788,5.0,91
1789,5.0,91
1790,5.0,91
1791,5.0,91
1792,5.0,91
1793,3.021978021978022,91
1794,,0
1795,,0
1796,,0
1797,,0
1798,3.2857142857142856,91
1799,3.4175824175824174,91
1800,5.0,78
1801,3.5,6
1802,,0
1803,,0
1804,,0
1805,,0
1806,,0
1807,,0
1808,1.8166666666666667,120
1809,4.0,120
1810,1.85,120
1811,2.4166666666666665,120
1812,4.083333333333333,120
1813,2.425,120
1814,3.576923076923077,78
1815,1.8833333333333333,120
1816,1.2416666666666667,120
1817,0.7833333333333333,120
1818,1.8666666666666667,120
1819,,0
1820,,0
1821,,0
1822,,0
1823,,0
1824,,0
1825,,0
1826,,0
1827,,0
1828,,0
1829,,0
1830,,0
1831,,0
1832,,0
1833,,0
1834,,0
1835,,0
1836,,0
1837,,0
1838,,0
1839,,0
1840,,0
1841,,0
1842,,0
1843,,0
1844,,0
1845,2.625,120
1846,3.6333333333333333,120
1847,0.025,120
1848,3.0,120
1849,3.3916666666666666,120
1850,1.7916666666666667,120
1851,4.05,120
1852,,0
1853,,0
1854,,0
1855,,0
1856,,0
1857,,0
1858,,0
1859,,0
1860,,0
1861,3.6,120
1862,1.65,120
1863,,0
1864,,0
1865,2.257142857142857,105
1866,3.933333333333333,105
1867,0.7238095238095238,105
1868,1.019047619047619,105
1869,3.4857142857142858,105
1870,4.0,120
1871,2.675,120
1872,3.025,120
1873,0.3333333333333333,120
1874,2.8974358974358974,78
1875,4.487179487179487,78
1876,3.8333333333333335,66
1877,-3.0,1
1878,-2.0,1
1879,-1.0,1
1880,5.0,1
1881,-1.0,1
1882,7.0,1
1883,7.0,1
1884,3.0,6
1885,0.24175824175824176,91
1886,3.057142857142857,105
1887,,0
1888,,0
1889,,0
1890,1.75,120
1891,0.625,120
1892,0.43333333333333335,120
1893,6.0,120
1894,0.775,120
1895,6.0,120
1896,,0
1897,,0
1898,,0
1899,,0
1900,,0
1901,,0
1902,,0
1903,,0
1904,7.0,120
1905,7.0,120
1906,0.9666666666666667,120
1907,5.0,120
1908,3.5,120
1909,4.3,120
1910,5.0,120
1911,6.0,120
1912,5.0,120
1913,7.0,120
1914,7.0,120
1915,1.875,120
1916,,0
1917,,0
1918,,0
1919,,0
1920,,0
1921,,0
1922,,0
1923,,0
1924,,0
1925,,0
1926,,0
1927,,0
1928,,0
1929,,0
1930,,0
1931,,0
1932,,0
1933,,0
1934,,0
1935,,0
1936,1.2285714285714286,105
1937,1.0,21
1938,1.0476190476190477,105
1939,,0
1940,,0
1941,,0
1942,,0
1943,0.0,1
1944,0.1,10
1945,1.7809523809523808,105
1946,1.5523809523809524,105
1947,1.4857142857142858,105
1948,3.683333333333333,120
1949,2.5833333333333335,120
1950,-0.18333333333333332,120
1951,1.2747252747252746,91
1952,1.4835164835164836,91
1953,1.275,120
1954,3.25,120
1955,1.1083333333333334,120
1956,3.375,120
1957,3.0416666666666665,120
1958,2.725,120
1959,4.066666666666666,120
1960,3.35,120
1961,2.1083333333333334,120
1962,1.825,120
1963,5.0,3
1964,7.0,3
1965,2.0,6
1966,6.0,6
1967,4.0,6
1968,2.65,120
1969,,0
1970,,0
1971,,0
1972,,0
1973,2.091666666666667,120
1974,1.25,120
1975,3.875,120
1976,3.3583333333333334,120
1977,3.2333333333333334,120
1978,3.6,120
1979,2.0,120
1980,1.9,120
1981,1.1833333333333333,120
1982,0.0,15
1983,0.26666666666666666,15
1984,1.0666666666666667,15
1985,-0.4,15
1986,0.26666666666666666,15
1987,2.2,15
1988,0.26666666666666666,15
1989,1.6,15
1990,1.6666666666666667,15
1991,-0.13333333333333333,15
1992,1.8,15
1993,-0.13333333333333333,15
1994,0.3333333333333333,15
1995,0.8,10
1996,0.7,10
1997,2.4,10
1998,2.6,10
1999,1.9,10
2000,1.2,10
2001,5.0,10
2002,0.6,10
2003,0.6,10
2004,1.8,10
2005,0.9,10
2006,3.5,6
2007,1.5,6
2008,2.0,6
2009,2.0,6
2010,0.0,6
2011,0.5,6
2012,-1.5,6
2013,2.0,6
2014,,0
2015,,0
2016,,0
2017,,0
2018,,0
2019,,0
2020,,0
2021,,0
2022,,0
2023,,0
2024,,0
2025,,0
2026,,0
2027,,0
2028,,0
2029,,0
2030,,0
2031,,0
2032,,0
2033,,0
2034,,0
2035,,0
2036,,0
2037,,0
2038,,0
2039,,0
2040,,0
2041,,0
2042,,0
2043,,0
2044,,0
2045,,0
2046,,0
2047,,0
2048,,0
2049,,0
2050,,0
2051,,0
2052,,0
2053,,0
2054,,0
2055,,0
2056,,0
2057,,0
2058,,0
2059,,0
2060,,0
2061,,0
2062,,0
2063,,0
2064,,0
2065,,0
2066,,0
2067,,0
2068,,0
2069,,0
2070,,0
2071,,0
2072,,0
2073,,0
2074,,0
2075,,0
2076,,0
2077,,0
2078,,0
2079,,0
2080,,0
2081,,0
2082,,0
2083,,0
2084,,0
2085,,0
2086,,0
2087,,0
2088,,0
2089,,0
2090,,0
2091,,0
2092,,0
2093,,0
2094,,0
2095,,0
2096,,0
2097,,0
2098,,0
2099,,0
2100,,0
2101,,0
2102,,0
2103,,0
2104,,0
2105,,0
2106,,0
2107,,0
2108,,0
2109,,0
2110,,0
2111,,0
2112,,0
2113,,0
2114,,0
2115,,0
2116,,0
2117,,0
2118,,0
2119,,0
2120,,0
2121,,0
2122,,0
2123,,0
2124,,0
2125,,0
2126,,0
2127,,0
2128,,0
2129,,0
2130,,0
2131,,0
2132,,0
2133,,0
2134,,0
2135,,0
2136,,0
2137,,0
2138,,0
2139,,0
2140,,0
2141,,0
2142,,0
2143,,0
2144,,0
2145,,0
2146,,0
2147,,0
2148,,0
2149,,0
2150,,0
2151,,0
2152,,0
2153,,0
2154,,0
2155,,0
2156,,0
2157,,0
2158,,0
2159,,0
2160,,0
2161,,0
2162,,0
2163,,0
2164,,0
2165,,0
2166,,0
2167,,0
2168,,0
2169,,0
2170,,0
2171,,0
2172,,0
2173,,0
2174,,0
2175,,0
2176,,0
2177,,0
2178,,0
2179,,0
2180,,0
2181,,0
2182,,0
2183,,0
2184,,0
2185,,0
2186,,0
2187,,0
2188,,0
2189,,0
2190,,0
2191,,0
2192,,0
2193,,0
2194,,0
2195,,0
2196,,0
2197,,0
2198,,0
2199,,0
2200,,0
2201,,0
2202,,0
2203,,0
2204,,0
2205,,0
2206,,0
2207,,0
2208,,0
2209,,0
2210,,0
2211,,0
2212,,0
2213,,0
2214,,0
2215,,0
2216,,0
2217,,0
2218,,0
2219,,0
2220,,0
2221,,0
2222,,0
2223,,0
2224,,0
2225,,0
2226,,0
2227,,0
2228,,0
2229,,0
2230,,0
2231,,0
2232,,0
2233,,0
2234,,0
2235,,0
2236,,0
2237,,0
2238,,0
2239,,0
2240,,0
2241,,0
2242,,0
2243,,0
2244,,0
2245,,0
2246,,0
2247,,0
2248,,0
2249,,0
2250,,0
2251,,0
2252,,0
2253,,0
2254,,0
2255,,0
2256,,0
2257,,0
2258,,0
2259,,0
2260,,0
2261,,0
2262,,0
2263,,0
2264,,0
2265,,0
2266,,0
2267,,0
2268,,0
2269,,0
2270,,0
2271,,0
2272,,0
2273,,0
2274,,0
2275,,0
2276,,0
2277,,0
2278,,0
2279,,0
2280,,0
2281,,0
2282,,0
2283,,0
2284,,0
2285,,0
2286,,0
2287,,0
2288,,0
2289,,0
2290,,0
2291,,0
2292,,0
2293,,0
2294,,0
2295,,0
2296,,0
2297,,0
2298,,0
2299,,0
2300,,0
2301,,0
2302,,0
2303,,0
2304,,0
2305,,0
2306,,0
2307,,0
2308,,0
2309,,0
2310,,0
2311,,0
2312,,0
2313,,0
2314,,0
2315,,0
2316,,0
2317,,0
2318,,0
2319,,0
2320,,0
2321,,0
2322,,0
2323,,0
2324,,0
2325,,0
2326,,0
2327,,0
2328,,0
2329,,0
2330,,0
2331,,0
2332,,0
2333,,0
2334,,0
2335,,0
2336,,0
2337,,0
2338,,0
2339,,0
2340,,0
2341,,0
2342,,0
2343,,0
2344,,0
2345,,0
2346,,0
2347,,0
2348,,0
2349,,0
2350,,0
2351,,0
2352,,0
2353,,0
2354,,0
2355,,0
2356,,0
2357,,0
2358,,0
2359,,0
2360,,0
2361,,0
2362,,0
2363,,0
2364,,0
2365,,0
2366,,0
2367,,0
2368,,0
2369,,0
2370,,0
2371,,0
2372,,0
2373,,0
2374,,0
2375,,0
2376,,0
2377,,0
2378,,0
2379,,0
2380,,0
2381,,0
2382,,0
2383,,0
2384,,0
2385,,0
2386,,0
2387,,0
2388,,0
2389,,0
2390,,0
2391,,0
2392,,0
2393,,0
2394,,0
2395,,0
2396,,0
2397,,0
2398,,0
2399,,0
2400,,0
2401,,0
2402,,0
2403,,0
2404,,0
2405,,0
2406,,0
2407,,0
2408,,0
2409,,0
2410,,0
2411,,0
2412,,0
2413,,0
2414,,0
2415,,0
2416,,0
2417,,0
2418,,0
2419,,0
2420,,0
2421,,0
2422,,0
2423,,0
2424,,0
2425,,0
2426,,0
2427,,0
2428,,0
2429,,0
2430,,0
2431,,0
2432,,0
2433,,0
2434,,0
2435,,0
2436,,0
2437,,0
2438,,0
2439,,0
2440,,0
2441,,0
2442,,0
2443,,0
2444,,0
2445,,0
2446,,0
2447,,0
2448,,0
2449,,0
2450,,0
2451,,0
2452,,0
2453,,0
2454,,0
2455,,0
2456,,0
2457,,0
2458,,0
2459,,0
2460,,0
2461,,0
2462,,0
2463,,0
2464,,0
2465,,0
2466,,0
2467,,0
2468,,0
2469,,0
2470,,0
2471,,0
2472,,0
2473,,0
2474,,0
2475,,0
2476,,0
2477,,0
2478,,0
2479,,0
2480,,0
2481,,0
2482,,0
2483,,0
2484,,0
2485,,0
2486,,0
2487,,0
2488,,0
2489,,0
2490,,0
2491,,0
2492,,0
2493,,0
2494,,0
2495,,0
2496,,0
2497,,0
2498,,0
2499,,0
2500,,0
2501,,0
2502,,0
2503,,0
2504,,0
2505,,0
2506,,0
2507,,0
2508,,0
2509,,0
2510,,0
2511,,0
2512,,0
2513,,0
2514,,0
2515,,0
2516,,0
2517,,0
2518,,0
2519,,0
2520,,0
2521,,0
2522,,0
2523,,0
2524,,0
2525,,0
2526,,0
2527,,0
2528,,0
2529,,0
2530,,0
2531,,0
2532,,0
2533,,0
2534,,0
2535,,0
2536,,0
2537,,0
2538,,0
2539,,0
2540,,0
2541,,0
2542,,0
2543,,0
2544,,0
2545,,0
2546,,0
2547,,0
2548,,0
2549,,0
2550,,0
2551,,0
2552,,0
2553,,0
2554,,0
2555,,0
2556,,0
2557,,0
2558,,0
2559,,0
2560,,0
2561,,0
2562,,0
2563,,0
2564,,0
2565,,0
2566,,0
2567,,0
2568,,0
2569,,0
2570,,0
2571,,0
2572,,0
2573,,0
2574,,0
2575,,0
2576,,0
2577,,0
2578,,0
2579,,0
2580,,0
2581,,0
2582,,0
2583,,0
2584,,0
2585,,0
2586,,0
2587,,0
2588,,0
2589,,0
2590,,0
2591,,0
2592,,0
2593,,0
2594,,0
2595,,0
2596,,0
2597,,0
2598,,0
2599,,0
2600,,0
2601,,0
2602,,0
2603,,0
2604,,0
2605,,0
2606,,0
2607,,0
2608,,0
2609,,0
2610,,0
2611,,0
2612,,0
2613,,0
2614,,0
2615,,0
2616,,0
2617,,0
2618,,0
2619,,0
2620,,0
2621,,0
2622,,0
2623,,0
2624,,0
2625,,0
2626,,0
2627,,0
2628,,0
2629,,0
2630,,0
2631,,0
2632,,0
2633,,0
2634,,0
2635,,0
2636,,0
2637,,0
2638,,0
2639,,0
2640,,0
2641,,0
2642,,0
2643,,0
2644,,0
2645,,0
2646,,0
2647,,0
2648,,0
2649,,0
2650,,0
2651,,0
2652,,0
2653,,0
2654,,0
2655,,0
2656,,0
2657,,0
2658,,0
2659,,0
2660,,0
2661,,0
2662,,0
2663,,0
2664,,0
2665,,0
2666,,0
2667,,0
2668,,0
2669,,0
2670,,0
2671,,0
2672,,0
2673,,0
2674,,0
2675,,0
2676,,0
2677,,0
2678,,0
2679,,0
2680,,0
2681,,0
2682,,0
2683,,0
2684,,0
2685,,0
2686,,0
2687,,0
2688,,0
2689,,0
2690,,0
2691,,0
2692,,0
2693,,0
2694,,0
2695,,0
2696,,0
2697,,0
2698,,0
2699,,0
2700,,0
2701,,0
2702,,0
2703,,0
2704,,0
2705,,0
2706,,0
2707,,0
2708,,0
2709,,0
2710,,0
2711,,0
2712,,0
2713,,0
2714,,0
2715,,0
2716,,0
2717,,0
2718,,0
2719,,0
2720,,0
2721,,0
2722,,0
2723,,0
2724,,0
2725,,0
2726,,0
2727,,0
2728,,0
2729,,0
2730,,0
2731,,0
2732,,0
2733,,0
2734,,0
2735,,0
2736,,0
2737,,0
2738,,0
2739,,0
2740,,0
2741,,0
2742,,0
2743,,0
2744,,0
2745,,0
2746,,0
2747,,0
2748,,0
2749,,0
2750,,0
2751,,0
2752,,0
2753,,0
2754,,0
2755,,0
2756,,0
2757,,0
2758,,0
2759,,0
2760,,0
2761,,0
2762,,0
2763,,0
2764,,0
2765,,0
2766,,0
2767,,0
2768,,0
2769,,0
2770,,0
2771,,0
2772,,0
2773,,0
2774,,0
2775,,0
2776,,0
2777,,0
2778,,0
2779,,0
2780,,0
2781,,0
2782,,0
2783,,0
2784,,0
2785,,0
2786,,0
2787,,0
2788,,0
2789,,0
2790,,0
2791,,0
2792,,0
2793,,0
2794,,0
2795,,0
2796,,0
2797,,0
2798,,0
2799,,0
2800,,0
2801,,0
2802,,0
2803,,0
2804,,0
2805,,0
2806,,0
2807,,0
2808,,0
2809,,0
2810,,0
2811,,0
2812,,0
2813,,0
2814,,0
2815,,0
2816,,0
2817,,0
2818,,0
2819,,0
2820,,0
2821,,0
2822,,0
2823,,0
2824,,0
2825,,0
2826,,0
2827,,0
2828,,0
2829,,0
2830,,0
2831,,0
2832,,0
2833,,0
2834,,0
2835,,0
2836,,0
2837,,0
2838,,0
2839,,0
2840,,0
2841,,0
2842,,0
2843,,0
2844,,0
2845,,0
2846,,0
2847,,0
2848,,0
2849,,0
2850,,0
2851,,0
2852,,0
2853,,0
2854,,0
2855,,0
2856,,0
2857,,0
2858,,0
2859,,0
2860,,0
2861,,0
2862,,0
2863,,0
2864,,0
2865,,0
2866,,0
2867,,0
2868,,0
2869,,0
2870,,0
2871,,0
2872,,0
2873,,0
2874,,0
2875,,0
2876,,0
2877,,0
2878,,0
2879,,0
2880,,0
2881,,0
2882,,0
2883,,0
2884,,0
2885,,0
2886,,0
2887,,0
2888,,0
2889,,0
2890,,0
2891,,0
2892,,0
2893,,0
2894,,0
2895,,0
2896,,0
2897,,0
2898,,0
2899,,0
2900,,0
2901,,0
2902,,0
2903,,0
2904,,0
2905,,0
2906,,0
2907,,0
2908,,0
2909,,0
2910,,0
2911,,0
2912,,0
2913,,0
2914,,0
2915,,0
2916,,0
2917,,0
2918,,0
2919,,0
2920,,0
2921,,0
2922,,0
2923,,0
2924,,0
2925,,0
2926,,0
2927,,0
2928,,0
2929,,0
2930,,0
2931,,0
2932,,0
2933,,0
2934,,0
2935,,0
2936,,0
2937,,0
2938,,0
2939,,0
2940,,0
2941,,0
2942,,0
2943,,0
2944,,0
2945,,0
2946,,0
2947,,0
2948,,0
2949,,0
2950,,0
2951,,0
2952,,0
2953,,0
2954,,0
2955,,0
2956,,0
2957,,0
2958,,0
2959,,0
2960,,0
2961,,0
2962,,0
2963,,0
2964,,0
2965,,0
2966,,0
2967,,0
2968,,0
2969,,0
2970,,0
2971,,0
2972,,0
2973,,0
2974,,0
2975,,0
2976,,0
2977,,0
2978,,0
2979,,0
2980,,0
2981,,0
2982,,0
2983,,0
2984,,0
2985,,0
2986,,0
2987,,0
2988,,0
2989,,0
2990,,0
2991,,0
2992,,0
2993,,0
2994,,0
2995,,0
2996,,0
2997,,0
2998,,0
2999,,0
3000,,0
3001,,0
3002,,0
3003,,0
3004,,0
3005,,0
3006,,0
3007,,0
3008,,0
3009,,0
3010,,0
3011,,0
3012,,0
3013,,0
3014,,0
3015,,0
3016,,0
3017,,0
3018,,0
3019,,0
3020,,0
3021,,0
3022,,0
3023,,0
3024,,0
3025,,0
3026,,0
3027,,0
3028,,0
3029,,0
3030,,0
3031,,0
3032,,0
3033,,0
3034,,0
3035,,0
3036,,0
3037,,0
3038,,0
3039,,0
3040,,0
3041,,0
3042,,0
3043,,0
3044,,0
3045,,0
3046,,0
3047,,0
3048,,0
3049,,0
3050,,0
3051,,0
3052,,0
3053,,0
3054,,0
3055,,0
3056,,0
3057,,0
3058,,0
3059,,0
3060,,0
3061,,0
3062,,0
3063,,0
3064,0.5,6
3065,3.0,6
3066,0.6666666666666666,3
3067,2.0,1
3068,,0
3069,0.7916666666666666,120
3070,1.725,120
3071,2.3333333333333335,120
3072,3.4583333333333335,120
3073,1.0416666666666667,120
3074,3.875,120
3075,0.6333333333333333,120
3076,3.533333333333333,120
3077,0.08333333333333333,120
3078,0.18333333333333332,120
3079,1.7523809523809524,105
3080,3.6043956043956045,91
3081,,0
3082,,0
3083,,0
3084,,0
3085,,0
3086,,0
3087,,0
3088,0.30833333333333335,120
3089,2.816666666666667,120
3090,1.0083333333333333,120
3091,1.9833333333333334,120
3092,1.6,10
3093,1.6,10
3094,0.5,10
3095,1.6,10
3096,0.7,10
3097,0.3,10
3098,0.7,120
3099,1.4583333333333333,120
3100,0.9,120
3101,1.3,120
3102,1.3833333333333333,120
3103,-0.025,120
3104,3.7083333333333335,120
3105,2.125,120
3106,6.0,120
3107,,0
3108,,0
3109,,0
3110,,0
3111,,0
3112,,0
3113,,0
3114,,0
3115,,0
3116,,0
3117,,0
3118,,0
3119,,0
3120,,0
3121,,0
3122,,0
3123,,0
3124,,0
3125,,0
3126,,0
3127,,0
3128,,0
3129,,0
3130,,0
3131,,0
3132,,0
3133,,0
3134,,0
3135,,0
3136,,0
3137,,0
3138,,0
3139,,0
3140,,0
3141,,0
3142,,0
3143,,0
3144,,0
3145,,0
3146,,0
3147,,0
3148,,0
3149,,0
3150,,0
3151,,0
3152,,0
3153,,0
3154,,0
3155,,0
3156,,0
3157,,0
3158,,0
3159,,0
3160,,0
3161,,0
3162,,0
3163,0.0,1
3164,0.0,1
3165,-1.0,1
3166,6.0,1
3167,-1.0,3
3168,3.066666666666667,120
3169,3.475,120
3170,6.0,120
3171,2.2666666666666666,120
3172,4.375,120
3173,,0
3174,,0
3175,,0
3176,,0
3177,,0
3178,7.0,120
3179,5.0,120
3180,,0
3181,,0
3182,,0
3183,,0
3184,,0
3185,,0
3186,,0
3187,,0
3188,,0
3189,,0
3190,,0
3191,,0
3192,,0
3193,,0
3194,,0
3195,,0
3196,,0
3197,,0
3198,,0
3199,,0
3200,,0
3201,,0
3202,,0
3203,,0
3204,,0
3205,,0
3206,,0
3207,,0
3208,,0
3209,,0
3210,,0
3211,,0
3212,,0
3213,,0
3214,,0
3215,,0
3216,,0
3217,,0
3218,,0
3219,,0
3220,,0
3221,,0
3222,,0
3223,,0
3224,,0
3225,,0
3226,,0
3227,,0
3228,,0
3229,,0
3230,,0
3231,,0
3232,,0
3233,,0
3234,,0
3235,,0
3236,,0
3237,,0
3238,,0
3239,,0
3240,,0
3241,,0
3242,,0
3243,4.25,120
3244,4.0,120
3245,4.0,120
3246,3.625,120
3247,4.5,120
3248,4.25,120
3249,6.0,120
3250,2.816666666666667,120
3251,-1.0,1
3252,4.0,1
3253,-2.0,1
3254,-3.0,1
3255,2.0,1
3256,2.0,1
3257,1.0,1
3258,-1.0,1
3259,-2.0,1
3260,-3.0,1
3261,-2.0,1
3262,1.0,1
3263,-1.0,1
3264,0.0,1
3265,-1.0,1
3266,-2.0,1
3267,-2.0,1
3268,-1.0,1
3269,-3.0,1
3270,0.0,1
3271,-2.0,1
3272,0.0,1
3273,-1.0,1
3274,-1.0,1
3275,4.0,1
3276,0.0,1
3277,1.0,1
3278,-1.0,1
3279,-1.0,1
3280,-3.0,1
3281,-1.0,1
3282,0.0,1
3283,-2.0,1
3284,-1.0,1
3285,-1.0,1
3286,-2.0,1
3287,-1.0,1
3288,-1.0,1
3289,-3.0,1
3290,-1.0,1
3291,-2.0,1
3292,-1.0,1
3293,-1.0,1
3294,2.0,1
3295,0.0,1
3296,-2.0,1
3297,-1.0,1
3298,-1.0,1
3299,-1.0,1
3300,-1.0,1
3301,0.0,1
3302,1.0,1
3303,-1.0,1
3304,-2.0,1
3305,-1.0,1
3306,-1.0,1
3307,0.0,1
3308,-2.0,1
3309,-1.0,1
3310,3.0,1
3311,-1.0,1
3312,-2.0,1
3313,-2.0,1
3314,2.0,1
3315,-1.0,1
3316,0.0,1
3317,1.0,1
3318,0.0,1
3319,1.0,1
3320,-1.0,1
3321,,0
3322,,0
3323,,0
3324,,0
3325,,0
3326,,0
3327,,0
3328,,0
3329,,0
3330,,0
3331,,0
3332,,0
3333,,0
3334,,0
3335,,0
3336,,0
3337,,0
3338,,0
3339,,0
3340,,0
3341,,0
3342,,0
3343,,0
3344,,0
3345,,0
3346,,0
3347,,0
3348,,0
3349,,0
3350,,0
3351,,0
3352,,0
3353,,0
3354,,0
3355,,0
3356,,0
3357,,0
3358,,0
3359,,0
3360,,0
3361,,0
3362,,0
3363,,0
3364,,0
3365,,0
3366,,0
3367,,0
3368,,0
3369,,0
3370,,0
3371,,0
3372,,0
3373,,0
3374,,0
3375,,0
3376,,0
3377,,0
3378,,0
3379,,0
3380,,0
3381,,0
3382,,0
3383,,0
3384,,0
3385,,0
3386,,0
3387,,0
3388,,0
3389,,0
3390,,0
3391,,0
3392,,0
3393,,0
3394,,0
3395,,0
3396,,0
3397,,0
3398,,0
3399,,0
3400,,0
3401,,0
3402,,0
3403,,0
3404,,0
3405,,0
3406,,0
3407,,0
3408,,0
3409,,0
3410,,0
3411,,0
3412,,0
3413,,0
3414,,0
3415,,0
3416,,0
3417,,0
3418,,0
3419,,0
3420,,0
3421,,0
3422,,0
3423,,0
3424,,0
3425,,0
3426,,0
3427,,0
3428,,0
3429,,0
3430,,0
3431,,0
3432,,0
3433,,0
3434,,0
3435,,0
3436,,0
3437,,0
3438,,0
3439,,0
3440,,0
3441,,0
3442,,0
3443,,0
3444,,0
3445,,0
3446,,0
3447,,0
3448,,0
3449,,0
3450,,0
3451,,0
3452,,0
3453,,0
3454,,0
3455,,0
3456,,0
3457,,0
3458,,0
3459,,0
3460,,0
3461,,0
3462,,0
3463,,0
3464,,0
3465,,0
3466,,0
3467,,0
3468,,0
3469,,0
3470,,0
3471,,0
3472,,0
3473,,0
3474,,0
3475,,0
3476,,0
3477,,0
3478,,0
3479,,0
3480,,0
3481,,0
3482,,0
3483,,0
3484,,0
3485,,0
3486,,0
3487,,0
3488,,0
3489,,0
3490,,0
3491,,0
3492,,0
3493,,0
3494,,0
3495,,0
3496,,0
3497,,0
3498,,0
3499,,0
3500,,0
3501,,0
3502,,0
3503,,0
3504,,0
3505,,0
3506,,0
3507,,0
3508,,0
3509,,0
3510,,0
3511,,0
3512,,0
3513,,0
3514,,0
3515,,0
3516,,0
3517,,0
3518,,0
3519,,0
3520,,0
3521,,0
3522,,0
3523,,0
3524,,0
3525,,0
3526,,0
3527,,0
3528,,0
3529,,0
3530,,0
3531,,0
3532,,0
3533,,0
3534,,0
3535,,0
3536,,0
3537,,0
3538,,0
3539,,0
3540,,0
3541,,0
3542,,0
3543,,0
3544,,0
3545,,0
3546,,0
3547,,0
3548,,0
3549,,0
3550,,0
3551,,0
3552,,0
3553,,0
3554,,0
3555,,0
3556,,0
3557,,0
3558,,0
3559,,0
3560,,0
3561,,0
3562,,0
3563,,0
3564,,0
3565,,0
3566,,0
3567,,0
3568,,0
3569,,0
3570,,0
3571,,0
3572,,0
3573,,0
3574,,0
3575,,0
3576,,0
3577,,0
3578,,0
3579,,0
3580,,0
3581,,0
3582,,0
3583,,0
3584,,0
3585,,0
3586,,0
3587,,0
3588,,0
3589,,0
3590,,0
3591,,0
3592,,0
3593,,0
3594,,0
3595,,0
3596,,0
3597,,0
3598,,0
3599,,0
3600,,0
3601,,0
3602,,0
3603,,0
3604,,0
3605,,0
3606,,0
3607,,0
3608,,0
3609,,0
3610,,0
3611,,0
3612,,0
3613,,0
3614,,0
3615,,0
3616,,0
3617,,0
3618,,0
3619,,0
3620,,0
3621,,0
3622,,0
3623,,0
3624,,0
3625,,0
3626,,0
3627,,0
3628,,0
3629,,0
3630,,0
3631,,0
3632,,0
3633,,0
3634,,0
3635,,0
3636,,0
3637,,0
3638,,0
3639,,0
3640,,0
3641,,0
3642,,0
3643,,0
3644,,0
3645,,0
3646,,0
3647,,0
3648,,0
3649,,0
3650,,0
3651,,0
3652,,0
3653,,0
3654,,0
3655,,0
3656,,0
3657,,0
3658,,0
3659,,0
3660,,0
3661,,0
3662,,0
3663,,0
3664,,0
3665,,0
3666,,0
3667,,0
3668,,0
3669,,0
3670,,0
3671,,0
3672,,0
3673,,0
3674,,0
3675,,0
3676,,0
3677,,0
3678,,0
3679,,0
3680,,0
3681,,0
3682,,0
3683,,0
3684,,0
3685,,0
3686,,0
3687,,0
3688,,0
3689,,0
3690,,0
3691,,0
3692,,0
3693,,0
3694,,0
3695,,0
3696,,0
3697,,0
