col_index,blosum62_mean,pair_n,compressed_x,region
8,-2.0,1,1,
9,2.0,1,2,
10,0.0,1,3,
11,-1.0,1,4,
12,0.0,1,5,
13,-1.0,1,6,
14,-1.0,1,7,
15,-1.0,1,8,
16,2.0,1,9,
17,-3.0,1,10,
18,-3.0,1,11,
19,-2.0,1,12,
20,-2.0,1,13,
21,-2.0,1,14,
22,-0.6666666666666666,3,15,
23,2.333333333333333,3,16,
24,0.0,3,17,
25,-2.0,3,18,
26,-1.0,3,19,
27,-1.1666666666666667,6,20,
28,-0.5,6,21,
29,-2.0,6,22,
30,-0.8333333333333334,6,23,
31,-1.8333333333333333,6,24,
32,-1.5,6,25,
33,-2.1666666666666665,6,26,
34,1.1666666666666667,6,27,
35,-0.5,6,28,
36,-1.8,10,29,
37,-1.0,10,30,
38,1.1,10,31,
39,-0.1428571428571428,28,32,
40,-0.6071428571428571,28,33,
41,-0.6428571428571429,28,34,
42,1.5714285714285714,28,35,
43,0.6785714285714286,28,36,
44,-0.6785714285714286,28,37,
45,-0.5357142857142857,28,38,
46,-1.6428571428571428,28,39,
47,-0.4285714285714285,28,40,
48,-1.1428571428571428,28,41,
49,-0.9166666666666666,36,42,
50,-0.0555555555555555,36,43,
51,-0.6944444444444444,36,44,
52,-0.9166666666666666,36,45,
53,-0.3888888888888889,36,46,
54,-0.6666666666666666,36,47,
55,-0.6388888888888888,36,48,
56,-0.3333333333333333,36,49,
57,-0.8611111111111112,36,50,
58,-1.4722222222222223,36,51,
59,-0.0555555555555555,36,52,
60,0.5,36,53,
61,-0.8611111111111112,36,54,
62,0.2777777777777778,36,55,
63,0.9722222222222222,36,56,
64,-0.5277777777777778,36,57,
65,-0.4444444444444444,36,58,
66,-1.0277777777777777,36,59,
67,-0.75,36,60,
68,0.75,36,61,
69,0.1944444444444444,36,62,
70,-1.0555555555555556,36,63,
71,-0.3333333333333333,36,64,
72,-1.0,36,65,
73,-1.3888888888888888,36,66,
74,-0.5555555555555556,36,67,
75,-1.0555555555555556,36,68,
76,-0.6111111111111112,36,69,
77,0.75,36,70,
78,-0.6388888888888888,36,71,
79,-0.5833333333333334,36,72,
80,0.2777777777777778,36,73,
81,-0.4722222222222222,36,74,
82,-0.6666666666666666,36,75,
83,-0.8611111111111112,36,76,
84,-0.4444444444444444,36,77,
85,-1.1111111111111112,36,78,
86,-0.7777777777777778,36,79,
87,0.1111111111111111,36,80,
88,-0.0833333333333333,36,81,
89,-0.3333333333333333,36,82,
90,-1.2777777777777777,36,83,
91,-0.8222222222222222,45,84,
92,0.4222222222222222,45,85,
93,-0.4,45,86,
94,-0.6222222222222222,45,87,
95,-0.8,45,88,
96,0.1333333333333333,45,89,
97,-0.6888888888888889,45,90,
98,-0.5777777777777777,45,91,
99,-1.3111111111111111,45,92,
100,-0.7090909090909091,55,93,
101,-0.2,55,94,
102,-0.2363636363636363,55,95,
103,-0.4393939393939394,66,96,
104,0.0303030303030303,66,97,
105,-0.1142857142857142,105,98,
106,-1.161904761904762,105,99,
107,-0.6764705882352942,136,100,
108,-0.8596491228070176,171,101,
109,-0.5497076023391813,171,102,
110,-0.6842105263157895,171,103,
111,0.4789473684210526,190,104,
112,-0.4578947368421052,190,105,
113,-0.1,190,106,
114,1.0120967741935485,496,107,
115,1.0625,496,108,
116,2.066532258064516,496,109,
117,0.9268817204301076,465,110,
118,-0.3634408602150538,465,111,
119,0.7634408602150538,465,112,
120,-0.5714285714285714,28,113,
121,1.0,28,114,
122,0.1071428571428571,28,115,
123,0.1071428571428571,28,116,
124,-1.3928571428571428,28,117,
125,-0.4642857142857143,28,118,
126,0.0,28,119,
127,-0.4285714285714285,28,120,
128,0.8928571428571429,28,121,
129,-0.6428571428571429,28,122,
130,-0.3571428571428571,28,123,
131,0.0714285714285714,28,124,
132,-0.0357142857142857,28,125,
133,0.0714285714285714,28,126,
134,-0.6071428571428571,28,127,
135,-0.5,28,128,
136,-0.1785714285714285,28,129,
137,-0.5,28,130,
138,0.7142857142857143,28,131,
139,-0.5357142857142857,28,132,
140,-0.8214285714285714,28,133,
141,-0.5,28,134,
142,-0.4285714285714285,28,135,
143,0.5714285714285714,28,136,
144,-0.1428571428571428,28,137,
145,-0.6071428571428571,28,138,
146,0.4285714285714285,28,139,
147,-0.2142857142857142,28,140,
148,-0.25,28,141,
149,0.1428571428571428,28,142,
150,-0.3928571428571428,28,143,
151,-1.1785714285714286,28,144,
152,-0.1666666666666666,36,145,
153,-0.6111111111111112,36,146,
154,-0.4,45,147,
155,0.3111111111111111,45,148,
156,0.8,45,149,
157,-1.2,45,150,
158,-0.5111111111111111,45,151,
159,-0.2,45,152,
160,-0.7111111111111111,45,153,
161,-0.0444444444444444,45,154,
162,-0.6888888888888889,45,155,
163,-0.5777777777777777,45,156,
164,-0.3777777777777777,45,157,
165,-0.9555555555555556,45,158,
166,-0.4,45,159,
167,-0.0444444444444444,45,160,
168,-0.8666666666666667,45,161,
169,0.1555555555555555,45,162,
170,-0.1777777777777777,45,163,
171,0.0222222222222222,45,164,
172,0.0444444444444444,45,165,
173,-0.2222222222222222,45,166,
174,0.3777777777777777,45,167,
175,-0.2444444444444444,45,168,
176,-0.2,45,169,
177,0.4444444444444444,45,170,
178,0.5777777777777777,45,171,
179,-0.8666666666666667,45,172,
180,-0.7555555555555555,45,173,
181,-0.6222222222222222,45,174,
182,0.0666666666666666,45,175,
183,0.2,45,176,
184,0.0222222222222222,45,177,
185,-0.1777777777777777,45,178,
186,0.1333333333333333,45,179,
187,-0.4,45,180,
188,-0.1818181818181818,66,181,
189,-0.5757575757575758,66,182,
190,0.5512820512820513,78,183,
191,-0.5,78,184,
192,1.7741935483870968,496,185,
193,-0.0705645161290322,496,186,
194,0.6814516129032258,496,187,
195,-0.6,15,188,
196,1.2666666666666666,15,189,
197,1.2,15,190,
198,0.6,15,191,
199,-0.6666666666666666,15,192,
200,0.9333333333333332,15,193,
201,1.0,15,194,
202,1.2666666666666666,15,195,
203,-0.9333333333333332,15,196,
204,0.0,15,197,
205,0.2666666666666666,15,198,
206,0.6666666666666666,15,199,
207,0.4,15,200,
208,-0.8,15,201,
209,-0.4,15,202,
210,0.7333333333333333,15,203,
211,0.1333333333333333,15,204,
212,-0.9333333333333332,15,205,
213,-0.8,15,206,
214,-1.0666666666666669,15,207,
215,-0.5333333333333333,15,208,
216,0.6,15,209,
217,1.2666666666666666,15,210,
218,0.8666666666666667,15,211,
219,1.2666666666666666,15,212,
220,0.1333333333333333,15,213,
221,0.4666666666666667,15,214,
222,-0.3333333333333333,15,215,
223,-0.6,15,216,
224,2.066666666666667,15,217,
225,0.6666666666666666,15,218,
226,1.4,15,219,
227,0.2666666666666666,15,220,
228,0.4,15,221,
229,1.6,10,222,
230,2.0,10,223,
231,3.0,10,224,
232,1.4,10,225,
233,1.0,10,226,
234,0.5,10,227,
235,1.7,10,228,
236,0.8,10,229,
237,1.1,10,230,
238,-0.1,10,231,
239,1.0,10,232,
240,1.1,10,233,
241,0.5,10,234,
242,-0.2,10,235,
243,0.4,10,236,
244,2.8,10,237,
245,1.4,10,238,
246,0.6,10,239,
247,0.7,10,240,
248,1.6,10,241,
249,1.2,10,242,
250,1.0,10,243,
251,0.2,10,244,
252,1.4,10,245,
253,1.2,10,246,
254,1.7,10,247,
255,1.0,10,248,
256,0.7,10,249,
257,2.8,10,250,
258,1.1,10,251,
259,2.4,10,252,
260,2.8,10,253,
261,-0.6,10,254,
262,2.8,10,255,
263,1.4,10,256,
264,0.0,10,257,
265,0.9,10,258,
266,0.0,10,259,
267,-0.3,10,260,
268,-1.5,10,261,
269,0.9,10,262,
270,0.9,10,263,
271,2.1,10,264,
272,0.9,10,265,
273,0.7,10,266,
274,3.4,10,267,
275,0.5,10,268,
276,-0.3,10,269,
277,0.7,10,270,
278,0.4,10,271,
279,3.6,10,272,
280,2.0,10,273,
281,-0.6,10,274,
282,2.4,10,275,
283,1.1,10,276,
284,1.1,10,277,
285,0.3,10,278,
286,-0.1,10,279,
287,0.7,10,280,
288,0.7,10,281,
289,0.6,10,282,
290,-0.6,10,283,
291,1.6,10,284,
292,0.0,6,285,
293,0.2,10,286,
294,0.4,10,287,
295,-0.5,10,288,
296,2.2,10,289,
297,-0.3,10,290,
298,2.0,10,291,
299,1.4,10,292,
300,0.4,10,293,
301,0.9,10,294,
302,1.2,10,295,
303,1.2,10,296,
304,0.3,10,297,
305,1.1,10,298,
306,0.6,10,299,
307,1.1,10,300,
308,0.2,10,301,
309,1.1,10,302,
310,0.7,10,303,
311,0.8,10,304,
312,0.9,10,305,
313,1.5,10,306,
314,0.5,10,307,
315,-0.1,10,308,
316,-2.0,1,309,
317,-1.0,1,310,
318,-1.0,1,311,
319,-2.0,1,312,
320,-1.0,1,313,
321,2.0,1,314,
322,-3.0,1,315,
323,-4.0,1,316,
324,-1.0,1,317,
325,2.0,1,318,
326,-2.0,1,319,
327,-2.0,1,320,
328,-2.0,1,321,
329,-1.0,1,322,
330,-3.0,1,323,
331,1.0,1,324,
332,0.0,1,325,
333,-1.0,1,326,
334,0.0,1,327,
335,-1.0,1,328,
336,0.0,1,329,
337,-2.0,1,330,
338,-1.0,1,331,
339,-2.0,1,332,
340,0.0344086021505376,465,333,
341,1.1814516129032258,496,334,
342,0.9536290322580644,496,335,
343,0.2217741935483871,496,336,
344,1.092741935483871,496,337,
345,-0.5555555555555556,45,338,
346,0.421505376344086,465,339,
347,1.1053763440860216,465,340,
348,0.0,1,341,
349,-3.0,1,342,
350,-1.0,1,343,
351,0.0,1,344,
352,-1.0,1,345,
353,-3.0,1,346,
354,3.0,1,347,
355,0.0,1,348,
356,2.0,1,349,
357,-1.0,1,350,
358,0.0,1,351,
359,0.0,1,352,
360,-1.0,1,353,
361,1.0,1,354,
362,3.0,1,355,
363,-2.0,1,356,
364,2.0,1,357,
365,-1.0,1,358,
366,0.0,1,359,
367,1.0,1,360,
368,0.0,1,361,
369,0.2989417989417989,378,362,
370,0.7222222222222222,378,363,
371,-0.0264550264550264,378,364,
372,1.058201058201058,378,365,
373,1.5132275132275133,378,366,
374,-0.2089947089947089,378,367,
375,0.3571428571428571,378,368,
376,0.7222222222222222,378,369,
377,1.058201058201058,378,370,
378,0.8306878306878307,378,371,
379,0.9285714285714286,378,372,
380,0.1534391534391534,378,373,
381,0.0455840455840455,351,374,
382,2.8176638176638176,351,375,
383,2.0,1,376,
392,-0.5,6,377,
393,-1.0,6,378,
394,-1.6666666666666667,6,379,
395,-1.1666666666666667,6,380,
396,0.4688172043010752,465,381,
397,1.5463709677419355,496,382,
398,0.0483870967741935,496,383,
399,0.0189393939393939,528,384,
400,0.0227272727272727,528,385,
401,1.2121212121212122,528,386,
402,-0.1306818181818181,528,387,
403,0.3245967741935484,496,388,
404,-0.2741935483870967,496,389,
405,0.1290322580645161,496,390,
406,-0.1995967741935483,496,391,
407,0.6814516129032258,496,392,
408,-0.1724137931034483,435,393,
409,-1.8333333333333333,6,394,
410,-2.0,3,395,
411,-0.3333333333333333,3,396,
412,-0.6666666666666666,3,397,
413,-1.6666666666666667,3,398,
414,-0.6666666666666666,3,399,
415,-0.3333333333333333,3,400,
416,-1.6666666666666667,3,401,
417,-2.0,1,402,
418,0.0,1,403,
419,-1.0,1,404,
420,-3.0,1,405,
421,-3.0,1,406,
422,-2.0,1,407,
423,-3.0,1,408,
424,0.0,1,409,
425,-2.0,1,410,
426,0.0,1,411,
427,-2.0,1,412,
428,-2.0,1,413,
429,-1.0,1,414,
430,2.0,1,415,
431,-3.0,1,416,
432,-3.0,1,417,
433,-2.0,1,418,
434,-2.0,1,419,
435,0.0,1,420,
436,-3.0,1,421,
437,4.0,1,422,
438,-4.0,1,423,
439,-2.0,1,424,
440,-2.0,1,425,
441,0.0,1,426,
442,6.0,1,427,
443,-2.0,1,428,
444,4.0,1,429,
445,-2.0,1,430,
446,0.0,1,431,
447,-2.0,1,432,
448,2.0,1,433,
449,-3.0,1,434,
450,-2.0,1,435,
451,-2.0,1,436,
452,5.0,1,437,
453,0.0,1,438,
454,-1.0,1,439,
455,1.0,1,440,
456,-3.0,1,441,
457,-2.0,1,442,
458,-1.0,1,443,
459,-1.0,1,444,
460,0.0,1,445,
461,-2.0,1,446,
486,1.477832512315271,406,447,
487,0.8596059113300493,406,448,
488,2.164021164021164,378,449,
489,0.2738461538461538,325,450,
490,-0.1846153846153846,325,451,
491,1.9292307692307693,325,452,
492,0.7415384615384616,325,453,
493,-0.1138461538461538,325,454,
494,-0.04,325,455,
495,1.0,325,456,
496,-0.912087912087912,91,457,
497,0.0256410256410256,78,458,
498,-0.803030303030303,66,459,
499,-0.9848484848484848,66,460,
500,-0.0444444444444444,45,461,
501,-0.3555555555555555,45,462,
502,-0.5777777777777777,45,463,
503,-0.5333333333333333,45,464,
504,-0.3333333333333333,45,465,
505,-0.5333333333333333,45,466,
506,-0.2142857142857142,28,467,
507,-0.8571428571428571,28,468,
508,0.25,28,469,
509,0.1428571428571428,28,470,
510,-1.3214285714285714,28,471,
511,-0.4642857142857143,28,472,
512,-0.75,28,473,
513,-0.1071428571428571,28,474,
514,0.0,28,475,
515,-0.1785714285714285,28,476,
516,-0.2857142857142857,28,477,
517,-0.2857142857142857,28,478,
518,-0.6071428571428571,28,479,
519,-0.25,28,480,
520,-0.5714285714285714,28,481,
521,-0.1428571428571428,28,482,
522,0.6817204301075269,465,483,
523,0.9763440860215054,465,484,
524,0.0,10,485,
525,-0.9,10,486,
526,1.2,10,487,
527,0.9943181818181818,528,488,
528,0.9715909090909092,528,489,
529,-1.0,3,490,
530,-2.0,1,491,
531,-1.0,1,492,
532,-2.0,1,493,
533,2.0,1,494,
534,-1.0,1,495,
535,1.0,1,496,
536,-1.0,1,497,
537,-2.0,1,498,
538,0.0,1,499,
539,-1.0,1,500,
540,-3.0,1,501,
541,-3.0,1,502,
578,0.3669354838709677,496,503,
579,0.7137096774193549,496,504,
580,0.4516129032258064,496,505,
581,-0.1451612903225806,496,506,
582,0.3407258064516129,496,507,
583,0.8346774193548387,496,508,
584,1.8891129032258065,496,509,
585,0.7883064516129032,496,510,
586,1.1008064516129032,496,511,
587,2.606451612903226,465,512,
588,1.5423387096774193,496,513,
589,0.0665322580645161,496,514,
590,-0.3526881720430107,465,515,
591,0.9103448275862068,435,516,
592,-0.238095238095238,21,517,
593,-0.5714285714285714,21,518,
594,-0.4285714285714285,21,519,
595,-0.0952380952380952,21,520,
596,-0.1428571428571428,21,521,
597,-0.7142857142857143,21,522,
598,1.380952380952381,21,523,
599,0.6190476190476191,21,524,
600,-0.4,15,525,
601,0.8666666666666667,15,526,
602,-0.8095238095238095,21,527,
603,0.4285714285714285,21,528,
604,1.380952380952381,21,529,
605,0.0476190476190476,21,530,
606,-1.1333333333333333,15,531,
607,-0.8666666666666667,15,532,
608,0.9827956989247312,465,533,
609,0.7935483870967742,465,534,
610,0.1462365591397849,465,535,
611,0.7763440860215054,465,536,
612,1.0365591397849463,465,537,
613,1.9161290322580644,465,538,
614,-0.0714285714285714,28,539,
615,-0.8571428571428571,28,540,
616,-0.7857142857142857,28,541,
617,-0.4642857142857143,28,542,
618,0.3611111111111111,36,543,
619,1.05,300,544,
620,1.966153846153846,325,545,
621,0.2222222222222222,36,546,
622,0.0833333333333333,36,547,
623,-0.5277777777777778,36,548,
624,-0.5277777777777778,36,549,
625,-1.1388888888888888,36,550,
626,-0.4166666666666667,36,551,
627,-0.1666666666666666,36,552,
628,-0.2222222222222222,36,553,
629,-0.0833333333333333,36,554,
630,-0.2222222222222222,36,555,
631,-0.5714285714285714,28,556,
632,1.4173387096774193,496,557,
633,-0.4153225806451613,496,558,
634,0.0443548387096774,496,559,
635,-0.1673387096774193,496,560,
636,-0.4032258064516129,496,561,
637,0.3951612903225806,496,562,
638,0.0282258064516129,496,563,
639,0.5564516129032258,496,564,
640,0.1875,496,565,
641,0.094758064516129,496,566,
642,0.9236453201970444,406,567,
646,0.3333333333333333,6,568,
647,-1.1666666666666667,6,569,
648,-0.8333333333333334,6,570,
649,-0.3333333333333333,6,571,
650,-1.6666666666666667,6,572,
651,0.5,6,573,
652,3.333333333333333,3,574,
653,0.6666666666666666,3,575,
654,-2.333333333333333,3,576,
655,-2.333333333333333,3,577,
656,-2.0,3,578,
657,-2.0,3,579,
658,2.3326612903225805,496,580,
659,2.0766129032258065,496,581,
660,1.0,36,582,
661,-0.1071428571428571,28,583,
662,-0.5714285714285714,21,584,
663,-0.0476190476190476,21,585,
664,-0.1428571428571428,21,586,
665,0.5714285714285714,21,587,
666,0.7142857142857143,21,588,
667,-0.5238095238095238,21,589,
668,-0.5238095238095238,21,590,
669,0.0952380952380952,21,591,
670,-0.3333333333333333,21,592,
671,0.5714285714285714,21,593,
672,0.5714285714285714,21,594,
673,-0.2857142857142857,21,595,
674,1.5524193548387095,496,596,
675,1.497983870967742,496,597,
676,0.9939516129032258,496,598,
677,1.4616935483870968,496,599,
678,1.3306451612903225,496,600,
679,-1.3333333333333333,21,601,
680,-1.7333333333333334,15,602,
681,-1.3333333333333333,15,603,
682,1.6193548387096774,465,604,
683,1.0021505376344086,465,605,
684,0.2774193548387096,465,606,
685,1.5,496,607,
686,1.5161290322580645,496,608,
687,0.5020161290322581,496,609,
688,1.8245967741935485,496,610,
689,2.622983870967742,496,611,
690,1.2774193548387096,465,612,
691,1.2666666666666666,15,613,
692,0.8,15,614,
693,0.6666666666666666,15,615,
694,1.5333333333333334,15,616,
695,0.9333333333333332,15,617,
696,0.7619047619047619,21,618,
697,0.3809523809523809,21,619,
698,-0.7142857142857143,21,620,
699,1.0952380952380951,21,621,
700,0.1428571428571428,21,622,
701,0.5714285714285714,21,623,
702,0.8095238095238095,21,624,
703,0.1428571428571428,21,625,
704,2.095238095238096,21,626,
705,0.4,15,627,
706,0.0,15,628,
707,-2.0,3,629,
708,-0.3333333333333333,3,630,
709,-0.3333333333333333,3,631,
710,0.5333333333333333,15,632,
711,0.0666666666666666,15,633,
712,1.6666666666666667,15,634,
713,0.8,15,635,
714,-0.7333333333333333,15,636,
715,1.4666666666666666,15,637,
716,0.2666666666666666,15,638,
717,0.2666666666666666,15,639,
718,-0.8,15,640,
719,1.8666666666666667,15,641,
720,0.4,10,642,
721,2.0,15,643,
722,-0.9523809523809524,21,644,
723,1.5238095238095235,21,645,
724,-0.9523809523809524,21,646,
725,-0.4285714285714285,21,647,
726,-0.5238095238095238,21,648,
727,0.8095238095238095,21,649,
728,1.2142857142857142,28,650,
729,-0.3571428571428571,28,651,
730,-0.3928571428571428,28,652,
731,2.5793650793650795,378,653,
732,1.1766381766381766,351,654,
733,-0.8181818181818182,55,655,
734,-0.1818181818181818,55,656,
735,-0.1636363636363636,55,657,
736,1.5566502463054188,406,658,
737,0.958128078817734,406,659,
738,-0.6813186813186813,91,660,
739,1.1458333333333333,528,661,
740,2.678030303030303,528,662,
741,1.2670454545454546,528,663,
742,1.246212121212121,528,664,
744,-2.0,3,665,
745,-1.6666666666666667,3,666,
746,-1.6666666666666667,3,667,
747,-3.0,1,668,
748,-1.0,1,669,
749,-3.0,1,670,
750,0.0,1,671,
751,-1.0,1,672,
752,0.0,1,673,
753,-2.0,1,674,
754,-3.0,1,675,
755,5.0,1,676,
756,-2.0,1,677,
757,-1.0,1,678,
758,-3.0,1,679,
759,1.0,1,680,
760,8.0,1,681,
761,1.0,1,682,
762,-2.0,1,683,
774,-1.0,1,684,
775,0.4211822660098522,406,685,
776,0.9950738916256158,406,686,
777,1.645320197044335,406,687,
778,-0.2363636363636363,55,688,
779,-0.6727272727272727,55,689,
780,-0.3272727272727272,55,690,
781,-0.9636363636363636,55,691,
782,-0.4909090909090909,55,692,
783,0.1818181818181818,55,693,
784,-0.5757575757575758,66,694,
785,0.8623188405797102,276,695,
786,0.7608695652173914,276,696,
787,0.8184615384615385,325,697,
788,0.7834757834757835,351,698,
789,0.083076923076923,325,699,
790,0.792022792022792,351,700,
791,0.2751322751322751,378,701,
792,0.925925925925926,378,702,
793,1.3597883597883598,378,703,
794,0.8412698412698413,378,704,
795,-0.6666666666666666,3,705,
796,-3.0,1,706,
805,0.5290322580645161,465,707,
806,1.0129032258064516,465,708,
807,0.6860215053763441,465,709,
808,0.2021505376344086,465,710,
809,2.3010752688172045,465,711,
810,2.0387096774193547,465,712,
811,1.8386243386243384,378,713,
812,0.0952380952380952,21,714,
813,0.3333333333333333,21,715,
814,0.1428571428571428,21,716,
815,0.1904761904761904,21,717,
816,-0.6190476190476191,21,718,
817,-0.5238095238095238,21,719,
818,0.0952380952380952,21,720,
819,0.3333333333333333,21,721,
820,1.4761904761904765,21,722,
821,-0.5357142857142857,28,723,
822,-0.75,28,724,
823,-0.2142857142857142,28,725,
824,0.4285714285714285,28,726,
825,0.4166666666666667,36,727,
826,1.2043010752688172,465,728,
827,1.5665322580645162,496,729,
828,0.1350806451612903,496,730,
829,-0.002016129032258,496,731,
830,1.6129032258064515,496,732,
831,0.8387096774193549,496,733,
832,0.0688172043010752,465,734,
833,-2.0,1,735,
834,-2.0,1,736,
835,-2.0,1,737,
836,-1.0,1,738,
837,4.0,1,739,
838,0.0,1,740,
839,-1.0,1,741,
840,-2.0,1,742,
841,0.0,1,743,
842,1.0,1,744,
843,-1.0,1,745,
844,-3.0,1,746,
845,0.0,1,747,
846,-1.0,1,748,
847,0.0,1,749,
848,-2.0,1,750,
849,-3.0,1,751,
850,-2.0,1,752,
851,-2.0,1,753,
852,6.0,1,754,
853,2.0,1,755,
854,-3.0,1,756,
855,-2.0,1,757,
856,-2.0,1,758,
857,2.0,1,759,
858,-3.0,1,760,
859,-3.0,1,761,
860,-1.0,1,762,
861,-1.0,1,763,
862,5.0,1,764,
863,-3.0,3,765,
864,-1.3333333333333333,3,766,
865,-2.333333333333333,3,767,
866,1.3333333333333333,3,768,
867,0.9486166007905138,253,769,
868,0.2717391304347826,276,770,
869,-0.1071428571428571,28,771,
870,-0.8333333333333334,36,772,
871,-0.5833333333333334,36,773,
872,0.3611111111111111,36,774,
873,0.3888888888888889,36,775,
874,0.3956989247311828,465,776,
875,0.9153225806451613,496,777,
876,-0.2661290322580645,496,778,
877,0.5967741935483871,496,779,
878,0.8891129032258065,496,780,
879,0.8408602150537634,465,781,
880,1.5397849462365591,465,782,
881,1.3245967741935485,496,783,
882,0.5625,496,784,
883,-0.3366935483870967,496,785,
884,-1.0,105,786,
885,1.3149425287356322,435,787,
892,2.5942028985507246,276,788,
912,2.4670231729055256,561,789,
913,1.032085561497326,561,790,
914,1.228163992869875,561,791,
915,1.6898395721925137,561,792,
916,0.679144385026738,561,793,
917,2.128342245989305,561,794,
918,-0.6666666666666666,3,795,
919,0.0,3,796,
920,1.6666666666666667,3,797,
921,-1.3333333333333333,3,798,
922,2.190730837789661,561,799,
923,2.6041666666666665,528,800,
924,1.0,3,801,
925,-1.3333333333333333,3,802,
926,-0.3333333333333333,3,803,
927,0.6236559139784946,465,804,
928,1.9333333333333331,465,805,
929,0.8559139784946237,465,806,
930,-1.3333333333333333,3,807,
931,-1.6666666666666667,3,808,
932,1.0275862068965518,435,809,
933,2.314942528735632,435,810,
934,-0.5238095238095238,21,811,
935,-1.0714285714285714,28,812,
936,1.1770114942528735,435,813,
937,2.1193181818181817,528,814,
938,0.5321969696969697,528,815,
939,2.122994652406417,561,816,
940,3.871657754010695,561,817,
941,-1.0,3,818,
942,-1.6666666666666667,6,819,
943,-1.5,6,820,
944,-0.8333333333333334,6,821,
945,0.1666666666666666,6,822,
946,2.064516129032258,465,823,
947,1.5526881720430108,465,824,
948,2.193548387096774,465,825,
949,1.8148148148148149,351,826,
950,-0.3,10,827,
951,-1.8,10,828,
952,0.0,6,829,
953,-0.9,10,830,
954,-1.6,10,831,
955,0.2463054187192118,406,832,
956,2.997536945812808,406,833,
957,1.2118226600985222,406,834,
958,-1.4666666666666666,15,835,
959,-1.3333333333333333,6,836,
960,-1.3333333333333333,3,837,
961,0.6666666666666666,3,838,
962,-0.6666666666666666,3,839,
963,0.0,3,840,
964,-1.0,3,841,
965,-1.6666666666666667,3,842,
966,-1.3333333333333333,3,843,
967,-2.6666666666666665,3,844,
968,0.3333333333333333,3,845,
969,-2.6666666666666665,3,846,
970,-1.3333333333333333,3,847,
971,-0.3333333333333333,3,848,
972,-2.333333333333333,3,849,
973,1.0,3,850,
974,0.6666666666666666,3,851,
975,1.6666666666666667,3,852,
976,1.0,1,853,
977,-1.0,1,854,
978,0.4704433497536945,406,855,
979,1.0459770114942528,435,856,
980,2.064367816091954,435,857,
981,-0.128735632183908,435,858,
982,1.0390804597701149,435,859,
983,-0.8666666666666667,15,860,
984,0.5333333333333333,15,861,
985,-1.0952380952380951,21,862,
986,-0.6666666666666666,21,863,
987,-0.6666666666666666,21,864,
988,-0.1071428571428571,28,865,
989,-0.9047619047619048,21,866,
990,-0.3571428571428571,28,867,
991,0.3571428571428571,28,868,
992,-1.0,28,869,
993,-1.1428571428571428,28,870,
994,-0.1785714285714285,28,871,
995,-0.8181818181818182,55,872,
996,-0.0181818181818181,55,873,
997,-0.8545454545454545,55,874,
998,0.0222222222222222,45,875,
999,-0.9333333333333332,45,876,
1000,0.2666666666666666,45,877,
1001,-0.8,45,878,
1002,0.8666666666666667,45,879,
1003,-0.4444444444444444,45,880,
1004,-0.8909090909090909,55,881,
1005,-0.3636363636363636,55,882,
1006,-0.5757575757575758,66,883,
1007,-0.2424242424242424,66,884,
1008,-0.8333333333333334,66,885,
1009,-0.419047619047619,105,886,
1010,-0.1333333333333333,105,887,
1011,-0.1428571428571428,105,888,
1012,-0.125,120,889,
1013,1.1613756613756614,378,890,
1014,3.4497354497354498,378,891,
1015,0.7586206896551724,406,892,
1016,0.4507389162561576,406,893,
1017,0.7093596059113301,406,894,
1018,0.7266009852216748,406,895,
1019,1.1477832512315271,406,896,
1020,1.0246305418719213,406,897,
1021,2.8817733990147785,406,898,
1022,3.9507389162561575,406,899,
1023,3.6296296296296298,378,900,
1024,-3.0,3,901,
1025,1.6666666666666667,3,902,
1026,-0.6666666666666666,3,903,
1027,-1.3333333333333333,6,904,
1028,0.1666666666666666,6,905,
1029,-1.5,6,906,
1030,0.3333333333333333,3,907,
1031,-0.3333333333333333,3,908,
1032,-2.0,3,909,
1033,-1.0,3,910,
1034,-1.0,3,911,
1035,-0.3333333333333333,3,912,
1036,-2.0,3,913,
1037,-2.0,1,914,
1038,-2.0,1,915,
1039,-1.0,1,916,
1040,1.0,1,917,
1041,-2.0,1,918,
1042,-2.0,1,919,
1043,1.0,1,920,
1044,0.0,1,921,
1045,-3.0,1,922,
1046,5.0,1,923,
1047,-3.0,1,924,
1048,0.0,1,925,
1049,-3.0,1,926,
1050,-1.0,1,927,
1051,2.0,1,928,
1052,-2.0,1,929,
1053,1.0,1,930,
1054,-2.0,1,931,
1055,0.0,1,932,
1056,-3.0,1,933,
1057,3.0,1,934,
1058,-1.0,1,935,
1059,-1.0,1,936,
1060,-3.0,1,937,
1061,-4.0,1,938,
1062,-3.0,1,939,
1063,-3.0,1,940,
1064,2.634408602150537,465,941,
1065,0.7397849462365591,465,942,
1066,0.6150537634408603,465,943,
1067,-0.6071428571428571,28,944,
1068,-0.6428571428571429,28,945,
1069,3.2777777777777777,378,946,
1070,0.5582010582010583,378,947,
1071,2.578347578347578,351,948,
1072,2.4643874643874644,351,949,
1073,0.5833333333333334,36,950,
1074,0.0512820512820512,351,951,
1075,1.480295566502463,406,952,
1076,1.8694581280788176,406,953,
1077,-0.0492610837438423,406,954,
1078,1.0147783251231528,406,955,
1079,1.4827586206896552,406,956,
1080,0.5925925925925926,351,957,
1081,1.552706552706553,351,958,
1082,2.173789173789174,351,959,
1083,2.207977207977208,351,960,
1084,3.3266666666666667,300,961,
1085,0.2533333333333333,300,962,
1086,-0.1666666666666666,78,963,
1087,-1.1555555555555554,45,964,
1088,-0.9722222222222222,36,965,
1089,-0.9777777777777776,45,966,
1090,-0.8222222222222222,45,967,
1091,-0.6444444444444445,45,968,
1092,-0.25,36,969,
1093,-0.75,36,970,
1094,-0.4285714285714285,28,971,
1095,-0.3809523809523809,21,972,
1096,-0.9,10,973,
1097,-0.2,10,974,
1098,-1.3,10,975,
1099,-1.8,10,976,
1100,-0.9,10,977,
1101,1.4,10,978,
1102,-0.5,6,979,
1103,-0.1666666666666666,6,980,
1104,-1.0,1,981,
1140,2.3311827956989246,465,982,
1141,2.075268817204301,465,983,
1142,0.6451612903225806,496,984,
1143,1.1733870967741935,496,985,
1150,3.503225806451613,465,986,
1151,-0.1548387096774193,465,987,
1152,0.0,15,988,
1153,4.376344086021505,465,989,
1154,1.5440860215053764,465,990,
1155,1.9591397849462369,465,991,
1185,3.3010752688172045,465,992,
1186,5.339784946236559,465,993,YDF (1186-1188)
1187,4.301075268817204,465,994,YDF (1186-1188)
1188,4.516129032258065,465,995,YDF (1186-1188)
1189,3.367741935483871,465,996,
1190,3.817204301075269,465,997,
1191,1.961290322580645,465,998,
1192,1.5010752688172042,465,999,
1193,0.5182795698924731,465,1000,
1194,1.340725806451613,496,1001,
1195,1.9737903225806448,496,1002,
1196,0.2512315270935961,406,1003,
1197,0.1650246305418719,406,1004,
1198,2.154022988505747,435,1005,
1199,1.6298850574712644,435,1006,
1200,2.128205128205128,351,1007,
1201,1.6137566137566135,378,1008,
1202,0.50997150997151,351,1009,
1203,2.2661290322580645,496,1010,
1204,2.048387096774193,496,1011,
1205,0.3104838709677419,496,1012,
1206,1.1204301075268817,465,1013,
1207,0.7783251231527094,406,1014,
1208,0.2638146167557932,561,1015,
1209,0.2049910873440285,561,1016,
1210,3.1729055258467023,561,1017,Lysine linker (1210-1220)
1211,1.3511586452762925,561,1018,Lysine linker (1210-1220)
1212,2.0120967741935485,496,1019,Lysine linker (1210-1220)
1213,2.435483870967742,496,1020,Lysine linker (1210-1220)
1214,2.622983870967742,496,1021,Lysine linker (1210-1220)
1215,0.6370967741935484,496,1022,Lysine linker (1210-1220)
1216,1.5227272727272727,528,1023,Lysine linker (1210-1220)
1217,1.4090909090909092,528,1024,Lysine linker (1210-1220)
1218,1.837121212121212,528,1025,Lysine linker (1210-1220)
1219,1.3978494623655917,465,1026,Lysine linker (1210-1220)
1220,1.7376344086021505,465,1027,Lysine linker (1210-1220)
1221,1.9729064039408868,406,1028,
1222,-0.1403940886699507,406,1029,
1223,1.415954415954416,351,1030,
1224,2.1396011396011394,351,1031,
1225,1.1540229885057471,435,1032,
1226,3.057471264367816,435,1033,
1227,1.9264367816091956,435,1034,
1228,7.429885057471265,435,1035,
1229,0.8574712643678161,435,1036,
1230,-0.0045977011494252,435,1037,
1231,8.2,435,1038,
1232,1.7763440860215054,465,1039,
1233,4.664516129032258,465,1040,
1234,2.2774193548387096,465,1041,
1235,2.2516129032258063,465,1042,
1236,0.9247311827956988,465,1043,
1237,3.5517241379310347,435,1044,
1238,2.11264367816092,435,1045,
1239,0.4804597701149425,435,1046,
1240,0.593103448275862,435,1047,
1243,3.744086021505376,465,1048,
1244,0.6688172043010753,465,1049,
1245,3.5978494623655912,465,1050,
1246,7.354838709677419,465,1051,
1247,2.464516129032258,465,1052,
1248,3.941935483870968,465,1053,
1249,1.6924731182795698,465,1054,
1251,7.354838709677419,465,1055,
1252,2.419354838709677,465,1056,
1253,2.767741935483871,465,1057,
1254,3.606451612903226,465,1058,
1255,3.8881720430107527,465,1059,
1256,5.858064516129033,465,1060,
1259,4.279569892473118,465,1061,
1260,2.034408602150537,465,1062,
1261,9.0,465,1063,
1262,2.2301075268817203,465,1064,
1263,1.4623655913978495,465,1065,
1264,9.0,465,1066,
1265,1.1741935483870969,465,1067,
1266,3.6731182795698927,465,1068,
1267,0.9806451612903224,465,1069,
1268,6.0,465,1070,
1269,3.0580645161290323,465,1071,
1270,3.1655913978494623,465,1072,
1271,0.4408602150537634,465,1073,
1272,1.4451612903225806,465,1074,
1273,0.4064516129032258,465,1075,
1274,4.0,465,1076,
1275,2.6,465,1077,
1276,4.238709677419354,465,1078,
1277,8.0,465,1079,
1278,1.1548387096774193,465,1080,
1279,4.593548387096774,465,1081,
1280,3.2946236559139783,465,1082,
1282,8.0,465,1083,
1283,2.5268817204301075,465,1084,
1284,6.0,561,1085,
1285,1.818181818181818,561,1086,
1286,3.085561497326203,561,1087,
1287,6.529411764705882,561,1088,
1288,5.566844919786096,561,1089,
1289,2.846702317290553,561,1090,
1290,9.0,561,1091,
1291,0.2869875222816399,561,1092,
1292,-2.0,1,1093,
1293,2.0,1,1094,
1294,0.2067736185383244,561,1095,
1295,9.0,595,1096,
1296,1.453781512605042,595,1097,
1297,1.826890756302521,595,1098,
1298,2.4201680672268906,595,1099,
1299,6.0,595,1100,
1300,1.6605042016806724,595,1101,
1301,3.66218487394958,595,1102,
1302,2.9630252100840337,595,1103,
1303,5.6571428571428575,595,1104,
1304,3.914285714285714,595,1105,
1305,3.5478991596638654,595,1106,
1306,1.480672268907563,595,1107,
1307,3.850420168067227,595,1108,
1308,8.0,595,1109,
1309,0.9294117647058824,595,1110,
1310,4.315508021390374,561,1111,
1318,5.563025210084033,595,1112,
1319,1.9579831932773109,595,1113,
1320,7.371428571428571,595,1114,
1321,4.376470588235295,595,1115,
1322,4.0,1,1116,
1323,5.035294117647059,595,1117,
1324,4.542857142857143,595,1118,
1325,4.667226890756303,595,1119,
1326,6.485714285714286,595,1120,
1327,2.8588235294117648,595,1121,
1328,3.650420168067227,595,1122,
1329,9.0,595,1123,
1330,1.6336134453781512,595,1124,
1331,1.3815126050420168,595,1125,
1332,9.0,595,1126,
1333,4.7327731092436975,595,1127,
1334,5.1042016806722685,595,1128,
1335,2.865546218487395,595,1129,
1336,2.739495798319328,595,1130,
1337,2.8756302521008403,595,1131,
1338,4.166386554621849,595,1132,
1339,1.4184873949579833,595,1133,
1340,3.27563025210084,595,1134,
1341,3.971479500891266,561,1135,
1342,3.882352941176471,561,1136,
1343,3.2406417112299466,561,1137,
1344,4.192513368983957,561,1138,
1345,8.0,561,1139,
1346,1.4545454545454546,561,1140,
1347,3.7611408199643495,561,1141,
1348,1.9714795008912656,561,1142,
1350,8.0,561,1143,
1351,4.636363636363637,528,1144,
1352,6.0,561,1145,
1353,4.590017825311943,561,1146,
1354,4.358288770053476,561,1147,
1355,6.529411764705882,561,1148,
1356,4.406417112299465,561,1149,
1357,3.0445632798573974,561,1150,
1358,9.0,561,1151,
1359,0.6773618538324421,561,1152,
1360,0.4491978609625668,561,1153,
1361,9.0,561,1154,
1362,1.411764705882353,561,1155,
1363,3.7825311942959,561,1156,
1364,3.477718360071301,561,1157,
1365,2.053475935828877,561,1158,
1366,0.7450980392156863,561,1159,
1367,4.333333333333333,561,1160,
1368,2.344028520499109,561,1161,
1369,3.557932263814617,561,1162,
1370,2.8680926916221035,561,1163,
1371,4.0,561,1164,
1372,4.705882352941177,561,1165,
1373,3.502673796791444,561,1166,
1374,8.0,561,1167,
1375,2.24777183600713,561,1168,
1376,-1.0,1,1169,
1377,3.089126559714795,561,1170,
1378,2.0980392156862746,561,1171,
1379,8.0,561,1172,
1381,2.3279857397504458,561,1173,
1382,5.647058823529412,561,1174,
1383,4.590017825311943,561,1175,
1384,4.502673796791444,561,1176,
1385,6.083778966131908,561,1177,
1386,6.251336898395722,561,1178,
1387,3.263814616755793,561,1179,
1388,9.0,561,1180,
1389,0.1871657754010695,561,1181,
1390,0.962566844919786,561,1182,
1391,9.0,561,1183,
1392,2.294117647058824,561,1184,
1393,1.3725490196078431,561,1185,
1394,2.085561497326203,561,1186,
1395,6.0,561,1187,
1396,3.957219251336898,561,1188,
1397,4.023172905525847,561,1189,
1398,2.196078431372549,561,1190,
1399,3.4789915966386555,595,1191,
1400,2.3008403361344536,595,1192,
1401,2.7736185383244205,561,1193,
1402,4.593582887700535,561,1194,
1403,1.7700534759358288,561,1195,
1404,8.0,561,1196,
1405,0.7517241379310344,435,1197,
1406,2.4431818181818183,528,1198,
1407,1.5221774193548387,496,1199,
1408,1.3709677419354838,496,1200,
1409,5.483065953654189,561,1201,
1410,2.2291666666666665,528,1202,
1411,0.7254901960784313,561,1203,
1412,1.8270944741532975,561,1204,
1413,0.3850267379679144,561,1205,
1414,2.5828877005347595,561,1206,
1415,1.303225806451613,465,1207,
1416,4.167557932263815,561,1208,
1417,1.2335115864527628,561,1209,
1418,9.0,561,1210,
1419,1.570409982174688,561,1211,
1420,1.299465240641711,561,1212,
1421,9.0,561,1213,
1422,1.0962566844919786,561,1214,
1423,2.251336898395722,561,1215,
1424,0.8841354723707665,561,1216,
1425,1.3493761140819964,561,1217,
1426,1.572192513368984,561,1218,
1427,4.026737967914438,561,1219,
1428,3.8110516934046346,561,1220,
1429,2.122994652406417,561,1221,
1430,4.61319073083779,561,1222,
1431,3.882352941176471,561,1223,
1432,0.8467023172905526,561,1224,
1433,1.4385026737967914,561,1225,
1434,8.0,561,1226,
1435,1.5793226381461676,561,1227,
1436,3.146167557932264,561,1228,
1464,3.8649193548387095,496,1229,
1465,0.998217468805704,561,1230,
1466,8.0,561,1231,
1467,1.9019607843137252,561,1232,
1468,-0.0552584670231729,561,1233,
1473,2.4526315789473685,190,1234,
1474,2.6827094474153297,561,1235,
1475,1.2210338680926915,561,1236,
1476,0.5008912655971479,561,1237,
1477,0.2049910873440285,561,1238,
1478,1.4884135472370768,561,1239,
1479,8.235294117647058,561,1240,
1480,2.805704099821747,561,1241,
1481,2.591800356506239,561,1242,
1482,7.846702317290553,561,1243,
1483,1.3333333333333333,528,1244,
1484,0.5189393939393939,528,1245,
1485,0.9753787878787878,528,1246,
1486,4.8731060606060606,528,1247,
1487,1.619318181818182,528,1248,
1488,2.5416666666666665,528,1249,
1489,3.428030303030303,528,1250,
1490,3.933712121212121,528,1251,
1491,0.918560606060606,528,1252,
1492,1.5378787878787878,528,1253,
1493,0.3693181818181818,528,1254,
1494,1.3143939393939394,528,1255,
1495,7.411764705882353,561,1256,
1496,1.1586452762923352,561,1257,
1497,3.033868092691622,561,1258,
1498,1.946524064171123,561,1259,
1499,6.8431372549019605,561,1260,
1500,1.0998217468805704,561,1261,
1571,1.807486631016043,561,1262,
1572,-3.0,1,1263,
1573,3.776515151515152,528,1264,
1574,4.352272727272728,528,1265,
1575,0.9261363636363636,528,1266,
1601,0.0,1,1267,
1602,4.477272727272728,528,1268,
1603,2.8484848484848486,528,1269,
1604,7.691287878787879,528,1270,
1605,2.941287878787879,528,1271,
1606,0.1818181818181818,528,1272,
1607,7.6875,528,1273,
1608,0.7036290322580645,496,1274,
1609,-1.0,1,1275,
1610,0.0,1,1276,
1611,4.941287878787879,528,1277,
1612,1.740530303030303,528,1278,
1613,2.2803030303030303,528,1279,
1614,0.4734848484848485,528,1280,
1615,1.7540322580645162,496,1281,
1616,1.7540322580645162,496,1282,
1617,1.0,1,1283,
1618,-1.0,1,1284,
1619,3.6704545454545454,528,1285,
1620,5.4602272727272725,528,1286,
1621,2.7291666666666665,528,1287,
1622,0.5294117647058824,561,1288,
1623,0.6648841354723708,561,1289,
1624,6.484848484848484,528,1290,
1625,1.3825757575757576,528,1291,
1626,2.301136363636364,528,1292,
1627,0.8371212121212122,528,1293,
1628,7.047348484848484,528,1294,
1629,4.009469696969697,528,1295,
1630,2.9640151515151514,528,1296,
1631,4.089015151515151,528,1297,
1632,3.579322638146168,561,1298,
1633,5.516934046345811,561,1299,
1634,3.522281639928699,561,1300,
1635,0.4438502673796791,561,1301,
1636,7.174688057040998,561,1302,
1637,0.2584670231729055,561,1303,
1638,0.4420677361853832,561,1304,
1639,6.912655971479501,561,1305,
1640,2.1532976827094474,561,1306,
1641,2.055258467023173,561,1307,
1642,1.8342245989304813,561,1308,
1643,5.021390374331551,561,1309,
1644,2.736185383244207,561,1310,
1645,2.983957219251337,561,1311,
1646,2.9251336898395723,561,1312,
1647,2.382575757575758,528,1313,
1648,2.125,528,1314,
1649,3.625,496,1315,
1650,1.3286290322580645,496,1316,
1651,0.4,465,1317,
1652,8.0,496,1318,
1659,1.606896551724138,435,1319,
1660,1.0,3,1320,
1661,-2.0,1,1321,
1662,-1.0,1,1322,
1663,-1.0,1,1323,
1664,1.0,1,1324,
1665,-3.0,1,1325,
1666,-1.0,1,1326,
1667,-3.0,1,1327,
1668,2.443010752688172,465,1328,
1685,1.2076612903225807,496,1329,
1686,3.2056451612903225,496,1330,
1687,6.445564516129032,496,1331,
1693,-1.0,1,1332,
1694,0.0,1,1333,
1695,2.7440860215053764,465,1334,
1696,3.619354838709677,465,1335,
1697,1.5311827956989248,465,1336,
1698,2.6688172043010754,465,1337,
1699,0.0,3,1338,
1700,1.4559139784946236,465,1339,
1701,3.610752688172043,465,1340,
1702,0.6494623655913978,465,1341,
1703,-0.238095238095238,21,1342,
1704,4.714285714285714,21,1343,
1705,2.7142857142857144,21,1344,
1706,2.523809523809524,21,1345,
1707,4.333333333333333,36,1346,
1708,0.6799242424242424,528,1347,
1709,2.246212121212121,528,1348,
1710,0.1174242424242424,528,1349,
1711,6.705882352941177,561,1350,
1712,0.7967914438502673,561,1351,
1713,0.9679144385026738,561,1352,
1714,6.340463458110517,561,1353,
1715,0.6221033868092691,561,1354,
1716,3.053475935828877,561,1355,
1717,0.9714795008912656,561,1356,
1718,5.612903225806452,465,1357,
1719,2.1225806451612903,465,1358,
1720,2.780241935483871,496,1359,
1721,2.571969696969697,528,1360,
1732,1.3672014260249554,561,1361,
1733,1.8520499108734405,561,1362,
1734,2.8680926916221035,561,1363,
1735,-0.1836007130124777,561,1364,
1736,1.497326203208556,561,1365,
1737,5.973262032085562,561,1366,
1738,0.1390374331550802,561,1367,
1739,-2.0,1,1368,
1740,0.0,1,1369,
1741,8.0,1,1370,
1742,5.0,1,1371,
1743,6.0,1,1372,
1744,5.0,1,1373,
1745,5.0,1,1374,
1746,7.0,1,1375,
1747,7.0,1,1376,
1748,2.0,1,1377,
1749,9.0,1,1378,
1750,2.812169312169312,378,1379,
1751,0.5,496,1380,
1752,2.850806451612903,496,1381,
1753,-0.2237903225806451,496,1382,
1754,0.1,10,1383,
1755,0.1,10,1384,
1756,-0.3333333333333333,6,1385,
1757,2.0,6,1386,
1758,1.5,6,1387,
1759,-1.6666666666666667,6,1388,
1760,-1.3333333333333333,6,1389,
1761,1.560483870967742,496,1390,
1762,0.6528735632183909,435,1391,
1763,0.9149425287356322,435,1392,
1764,0.3568548387096774,496,1393,
1765,-0.4556451612903225,496,1394,
1766,0.2651515151515151,528,1395,
1767,0.0871212121212121,528,1396,
1768,1.4583333333333333,528,1397,
1769,1.191287878787879,528,1398,
1770,0.0700757575757575,528,1399,
1771,0.0568181818181818,528,1400,
1772,0.6612903225806451,496,1401,
1773,0.3571428571428571,28,1402,
1774,0.2077922077922078,231,1403,
1775,1.3852813852813852,231,1404,
1776,0.6666666666666666,3,1405,
1777,-2.333333333333333,3,1406,
1778,0.0,3,1407,
1779,-1.0,1,1408,
1780,4.0,1,1409,
1781,-1.0,1,1410,
1782,-1.0,1,1411,
1783,0.2644927536231884,276,1412,
1784,-0.4232804232804232,378,1413,
1785,1.5738916256157636,406,1414,
1786,0.5246305418719212,406,1415,
1787,3.2980295566502464,406,1416,
1788,1.6576354679802956,406,1417,
1789,1.980295566502463,406,1418,
1790,1.1970443349753694,406,1419,
1791,2.103448275862069,406,1420,
1792,1.032183908045977,435,1421,
1793,1.3770114942528735,435,1422,
1794,-1.0,1,1423,
1795,2.0,1,1424,
1796,1.0,1,1425,
1797,6.0,1,1426,
1798,0.1310344827586207,435,1427,
1799,0.3620689655172414,406,1428,
1800,0.3121693121693121,378,1429,
1801,-0.7205882352941176,136,1430,
1802,-1.25,28,1431,
1803,0.0952380952380952,21,1432,
1804,-0.0476190476190476,21,1433,
1805,-1.5714285714285714,21,1434,
1806,-0.8571428571428571,28,1435,
1807,-0.7948717948717948,78,1436,
1808,0.2594696969696969,528,1437,
1809,1.1799242424242424,528,1438,
1810,0.1534090909090909,528,1439,
1811,0.2651515151515151,528,1440,
1812,2.2954545454545454,528,1441,
1813,0.4242424242424242,528,1442,
1814,2.0689655172413794,435,1443,
1815,0.4242424242424242,528,1444,
1816,0.4981060606060606,528,1445,
1817,-0.5700757575757576,528,1446,
1818,1.456439393939394,528,1447,
1834,-2.0,1,1448,
1835,-2.0,1,1449,
1836,0.0,1,1450,
1837,4.0,1,1451,
1838,0.0,1,1452,
1839,1.0,1,1453,
1840,5.0,1,1454,
1841,0.0,1,1455,
1842,-3.0,1,1456,
1843,-3.0,1,1457,
1844,1.0,1,1458,
1845,0.7765151515151515,528,1459,
1846,0.5776515151515151,528,1460,
1847,-0.2196969696969697,528,1461,
1848,0.9848484848484848,528,1462,
1849,1.568181818181818,528,1463,
1850,0.1496212121212121,528,1464,
1851,1.9678030303030305,528,1465,
1852,-0.5,36,1466,
1853,0.3333333333333333,21,1467,
1854,0.0476190476190476,21,1468,
1855,1.5714285714285714,21,1469,
1856,-0.2857142857142857,21,1470,
1857,1.1428571428571428,21,1471,
1858,-0.9523809523809524,21,1472,
1859,0.5714285714285714,21,1473,
1860,0.5238095238095238,21,1474,
1861,1.871264367816092,435,1475,
1862,0.8988505747126436,435,1476,
1863,0.5,10,1477,
1864,-0.3,10,1478,
1865,0.2580645161290322,496,1479,
1866,0.9254032258064516,496,1480,
1867,-0.1532258064516129,496,1481,
1868,-0.2479838709677419,496,1482,
1869,1.1633064516129032,496,1483,
1870,1.244318181818182,528,1484,
1871,0.428030303030303,528,1485,
1872,1.4488636363636365,528,1486,
1873,0.5483870967741935,496,1487,
1874,0.7116402116402116,378,1488,
1875,1.2989417989417988,378,1489,
1876,0.6552706552706553,351,1490,
1877,-0.4615384615384615,78,1491,
1878,-0.9393939393939394,66,1492,
1879,-0.7878787878787878,66,1493,
1880,-0.4696969696969697,66,1494,
1881,-0.5454545454545454,66,1495,
1882,-0.1025641025641025,78,1496,
1883,0.0256410256410256,78,1497,
1884,-0.4952380952380952,105,1498,
1885,-0.4417989417989418,378,1499,
1886,1.9334975369458127,406,1500,
1887,6.0,1,1501,
1888,-2.0,1,1502,
1889,0.0,1,1503,
1890,-0.1129032258064516,496,1504,
1891,-0.2338709677419354,496,1505,
1892,-0.2600806451612903,496,1506,
1893,0.5564516129032258,496,1507,
1894,-0.2862903225806452,496,1508,
1895,3.0705645161290325,496,1509,
1900,-1.0,1,1510,
1901,-1.0,1,1511,
1902,-2.0,1,1512,
1903,-1.0,1,1513,
1904,1.719758064516129,496,1514,
1905,1.2016129032258065,496,1515,
1906,-0.0403225806451612,496,1516,
1907,2.1754032258064515,496,1517,
1908,0.7258064516129032,496,1518,
1909,1.303225806451613,465,1519,
1910,1.3849462365591398,465,1520,
1911,2.07741935483871,465,1521,
1912,1.6838709677419357,465,1522,
1913,1.5591397849462365,465,1523,
1914,3.1763440860215053,465,1524,
1915,0.2279569892473118,465,1525,
1916,0.0,1,1526,
1917,7.0,1,1527,
1918,-1.0,1,1528,
1919,-4.0,1,1529,
1920,0.0,1,1530,
1921,-3.0,1,1531,
1922,-4.0,1,1532,
1923,0.0,1,1533,
1924,1.0,1,1534,
1925,-1.0,1,1535,
1926,0.0,1,1536,
1927,-1.0,1,1537,
1928,0.0,1,1538,
1929,7.0,1,1539,
1930,0.0,1,1540,
1931,0.0,1,1541,
1932,1.0,1,1542,
1933,-1.3333333333333333,3,1543,
1934,4.0,3,1544,
1935,-1.6666666666666667,3,1545,
1936,0.3121693121693121,378,1546,
1937,-0.1102941176470588,136,1547,
1938,0.0566666666666666,300,1548,
1939,-1.25,28,1549,
1940,-0.6785714285714286,28,1550,
1941,-0.4285714285714285,28,1551,
1942,-0.6785714285714286,28,1552,
1943,-0.1666666666666666,36,1553,
1944,-1.2121212121212122,66,1554,
1945,0.6129032258064516,465,1555,
1946,-0.1612903225806451,465,1556,
1947,-0.2666666666666666,465,1557,
1948,0.8503787878787878,528,1558,
1949,0.7348484848484849,528,1559,
1950,-0.740530303030303,528,1560,
1951,0.0666666666666666,465,1561,
1952,0.010752688172043,465,1562,
1953,-0.1988636363636363,528,1563,
1954,0.2481060606060606,528,1564,
1955,-0.2897727272727273,528,1565,
1956,1.7253787878787878,528,1566,
1957,1.418560606060606,528,1567,
1958,0.8276515151515151,528,1568,
1959,1.8636363636363635,528,1569,
1960,1.643939393939394,528,1570,
1961,0.5075757575757576,528,1571,
1962,0.2963709677419355,496,1572,
1963,-0.0545454545454545,55,1573,
1964,-0.2,55,1574,
1965,-0.8545454545454545,55,1575,
1966,1.8363636363636364,55,1576,
1967,-0.4727272727272727,55,1577,
1968,0.7520161290322581,496,1578,
1969,-1.2,15,1579,
1970,-0.1333333333333333,15,1580,
1971,-1.6666666666666667,15,1581,
1972,-1.5,10,1582,
1973,1.0909090909090908,528,1583,
1974,0.0625,528,1584,
1975,0.5685483870967742,496,1585,
1976,0.6645161290322581,465,1586,
1977,1.0236559139784946,465,1587,
1978,0.8258064516129032,465,1588,
1979,0.1010752688172043,465,1589,
1980,-0.2903225806451613,465,1590,
1981,-0.064516129032258,465,1591,
1982,-0.8571428571428571,105,1592,
1983,-0.7564102564102564,78,1593,
1984,-0.3636363636363636,66,1594,
1985,-1.1363636363636365,66,1595,
1986,-0.2727272727272727,66,1596,
1987,0.3555555555555555,45,1597,
1988,-0.4444444444444444,45,1598,
1989,-0.0444444444444444,45,1599,
1990,0.7777777777777778,45,1600,
1991,-0.8888888888888888,45,1601,
1992,1.0,36,1602,
1993,-0.9444444444444444,36,1603,
1994,-0.5,36,1604,
1995,-0.4642857142857143,28,1605,
1996,-0.0952380952380952,21,1606,
1997,0.4761904761904761,21,1607,
1998,0.8571428571428571,21,1608,
1999,0.6666666666666666,21,1609,
2000,0.1333333333333333,15,1610,
2001,3.333333333333333,15,1611,
2002,0.1333333333333333,15,1612,
2003,0.6,15,1613,
2004,1.0666666666666669,15,1614,
2005,0.7333333333333333,15,1615,
2006,1.7,10,1616,
2007,0.6,10,1617,
2008,1.1,10,1618,
2009,1.6,10,1619,
2010,0.0,10,1620,
2011,-0.2,10,1621,
2012,-1.4,10,1622,
2013,0.6,10,1623,
2014,1.0,1,1624,
2015,-2.0,1,1625,
2016,0.0,1,1626,
2017,0.0,1,1627,
2018,0.0,1,1628,
2019,-1.0,1,1629,
2020,0.0,1,1630,
2021,-4.0,1,1631,
2022,0.0,1,1632,
2023,-2.0,1,1633,
3064,0.5,6,1634,
3065,3.0,6,1635,
3066,0.6666666666666666,3,1636,
3067,2.0,1,1637,
3069,0.3579545454545454,528,1638,
3070,0.4450757575757575,528,1639,
3071,0.0416666666666666,528,1640,
3072,1.6401515151515151,528,1641,
3073,0.1344696969696969,528,1642,
3074,1.8977272727272727,528,1643,
3075,0.0681818181818181,528,1644,
3076,1.2513368983957218,561,1645,
3077,-0.2620320855614973,561,1646,
3078,-0.4402852049910873,561,1647,
3079,0.2121212121212121,528,1648,
3080,0.7701612903225806,496,1649,
3081,-1.0666666666666669,15,1650,
3082,-1.5333333333333334,15,1651,
3083,0.1666666666666666,6,1652,
3084,-2.0,6,1653,
3085,-2.5,6,1654,
3086,-1.8333333333333333,6,1655,
3087,1.1666666666666667,6,1656,
3088,-0.0189393939393939,528,1657,
3089,1.3977272727272727,528,1658,
3090,0.3996212121212121,528,1659,
3091,0.8371212121212122,528,1660,
3092,-0.2727272727272727,55,1661,
3093,0.1272727272727272,55,1662,
3094,-0.3454545454545454,55,1663,
3095,-0.2181818181818181,55,1664,
3096,-0.6909090909090909,55,1665,
3097,-0.7555555555555555,45,1666,
3098,-0.2129032258064516,465,1667,
3099,0.2623655913978495,465,1668,
3100,-0.1311827956989247,465,1669,
3101,0.1439393939393939,528,1670,
3102,-0.3903743315508021,561,1671,
3103,-0.4772727272727273,528,1672,
3104,2.071301247771836,561,1673,
3105,0.5062388591800356,561,1674,
3106,1.115530303030303,528,1675,
3141,-1.0,1,1676,
3142,-1.0,1,1677,
3143,-2.0,1,1678,
3144,-2.0,1,1679,
3145,-1.0,1,1680,
3146,0.0,1,1681,
3147,1.0,1,1682,
3148,-2.333333333333333,3,1683,
3149,-1.6666666666666667,3,1684,
3150,-0.3333333333333333,3,1685,
3151,1.0,3,1686,
3152,-1.3333333333333333,3,1687,
3153,-2.6666666666666665,3,1688,
3154,1.0,3,1689,
3155,-2.0,3,1690,
3156,-1.1666666666666667,6,1691,
3157,-1.0,6,1692,
3158,-1.3333333333333333,6,1693,
3159,-0.3333333333333333,6,1694,
3160,-1.5,6,1695,
3161,0.5,6,1696,
3162,-1.6666666666666667,6,1697,
3163,-0.9,10,1698,
3164,-0.8,10,1699,
3165,0.0,10,1700,
3166,-0.6666666666666666,21,1701,
3167,-1.3928571428571428,28,1702,
3168,0.9515669515669516,351,1703,
3169,1.4301994301994303,351,1704,
3170,3.3504273504273505,351,1705,
3171,0.8994708994708994,378,1706,
3172,0.8809523809523809,378,1707,
3178,4.049230769230769,325,1708,
3179,3.436923076923077,325,1709,
3243,1.2116935483870968,496,1710,
3244,1.1209677419354838,496,1711,
3245,1.25,528,1712,
3246,0.3870967741935484,496,1713,
3247,1.5725806451612905,496,1714,
3248,1.0524193548387095,496,1715,
3249,1.9241379310344828,435,1716,
3250,1.3916256157635467,406,1717,
3251,-0.9743589743589745,78,1718,
3252,-0.5333333333333333,45,1719,
3253,-1.2777777777777777,36,1720,
3254,-0.8888888888888888,36,1721,
3255,0.0952380952380952,21,1722,
3256,-0.4666666666666667,15,1723,
3257,-1.4,15,1724,
3258,-0.8666666666666667,15,1725,
3259,-0.8,10,1726,
3260,-0.7,10,1727,
3261,1.1,10,1728,
3262,-0.5,10,1729,
3263,0.1,10,1730,
3264,0.1,10,1731,
3265,-0.9,10,1732,
3266,-0.9,10,1733,
3267,-0.9,10,1734,
3268,-1.4,10,1735,
3269,-2.5,6,1736,
3270,0.5,6,1737,
3271,-1.1666666666666667,6,1738,
3272,-1.1666666666666667,6,1739,
3273,-1.1666666666666667,6,1740,
3274,-0.3333333333333333,6,1741,
3275,1.3333333333333333,3,1742,
3276,1.6666666666666667,3,1743,
3277,2.333333333333333,3,1744,
3278,-0.3333333333333333,3,1745,
3279,1.0,3,1746,
3280,-2.333333333333333,3,1747,
3281,-2.6666666666666665,3,1748,
3282,0.0,3,1749,
3283,-1.0,3,1750,
3284,-0.3333333333333333,3,1751,
3285,-1.0,3,1752,
3286,-2.0,3,1753,
3287,-1.0,3,1754,
3288,-1.0,3,1755,
3289,-3.0,3,1756,
3290,-0.6666666666666666,3,1757,
3291,-1.3333333333333333,3,1758,
3292,-1.0,3,1759,
3293,0.6666666666666666,3,1760,
3294,-1.6666666666666667,3,1761,
3295,-1.3333333333333333,3,1762,
3296,-3.0,3,1763,
3297,-1.3333333333333333,3,1764,
3298,0.0,3,1765,
3299,-0.6666666666666666,3,1766,
3300,-2.6666666666666665,3,1767,
3301,-1.6666666666666667,3,1768,
3302,-0.6666666666666666,3,1769,
3303,1.0,3,1770,
3304,-2.0,3,1771,
3305,-1.0,3,1772,
3306,-1.0,1,1773,
3307,0.0,1,1774,
3308,-2.0,1,1775,
3309,-1.0,1,1776,
3310,3.0,1,1777,
3311,-1.0,1,1778,
3312,-2.0,1,1779,
3313,-2.0,1,1780,
3314,2.0,1,1781,
3315,-1.0,1,1782,
3316,0.0,1,1783,
3317,1.0,1,1784,
3318,0.0,1,1785,
3319,1.0,1,1786,
3320,-1.0,1,1787,
