col_index,gap_frac,nongap_n,keep,cons_similarity,cons_identity,cons_entropy22,cons_entropy_nogap
1,1.0,0,False,,,,
2,1.0,0,False,,,,
3,1.0,0,False,,,,
4,1.0,0,False,,,,
5,1.0,0,False,,,,
6,1.0,0,False,,,,
7,1.0,0,False,,,,
8,1.0,0,False,,,,
9,1.0,0,False,,,,
10,1.0,0,False,,,,
11,1.0,0,False,,,,
12,1.0,0,False,,,,
13,1.0,0,False,,,,
14,1.0,0,False,,,,
15,1.0,0,False,,,,
16,1.0,0,False,,,,
17,1.0,0,False,,,,
18,1.0,0,False,,,,
19,1.0,0,False,,,,
20,1.0,0,False,,,,
21,1.0,0,False,,,,
22,1.0,0,False,,,,
23,1.0,0,False,,,,
24,1.0,0,False,,,,
25,1.0,0,False,,,,
26,1.0,0,False,,,,
27,1.0,0,False,,,,
28,1.0,0,False,,,,
29,1.0,0,False,,,,
30,1.0,0,False,,,,
31,1.0,0,False,,,,
32,1.0,0,False,,,,
33,1.0,0,False,,,,
34,1.0,0,False,,,,
35,1.0,0,False,,,,
36,1.0,0,False,,,,
37,1.0,0,False,,,,
38,1.0,0,False,,,,
39,1.0,0,False,,,,
40,1.0,0,False,,,,
41,1.0,0,False,,,,
42,1.0,0,False,,,,
43,1.0,0,False,,,,
44,1.0,0,False,,,,
45,1.0,0,False,,,,
46,1.0,0,False,,,,
47,1.0,0,False,,,,
48,1.0,0,False,,,,
49,1.0,0,False,,,,
50,1.0,0,False,,,,
51,1.0,0,False,,,,
52,1.0,0,False,,,,
53,1.0,0,False,,,,
54,1.0,0,False,,,,
55,1.0,0,False,,,,
56,1.0,0,False,,,,
57,1.0,0,False,,,,
58,1.0,0,False,,,,
59,1.0,0,False,,,,
60,1.0,0,False,,,,
61,1.0,0,False,,,,
62,1.0,0,False,,,,
63,1.0,0,False,,,,
64,1.0,0,False,,,,
65,1.0,0,False,,,,
66,1.0,0,False,,,,
67,1.0,0,False,,,,
68,1.0,0,False,,,,
69,1.0,0,False,,,,
70,1.0,0,False,,,,
71,1.0,0,False,,,,
72,1.0,0,False,,,,
73,1.0,0,False,,,,
74,1.0,0,False,,,,
75,1.0,0,False,,,,
76,1.0,0,False,,,,
77,1.0,0,False,,,,
78,1.0,0,False,,,,
79,1.0,0,False,,,,
80,1.0,0,False,,,,
81,1.0,0,False,,,,
82,1.0,0,False,,,,
83,1.0,0,False,,,,
84,1.0,0,False,,,,
85,1.0,0,False,,,,
86,1.0,0,False,,,,
87,1.0,0,False,,,,
88,1.0,0,False,,,,
89,1.0,0,False,,,,
90,1.0,0,False,,,,
91,1.0,0,False,,,,
92,1.0,0,False,,,,
93,1.0,0,False,,,,
94,1.0,0,False,,,,
95,1.0,0,False,,,,
96,1.0,0,False,,,,
97,1.0,0,False,,,,
98,1.0,0,False,,,,
99,1.0,0,False,,,,
100,1.0,0,False,,,,
101,1.0,0,False,,,,
102,1.0,0,False,,,,
103,1.0,0,False,,,,
104,1.0,0,False,,,,
105,1.0,0,False,,,,
106,1.0,0,False,,,,
107,1.0,0,False,,,,
108,1.0,0,False,,,,
109,1.0,0,False,,,,
110,1.0,0,False,,,,
111,1.0,0,False,,,,
112,1.0,0,False,,,,
113,1.0,0,False,,,,
114,1.0,0,False,,,,
115,1.0,0,False,,,,
116,1.0,0,False,,,,
117,1.0,0,False,,,,
118,1.0,0,False,,,,
119,1.0,0,False,,,,
120,1.0,0,False,,,,
121,1.0,0,False,,,,
122,1.0,0,False,,,,
123,1.0,0,False,,,,
124,1.0,0,False,,,,
125,1.0,0,False,,,,
126,1.0,0,False,,,,
127,1.0,0,False,,,,
128,1.0,0,False,,,,
129,1.0,0,False,,,,
130,1.0,0,False,,,,
131,1.0,0,False,,,,
132,1.0,0,False,,,,
133,1.0,0,False,,,,
134,1.0,0,False,,,,
135,1.0,0,False,,,,
136,1.0,0,False,,,,
137,1.0,0,False,,,,
138,1.0,0,False,,,,
139,1.0,0,False,,,,
140,1.0,0,False,,,,
141,1.0,0,False,,,,
142,1.0,0,False,,,,
143,1.0,0,False,,,,
144,1.0,0,False,,,,
145,1.0,0,False,,,,
146,1.0,0,False,,,,
147,1.0,0,False,,,,
148,1.0,0,False,,,,
149,1.0,0,False,,,,
150,1.0,0,False,,,,
151,1.0,0,False,,,,
152,1.0,0,False,,,,
153,1.0,0,False,,,,
154,1.0,0,False,,,,
155,1.0,0,False,,,,
156,1.0,0,False,,,,
157,1.0,0,False,,,,
158,1.0,0,False,,,,
159,1.0,0,False,,,,
160,1.0,0,False,,,,
161,1.0,0,False,,,,
162,1.0,0,False,,,,
163,1.0,0,False,,,,
164,1.0,0,False,,,,
165,1.0,0,False,,,,
166,1.0,0,False,,,,
167,1.0,0,False,,,,
168,1.0,0,False,,,,
169,1.0,0,False,,,,
170,1.0,0,False,,,,
171,1.0,0,False,,,,
172,1.0,0,False,,,,
173,1.0,0,False,,,,
174,1.0,0,False,,,,
175,1.0,0,False,,,,
176,1.0,0,False,,,,
177,1.0,0,False,,,,
178,1.0,0,False,,,,
179,1.0,0,False,,,,
180,1.0,0,False,,,,
181,1.0,0,False,,,,
182,1.0,0,False,,,,
183,1.0,0,False,,,,
184,1.0,0,False,,,,
185,1.0,0,False,,,,
186,1.0,0,False,,,,
187,1.0,0,False,,,,
188,1.0,0,False,,,,
189,1.0,0,False,,,,
190,1.0,0,False,,,,
191,1.0,0,False,,,,
192,1.0,0,False,,,,
193,1.0,0,False,,,,
194,1.0,0,False,,,,
195,1.0,0,False,,,,
196,1.0,0,False,,,,
197,1.0,0,False,,,,
198,1.0,0,False,,,,
199,1.0,0,False,,,,
200,1.0,0,False,,,,
201,1.0,0,False,,,,
202,1.0,0,False,,,,
203,1.0,0,False,,,,
204,1.0,0,False,,,,
205,1.0,0,False,,,,
206,1.0,0,False,,,,
207,1.0,0,False,,,,
208,1.0,0,False,,,,
209,1.0,0,False,,,,
210,1.0,0,False,,,,
211,1.0,0,False,,,,
212,1.0,0,False,,,,
213,1.0,0,False,,,,
214,1.0,0,False,,,,
215,1.0,0,False,,,,
216,1.0,0,False,,,,
217,1.0,0,False,,,,
218,1.0,0,False,,,,
219,1.0,0,False,,,,
220,1.0,0,False,,,,
221,1.0,0,False,,,,
222,1.0,0,False,,,,
223,1.0,0,False,,,,
224,1.0,0,False,,,,
225,1.0,0,False,,,,
226,1.0,0,False,,,,
227,1.0,0,False,,,,
228,1.0,0,False,,,,
229,1.0,0,False,,,,
230,1.0,0,False,,,,
231,1.0,0,False,,,,
232,1.0,0,False,,,,
233,1.0,0,False,,,,
234,1.0,0,False,,,,
235,1.0,0,False,,,,
236,1.0,0,False,,,,
237,1.0,0,False,,,,
238,1.0,0,False,,,,
239,1.0,0,False,,,,
240,1.0,0,False,,,,
241,1.0,0,False,,,,
242,1.0,0,False,,,,
243,1.0,0,False,,,,
244,1.0,0,False,,,,
245,1.0,0,False,,,,
246,1.0,0,False,,,,
247,1.0,0,False,,,,
248,1.0,0,False,,,,
249,1.0,0,False,,,,
250,1.0,0,False,,,,
251,1.0,0,False,,,,
252,1.0,0,False,,,,
253,1.0,0,False,,,,
254,1.0,0,False,,,,
255,1.0,0,False,,,,
256,1.0,0,False,,,,
257,1.0,0,False,,,,
258,1.0,0,False,,,,
259,1.0,0,False,,,,
260,1.0,0,False,,,,
261,1.0,0,False,,,,
262,1.0,0,False,,,,
263,1.0,0,False,,,,
264,1.0,0,False,,,,
265,1.0,0,False,,,,
266,1.0,0,False,,,,
267,1.0,0,False,,,,
268,1.0,0,False,,,,
269,1.0,0,False,,,,
270,1.0,0,False,,,,
271,1.0,0,False,,,,
272,1.0,0,False,,,,
273,1.0,0,False,,,,
274,1.0,0,False,,,,
275,1.0,0,False,,,,
276,1.0,0,False,,,,
277,1.0,0,False,,,,
278,1.0,0,False,,,,
279,1.0,0,False,,,,
280,1.0,0,False,,,,
281,1.0,0,False,,,,
282,1.0,0,False,,,,
283,1.0,0,False,,,,
284,1.0,0,False,,,,
285,1.0,0,False,,,,
286,1.0,0,False,,,,
287,1.0,0,False,,,,
288,1.0,0,False,,,,
289,1.0,0,False,,,,
290,1.0,0,False,,,,
291,1.0,0,False,,,,
292,1.0,0,False,,,,
293,1.0,0,False,,,,
294,1.0,0,False,,,,
295,1.0,0,False,,,,
296,1.0,0,False,,,,
297,1.0,0,False,,,,
298,1.0,0,False,,,,
299,1.0,0,False,,,,
300,1.0,0,False,,,,
301,1.0,0,False,,,,
302,1.0,0,False,,,,
303,1.0,0,False,,,,
304,1.0,0,False,,,,
305,1.0,0,False,,,,
306,1.0,0,False,,,,
307,1.0,0,False,,,,
308,1.0,0,False,,,,
309,1.0,0,False,,,,
310,1.0,0,False,,,,
311,1.0,0,False,,,,
312,1.0,0,False,,,,
313,1.0,0,False,,,,
314,1.0,0,False,,,,
315,1.0,0,False,,,,
316,1.0,0,False,,,,
317,1.0,0,False,,,,
318,1.0,0,False,,,,
319,1.0,0,False,,,,
320,1.0,0,False,,,,
321,1.0,0,False,,,,
322,1.0,0,False,,,,
323,1.0,0,False,,,,
324,1.0,0,False,,,,
325,1.0,0,False,,,,
326,1.0,0,False,,,,
327,1.0,0,False,,,,
328,1.0,0,False,,,,
329,1.0,0,False,,,,
330,1.0,0,False,,,,
331,1.0,0,False,,,,
332,1.0,0,False,,,,
333,1.0,0,False,,,,
334,1.0,0,False,,,,
335,1.0,0,False,,,,
336,1.0,0,False,,,,
337,1.0,0,False,,,,
338,1.0,0,False,,,,
339,1.0,0,False,,,,
340,1.0,0,False,,,,
341,1.0,0,False,,,,
342,1.0,0,False,,,,
343,1.0,0,False,,,,
344,1.0,0,False,,,,
345,1.0,0,False,,,,
346,1.0,0,False,,,,
347,1.0,0,False,,,,
348,1.0,0,False,,,,
349,1.0,0,False,,,,
350,1.0,0,False,,,,
351,1.0,0,False,,,,
352,1.0,0,False,,,,
353,1.0,0,False,,,,
354,1.0,0,False,,,,
355,1.0,0,False,,,,
356,1.0,0,False,,,,
357,1.0,0,False,,,,
358,1.0,0,False,,,,
359,1.0,0,False,,,,
360,1.0,0,False,,,,
361,1.0,0,False,,,,
362,1.0,0,False,,,,
363,1.0,0,False,,,,
364,1.0,0,False,,,,
365,1.0,0,False,,,,
366,1.0,0,False,,,,
367,1.0,0,False,,,,
368,1.0,0,False,,,,
369,1.0,0,False,,,,
370,1.0,0,False,,,,
371,1.0,0,False,,,,
372,1.0,0,False,,,,
373,1.0,0,False,,,,
374,1.0,0,False,,,,
375,1.0,0,False,,,,
376,1.0,0,False,,,,
377,1.0,0,False,,,,
378,1.0,0,False,,,,
379,1.0,0,False,,,,
380,1.0,0,False,,,,
381,1.0,0,False,,,,
382,1.0,0,False,,,,
383,1.0,0,False,,,,
384,1.0,0,False,,,,
385,1.0,0,False,,,,
386,1.0,0,False,,,,
387,1.0,0,False,,,,
388,1.0,0,False,,,,
389,1.0,0,False,,,,
390,1.0,0,False,,,,
391,1.0,0,False,,,,
392,1.0,0,False,,,,
393,1.0,0,False,,,,
394,1.0,0,False,,,,
395,1.0,0,False,,,,
396,1.0,0,False,,,,
397,1.0,0,False,,,,
398,1.0,0,False,,,,
399,1.0,0,False,,,,
400,1.0,0,False,,,,
401,1.0,0,False,,,,
402,1.0,0,False,,,,
403,1.0,0,False,,,,
404,1.0,0,False,,,,
405,1.0,0,False,,,,
406,1.0,0,False,,,,
407,1.0,0,False,,,,
408,1.0,0,False,,,,
409,1.0,0,False,,,,
410,1.0,0,False,,,,
411,1.0,0,False,,,,
412,1.0,0,False,,,,
413,1.0,0,False,,,,
414,1.0,0,False,,,,
415,1.0,0,False,,,,
416,1.0,0,False,,,,
417,1.0,0,False,,,,
418,1.0,0,False,,,,
419,1.0,0,False,,,,
420,1.0,0,False,,,,
421,1.0,0,False,,,,
422,1.0,0,False,,,,
423,1.0,0,False,,,,
424,1.0,0,False,,,,
425,1.0,0,False,,,,
426,1.0,0,False,,,,
427,1.0,0,False,,,,
428,1.0,0,False,,,,
429,1.0,0,False,,,,
430,1.0,0,False,,,,
431,1.0,0,False,,,,
432,1.0,0,False,,,,
433,1.0,0,False,,,,
434,1.0,0,False,,,,
435,1.0,0,False,,,,
436,1.0,0,False,,,,
437,1.0,0,False,,,,
438,1.0,0,False,,,,
439,1.0,0,False,,,,
440,1.0,0,False,,,,
441,1.0,0,False,,,,
442,1.0,0,False,,,,
443,1.0,0,False,,,,
444,1.0,0,False,,,,
445,1.0,0,False,,,,
446,1.0,0,False,,,,
447,1.0,0,False,,,,
448,1.0,0,False,,,,
449,1.0,0,False,,,,
450,1.0,0,False,,,,
451,1.0,0,False,,,,
452,1.0,0,False,,,,
453,1.0,0,False,,,,
454,1.0,0,False,,,,
455,1.0,0,False,,,,
456,1.0,0,False,,,,
457,1.0,0,False,,,,
458,1.0,0,False,,,,
459,1.0,0,False,,,,
460,1.0,0,False,,,,
461,1.0,0,False,,,,
462,1.0,0,False,,,,
463,1.0,0,False,,,,
464,1.0,0,False,,,,
465,1.0,0,False,,,,
466,1.0,0,False,,,,
467,1.0,0,False,,,,
468,1.0,0,False,,,,
469,1.0,0,False,,,,
470,1.0,0,False,,,,
471,1.0,0,False,,,,
472,1.0,0,False,,,,
473,1.0,0,False,,,,
474,1.0,0,False,,,,
475,1.0,0,False,,,,
476,1.0,0,False,,,,
477,1.0,0,False,,,,
478,1.0,0,False,,,,
479,1.0,0,False,,,,
480,1.0,0,False,,,,
481,1.0,0,False,,,,
482,1.0,0,False,,,,
483,1.0,0,False,,,,
484,1.0,0,False,,,,
485,1.0,0,False,,,,
486,1.0,0,False,,,,
487,1.0,0,False,,,,
488,1.0,0,False,,,,
489,1.0,0,False,,,,
490,1.0,0,False,,,,
491,1.0,0,False,,,,
492,1.0,0,False,,,,
493,1.0,0,False,,,,
494,1.0,0,False,,,,
495,1.0,0,False,,,,
496,1.0,0,False,,,,
497,1.0,0,False,,,,
498,1.0,0,False,,,,
499,1.0,0,False,,,,
500,1.0,0,False,,,,
501,1.0,0,False,,,,
502,1.0,0,False,,,,
503,1.0,0,False,,,,
504,1.0,0,False,,,,
505,1.0,0,False,,,,
506,1.0,0,False,,,,
507,1.0,0,False,,,,
508,1.0,0,False,,,,
509,1.0,0,False,,,,
510,1.0,0,False,,,,
511,1.0,0,False,,,,
512,1.0,0,False,,,,
513,1.0,0,False,,,,
514,1.0,0,False,,,,
515,1.0,0,False,,,,
516,1.0,0,False,,,,
517,1.0,0,False,,,,
518,1.0,0,False,,,,
519,1.0,0,False,,,,
520,1.0,0,False,,,,
521,1.0,0,False,,,,
522,1.0,0,False,,,,
523,1.0,0,False,,,,
524,1.0,0,False,,,,
525,1.0,0,False,,,,
526,1.0,0,False,,,,
527,1.0,0,False,,,,
528,0.9,1,False,,,,
529,0.9,1,False,,,,
530,0.9,1,False,,,,
531,0.9,1,False,,,,
532,1.0,0,False,,,,
533,1.0,0,False,,,,
534,1.0,0,False,,,,
535,0.9,1,False,,,,
536,0.9,1,False,,,,
537,0.9,1,False,,,,
538,0.9,1,False,,,,
539,0.9,1,False,,,,
540,0.9,1,False,,,,
541,0.9,1,False,,,,
542,0.9,1,False,,,,
543,0.9,1,False,,,,
544,0.9,1,False,,,,
545,0.9,1,False,,,,
546,0.9,1,False,,,,
547,0.9,1,False,,,,
548,0.9,1,False,,,,
549,0.9,1,False,,,,
550,0.9,1,False,,,,
551,0.9,1,False,,,,
552,0.9,1,False,,,,
553,0.9,1,False,,,,
554,0.9,1,False,,,,
555,0.9,1,False,,,,
556,0.9,1,False,,,,
557,0.9,1,False,,,,
558,0.9,1,False,,,,
559,0.9,1,False,,,,
560,0.9,1,False,,,,
561,0.9,1,False,,,,
562,0.9,1,False,,,,
563,0.9,1,False,,,,
564,0.9,1,False,,,,
565,0.9,1,False,,,,
566,0.9,1,False,,,,
567,0.9,1,False,,,,
568,0.9,1,False,,,,
569,0.9,1,False,,,,
570,0.9,1,False,,,,
571,0.9,1,False,,,,
572,0.9,1,False,,,,
573,0.9,1,False,,,,
574,0.9,1,False,,,,
575,0.9,1,False,,,,
576,0.9,1,False,,,,
577,1.0,0,False,,,,
578,1.0,0,False,,,,
579,1.0,0,False,,,,
580,1.0,0,False,,,,
581,1.0,0,False,,,,
582,1.0,0,False,,,,
583,1.0,0,False,,,,
584,1.0,0,False,,,,
585,1.0,0,False,,,,
586,1.0,0,False,,,,
587,1.0,0,False,,,,
588,1.0,0,False,,,,
589,1.0,0,False,,,,
590,1.0,0,False,,,,
591,1.0,0,False,,,,
592,1.0,0,False,,,,
593,0.9,1,False,,,,
594,0.8,2,False,,,,
595,0.8,2,False,,,,
596,0.8,2,False,,,,
597,0.8,2,False,,,,
598,0.8,2,False,,,,
599,0.8,2,False,,,,
600,0.8,2,False,,,,
601,0.8,2,False,,,,
602,0.8,2,False,,,,
603,0.8,2,False,,,,
604,0.8,2,False,,,,
605,0.8,2,False,,,,
606,0.8,2,False,,,,
607,0.8,2,False,,,,
608,0.8,2,False,,,,
609,0.8,2,False,,,,
610,0.8,2,False,,,,
611,0.8,2,False,,,,
612,0.8,2,False,,,,
613,0.9,1,False,,,,
614,0.9,1,False,,,,
615,0.9,1,False,,,,
616,0.9,1,False,,,,
617,0.9,1,False,,,,
618,0.9,1,False,,,,
619,0.9,1,False,,,,
620,0.9,1,False,,,,
621,0.9,1,False,,,,
622,0.9,1,False,,,,
623,0.9,1,False,,,,
624,0.8,2,False,,,,
625,0.8,2,False,,,,
626,0.8,2,False,,,,
627,0.8,2,False,,,,
628,0.9,1,False,,,,
629,0.9,1,False,,,,
630,0.9,1,False,,,,
631,0.9,1,False,,,,
632,0.9,1,False,,,,
633,0.9,1,False,,,,
634,0.9,1,False,,,,
635,0.9,1,False,,,,
636,0.8,2,False,,,,
637,0.8,2,False,,,,
638,0.8,2,False,,,,
639,0.8,2,False,,,,
640,0.8,2,False,,,,
641,0.8,2,False,,,,
642,0.8,2,False,,,,
643,0.8,2,False,,,,
644,0.8,2,False,,,,
645,0.8,2,False,,,,
646,0.8,2,False,,,,
647,0.8,2,False,,,,
648,0.9,1,False,,,,
649,0.9,1,False,,,,
650,0.9,1,False,,,,
651,0.9,1,False,,,,
652,0.9,1,False,,,,
653,0.9,1,False,,,,
654,0.9,1,False,,,,
655,0.9,1,False,,,,
656,0.9,1,False,,,,
657,0.9,1,False,,,,
658,0.8,2,False,,,,
659,0.8,2,False,,,,
660,0.8,2,False,,,,
661,0.8,2,False,,,,
662,0.8,2,False,,,,
663,0.8,2,False,,,,
664,0.8,2,False,,,,
665,0.8,2,False,,,,
666,0.8,2,False,,,,
667,0.8,2,False,,,,
668,0.8,2,False,,,,
669,0.9,1,False,,,,
670,0.9,1,False,,,,
671,0.9,1,False,,,,
672,0.9,1,False,,,,
673,0.9,1,False,,,,
674,0.9,1,False,,,,
675,0.9,1,False,,,,
676,0.9,1,False,,,,
677,0.9,1,False,,,,
678,0.9,1,False,,,,
679,0.9,1,False,,,,
680,0.9,1,False,,,,
681,0.9,1,False,,,,
682,0.9,1,False,,,,
683,0.9,1,False,,,,
684,0.9,1,False,,,,
685,0.9,1,False,,,,
686,0.9,1,False,,,,
687,0.9,1,False,,,,
688,0.9,1,False,,,,
689,0.9,1,False,,,,
690,0.9,1,False,,,,
691,0.9,1,False,,,,
692,0.9,1,False,,,,
693,0.9,1,False,,,,
694,0.9,1,False,,,,
695,0.9,1,False,,,,
696,0.9,1,False,,,,
697,0.8,2,False,,,,
698,0.8,2,False,,,,
699,0.8,2,False,,,,
700,0.8,2,False,,,,
701,0.8,2,False,,,,
702,0.8,2,False,,,,
703,0.8,2,False,,,,
704,0.8,2,False,,,,
705,0.8,2,False,,,,
706,0.8,2,False,,,,
707,0.8,2,False,,,,
708,0.8,2,False,,,,
709,0.8,2,False,,,,
710,0.8,2,False,,,,
711,0.9,1,False,,,,
712,0.8,2,False,,,,
713,0.8,2,False,,,,
714,0.8,2,False,,,,
715,0.8,2,False,,,,
716,0.7,3,False,,,,
717,0.7,3,False,,,,
718,0.7,3,False,,,,
719,0.7,3,False,,,,
720,0.7,3,False,,,,
721,0.7,3,False,,,,
722,0.7,3,False,,,,
723,0.7,3,False,,,,
724,0.7,3,False,,,,
725,0.7,3,False,,,,
726,0.7,3,False,,,,
727,0.7,3,False,,,,
728,0.8,2,False,,,,
729,0.8,2,False,,,,
730,0.8,2,False,,,,
731,0.8,2,False,,,,
732,1.0,0,False,,,,
733,1.0,0,False,,,,
734,1.0,0,False,,,,
735,1.0,0,False,,,,
736,1.0,0,False,,,,
737,1.0,0,False,,,,
738,1.0,0,False,,,,
739,1.0,0,False,,,,
740,1.0,0,False,,,,
741,0.9,1,False,,,,
742,0.9,1,False,,,,
743,0.9,1,False,,,,
744,0.8,2,False,,,,
745,0.8,2,False,,,,
746,0.8,2,False,,,,
747,0.8,2,False,,,,
748,0.8,2,False,,,,
749,0.8,2,False,,,,
750,0.8,2,False,,,,
751,0.8,2,False,,,,
752,0.7,3,False,,,,
753,0.7,3,False,,,,
754,0.7,3,False,,,,
755,0.7,3,False,,,,
756,0.7,3,False,,,,
757,0.7,3,False,,,,
758,0.7,3,False,,,,
759,0.7,3,False,,,,
760,0.7,3,False,,,,
761,0.7,3,False,,,,
762,0.7,3,False,,,,
763,0.7,3,False,,,,
764,0.7,3,False,,,,
765,0.7,3,False,,,,
766,0.7,3,False,,,,
767,0.6,4,False,,,,
768,0.6,4,False,,,,
769,0.6,4,False,,,,
770,0.6,4,False,,,,
771,0.6,4,False,,,,
772,0.6,4,False,,,,
773,0.9,1,False,,,,
774,0.9,1,False,,,,
775,0.9,1,False,,,,
776,0.9,1,False,,,,
777,0.9,1,False,,,,
778,0.9,1,False,,,,
779,0.9,1,False,,,,
780,0.9,1,False,,,,
781,0.9,1,False,,,,
782,0.9,1,False,,,,
783,0.9,1,False,,,,
784,0.9,1,False,,,,
785,0.9,1,False,,,,
786,0.9,1,False,,,,
787,0.9,1,False,,,,
788,0.9,1,False,,,,
789,0.9,1,False,,,,
790,0.9,1,False,,,,
791,0.9,1,False,,,,
792,0.9,1,False,,,,
793,0.9,1,False,,,,
794,0.9,1,False,,,,
795,0.9,1,False,,,,
796,0.6,4,False,,,,
797,0.6,4,False,,,,
798,0.6,4,False,,,,
799,0.6,4,False,,,,
800,0.6,4,False,,,,
801,0.6,4,False,,,,
802,0.6,4,False,,,,
803,0.6,4,False,,,,
804,0.7,3,False,,,,
805,0.6,4,False,,,,
806,0.6,4,False,,,,
807,0.6,4,False,,,,
808,0.6,4,False,,,,
809,0.7,3,False,,,,
810,0.7,3,False,,,,
811,0.6,4,False,,,,
812,0.7,3,False,,,,
813,0.7,3,False,,,,
814,0.7,3,False,,,,
815,0.7,3,False,,,,
816,0.9,1,False,,,,
817,0.9,1,False,,,,
818,0.6,4,False,,,,
819,0.6,4,False,,,,
820,0.6,4,False,,,,
821,0.6,4,False,,,,
822,0.8,2,False,,,,
823,0.6,4,False,,,,
824,0.7,3,False,,,,
825,0.7,3,False,,,,
826,0.7,3,False,,,,
827,0.7,3,False,,,,
828,0.7,3,False,,,,
829,0.7,3,False,,,,
830,0.7,3,False,,,,
831,0.7,3,False,,,,
832,0.7,3,False,,,,
833,0.8,2,False,,,,
834,0.8,2,False,,,,
835,0.8,2,False,,,,
836,0.7,3,False,,,,
837,0.8,2,False,,,,
838,0.7,3,False,,,,
839,0.7,3,False,,,,
840,0.7,3,False,,,,
841,0.7,3,False,,,,
842,0.7,3,False,,,,
843,0.7,3,False,,,,
844,0.7,3,False,,,,
845,0.8,2,False,,,,
846,0.8,2,False,,,,
847,0.8,2,False,,,,
848,0.8,2,False,,,,
849,0.8,2,False,,,,
850,0.8,2,False,,,,
851,0.8,2,False,,,,
852,0.8,2,False,,,,
853,0.8,2,False,,,,
854,0.8,2,False,,,,
855,0.7,3,False,,,,
856,0.7,3,False,,,,
857,0.7,3,False,,,,
858,0.7,3,False,,,,
859,0.8,2,False,,,,
860,0.7,3,False,,,,
861,0.7,3,False,,,,
862,0.7,3,False,,,,
863,0.7,3,False,,,,
864,0.7,3,False,,,,
865,0.7,3,False,,,,
866,0.7,3,False,,,,
867,0.7,3,False,,,,
868,0.7,3,False,,,,
869,0.7,3,False,,,,
870,0.8,2,False,,,,
871,0.7,3,False,,,,
872,0.7,3,False,,,,
873,0.7,3,False,,,,
874,0.6,4,False,,,,
875,0.6,4,False,,,,
876,0.7,3,False,,,,
877,0.6,4,False,,,,
878,0.6,4,False,,,,
879,0.6,4,False,,,,
880,0.6,4,False,,,,
881,0.6,4,False,,,,
882,0.6,4,False,,,,
883,0.6,4,False,,,,
884,0.6,4,False,,,,
885,0.7,3,False,,,,
886,0.7,3,False,,,,
887,0.7,3,False,,,,
888,0.7,3,False,,,,
889,0.7,3,False,,,,
890,0.7,3,False,,,,
891,0.7,3,False,,,,
892,0.8,2,False,,,,
893,0.7,3,False,,,,
894,0.8,2,False,,,,
895,0.8,2,False,,,,
896,0.7,3,False,,,,
897,0.7,3,False,,,,
898,0.6,4,False,,,,
899,0.6,4,False,,,,
900,0.6,4,False,,,,
901,0.6,4,False,,,,
902,0.6,4,False,,,,
903,0.6,4,False,,,,
904,0.6,4,False,,,,
905,0.6,4,False,,,,
906,0.6,4,False,,,,
907,0.6,4,False,,,,
908,0.6,4,False,,,,
909,0.6,4,False,,,,
910,0.6,4,False,,,,
911,0.6,4,False,,,,
912,0.6,4,False,,,,
913,0.6,4,False,,,,
914,0.7,3,False,,,,
915,0.6,4,False,,,,
916,0.6,4,False,,,,
917,0.6,4,False,,,,
918,0.6,4,False,,,,
919,0.6,4,False,,,,
920,0.6,4,False,,,,
921,0.6,4,False,,,,
922,0.7,3,False,,,,
923,0.7,3,False,,,,
924,0.6,4,False,,,,
925,0.6,4,False,,,,
926,0.6,4,False,,,,
927,0.6,4,False,,,,
928,0.9,1,False,,,,
929,0.9,1,False,,,,
930,0.9,1,False,,,,
931,0.9,1,False,,,,
932,0.9,1,False,,,,
933,0.9,1,False,,,,
934,0.9,1,False,,,,
935,0.9,1,False,,,,
936,0.7,3,False,,,,
937,0.6,4,False,,,,
938,0.7,3,False,,,,
939,0.7,3,False,,,,
940,0.7,3,False,,,,
941,0.7,3,False,,,,
942,0.7,3,False,,,,
943,0.8,2,False,,,,
944,0.8,2,False,,,,
945,0.8,2,False,,,,
946,0.6,4,False,,,,
947,0.6,4,False,,,,
948,0.6,4,False,,,,
949,0.6,4,False,,,,
950,0.7,3,False,,,,
951,0.7,3,False,,,,
952,0.8,2,False,,,,
953,0.8,2,False,,,,
954,0.8,2,False,,,,
955,0.8,2,False,,,,
956,0.8,2,False,,,,
957,0.8,2,False,,,,
958,0.9,1,False,,,,
959,1.0,0,False,,,,
960,0.9,1,False,,,,
961,0.9,1,False,,,,
962,0.9,1,False,,,,
963,0.9,1,False,,,,
964,0.9,1,False,,,,
965,0.9,1,False,,,,
966,0.8,2,False,,,,
967,0.8,2,False,,,,
968,0.8,2,False,,,,
969,0.8,2,False,,,,
970,0.7,3,False,,,,
971,0.7,3,False,,,,
972,0.7,3,False,,,,
973,0.7,3,False,,,,
974,0.7,3,False,,,,
975,0.7,3,False,,,,
976,0.7,3,False,,,,
977,0.7,3,False,,,,
978,0.7,3,False,,,,
979,0.6,4,False,,,,
980,0.6,4,False,,,,
981,0.6,4,False,,,,
982,0.6,4,False,,,,
983,0.6,4,False,,,,
984,0.6,4,False,,,,
985,0.9,1,False,,,,
986,0.9,1,False,,,,
987,0.9,1,False,,,,
988,0.9,1,False,,,,
989,0.9,1,False,,,,
990,0.9,1,False,,,,
991,0.9,1,False,,,,
992,0.9,1,False,,,,
993,0.9,1,False,,,,
994,0.9,1,False,,,,
995,0.7,3,False,,,,
996,0.7,3,False,,,,
997,0.8,2,False,,,,
998,0.9,1,False,,,,
999,0.9,1,False,,,,
1000,0.9,1,False,,,,
1001,0.8,2,False,,,,
1002,0.8,2,False,,,,
1003,0.8,2,False,,,,
1004,0.8,2,False,,,,
1005,0.8,2,False,,,,
1006,0.8,2,False,,,,
1007,0.8,2,False,,,,
1008,0.8,2,False,,,,
1009,0.8,2,False,,,,
1010,0.8,2,False,,,,
1011,0.7,3,False,,,,
1012,0.7,3,False,,,,
1013,0.7,3,False,,,,
1014,0.7,3,False,,,,
1015,0.7,3,False,,,,
1016,0.7,3,False,,,,
1017,0.7,3,False,,,,
1018,0.7,3,False,,,,
1019,0.7,3,False,,,,
1020,0.7,3,False,,,,
1021,0.8,2,False,,,,
1022,0.8,2,False,,,,
1023,0.8,2,False,,,,
1024,0.8,2,False,,,,
1025,0.8,2,False,,,,
1026,0.8,2,False,,,,
1027,0.8,2,False,,,,
1028,0.8,2,False,,,,
1029,0.8,2,False,,,,
1030,0.8,2,False,,,,
1031,0.8,2,False,,,,
1032,0.7,3,False,,,,
1033,0.8,2,False,,,,
1034,0.8,2,False,,,,
1035,0.8,2,False,,,,
1036,0.8,2,False,,,,
1037,0.8,2,False,,,,
1038,0.8,2,False,,,,
1039,0.8,2,False,,,,
1040,0.8,2,False,,,,
1041,0.8,2,False,,,,
1042,0.8,2,False,,,,
1043,0.8,2,False,,,,
1044,0.8,2,False,,,,
1045,0.8,2,False,,,,
1046,0.8,2,False,,,,
1047,0.9,1,False,,,,
1048,0.9,1,False,,,,
1049,0.9,1,False,,,,
1050,0.9,1,False,,,,
1051,0.9,1,False,,,,
1052,0.8,2,False,,,,
1053,0.6,4,False,,,,
1054,0.6,4,False,,,,
1055,0.6,4,False,,,,
1056,0.6,4,False,,,,
1057,0.6,4,False,,,,
1058,0.6,4,False,,,,
1059,0.6,4,False,,,,
1060,0.6,4,False,,,,
1061,0.6,4,False,,,,
1062,0.6,4,False,,,,
1063,0.6,4,False,,,,
1064,0.6,4,False,,,,
1065,0.6,4,False,,,,
1066,0.6,4,False,,,,
1067,0.6,4,False,,,,
1068,0.6,4,False,,,,
1069,0.6,4,False,,,,
1070,0.7,3,False,,,,
1071,0.8,2,False,,,,
1072,0.8,2,False,,,,
1073,0.7,3,False,,,,
1074,0.7,3,False,,,,
1075,0.7,3,False,,,,
1076,0.7,3,False,,,,
1077,0.7,3,False,,,,
1078,0.8,2,False,,,,
1079,0.8,2,False,,,,
1080,0.8,2,False,,,,
1081,0.6,4,False,,,,
1082,0.6,4,False,,,,
1083,0.8,2,False,,,,
1084,0.8,2,False,,,,
1085,0.8,2,False,,,,
1086,0.8,2,False,,,,
1087,0.8,2,False,,,,
1088,0.8,2,False,,,,
1089,0.8,2,False,,,,
1090,0.8,2,False,,,,
1091,0.8,2,False,,,,
1092,0.8,2,False,,,,
1093,0.8,2,False,,,,
1094,0.8,2,False,,,,
1095,0.7,3,False,,,,
1096,0.7,3,False,,,,
1097,0.6,4,False,,,,
1098,0.6,4,False,,,,
1099,0.6,4,False,,,,
1100,0.6,4,False,,,,
1101,0.6,4,False,,,,
1102,0.7,3,False,,,,
1103,0.6,4,False,,,,
1104,0.6,4,False,,,,
1105,0.6,4,False,,,,
1106,0.6,4,False,,,,
1107,0.6,4,False,,,,
1108,0.6,4,False,,,,
1109,0.6,4,False,,,,
1110,0.6,4,False,,,,
1111,0.5,5,True,0.22,0.2,0.16402499191349473,2.321928094887362
1112,0.5,5,True,0.20666666666666667,0.4,0.15545875354128547,1.9219280948873623
1113,0.5,5,True,0.17333333333333334,0.2,0.16402499191349473,2.321928094887362
1114,0.5,5,True,0.19333333333333333,0.4,0.15545875354128547,1.9219280948873623
1115,0.5,5,True,0.32,0.4,0.15545875354128547,1.9219280948873623
1116,0.5,5,True,0.23333333333333334,0.4,0.15545875354128547,1.9219280948873623
1117,0.5,5,True,0.28,0.4,0.15545875354128547,1.9219280948873623
1118,0.5,5,True,0.41333333333333333,0.4,0.11951797627815941,1.5219280948873621
1119,0.5,5,True,0.26666666666666666,0.4,0.15545875354128547,1.9219280948873623
1120,0.5,5,True,0.33999999999999997,0.6,0.1572623513863327,1.3709505944546687
1121,0.5,5,True,0.38,0.6,0.1572623513863327,1.3709505944546687
1122,0.5,5,True,0.32,0.4,0.15545875354128547,1.9219280948873623
1123,0.5,5,True,0.4533333333333333,0.8,0.14132728892674484,0.7219280948873623
1124,0.5,5,True,0.3,0.6,0.1572623513863327,1.3709505944546687
1125,0.5,5,True,0.26,0.4,0.15545875354128547,1.9219280948873623
1126,0.5,5,True,0.29333333333333333,0.4,0.15545875354128547,1.9219280948873623
1127,0.8,2,False,,,,
1128,0.8,2,False,,,,
1129,0.8,2,False,,,,
1130,0.8,2,False,,,,
1131,0.8,2,False,,,,
1132,0.8,2,False,,,,
1133,0.9,1,False,,,,
1134,0.9,1,False,,,,
1135,0.6,4,False,,,,
1136,0.6,4,False,,,,
1137,0.6,4,False,,,,
1138,0.6,4,False,,,,
1139,0.6,4,False,,,,
1140,0.9,1,False,,,,
1141,0.9,1,False,,,,
1142,0.9,1,False,,,,
1143,0.9,1,False,,,,
1144,0.9,1,False,,,,
1145,0.9,1,False,,,,
1146,0.9,1,False,,,,
1147,0.9,1,False,,,,
1148,0.6,4,False,,,,
1149,0.6,4,False,,,,
1150,0.6,4,False,,,,
1151,0.6,4,False,,,,
1152,0.6,4,False,,,,
1153,0.6,4,False,,,,
1154,0.6,4,False,,,,
1155,0.6,4,False,,,,
1156,0.6,4,False,,,,
1157,0.6,4,False,,,,
1158,0.6,4,False,,,,
1159,0.6,4,False,,,,
1160,0.6,4,False,,,,
1161,0.7,3,False,,,,
1162,0.7,3,False,,,,
1163,0.7,3,False,,,,
1164,0.8,2,False,,,,
1165,0.8,2,False,,,,
1166,0.8,2,False,,,,
1167,0.8,2,False,,,,
1168,0.8,2,False,,,,
1169,0.8,2,False,,,,
1170,0.8,2,False,,,,
1171,0.8,2,False,,,,
1172,0.8,2,False,,,,
1173,0.8,2,False,,,,
1174,0.8,2,False,,,,
1175,0.8,2,False,,,,
1176,0.8,2,False,,,,
1177,0.8,2,False,,,,
1178,0.8,2,False,,,,
1179,0.8,2,False,,,,
1180,0.8,2,False,,,,
1181,0.8,2,False,,,,
1182,0.8,2,False,,,,
1183,0.8,2,False,,,,
1184,0.9,1,False,,,,
1185,0.9,1,False,,,,
1186,0.9,1,False,,,,
1187,0.9,1,False,,,,
1188,0.9,1,False,,,,
1189,0.9,1,False,,,,
1190,0.9,1,False,,,,
1191,0.9,1,False,,,,
1192,0.8,2,False,,,,
1193,0.8,2,False,,,,
1194,0.7,3,False,,,,
1195,0.7,3,False,,,,
1196,0.7,3,False,,,,
1197,0.7,3,False,,,,
1198,0.7,3,False,,,,
1199,0.6,4,False,,,,
1200,0.6,4,False,,,,
1201,0.6,4,False,,,,
1202,0.6,4,False,,,,
1203,0.6,4,False,,,,
1204,0.6,4,False,,,,
1205,0.6,4,False,,,,
1206,0.6,4,False,,,,
1207,0.6,4,False,,,,
1208,0.6,4,False,,,,
1209,0.6,4,False,,,,
1210,0.6,4,False,,,,
1211,0.6,4,False,,,,
1212,0.6,4,False,,,,
1213,0.6,4,False,,,,
1214,0.6,4,False,,,,
1215,0.6,4,False,,,,
1216,0.6,4,False,,,,
1217,0.7,3,False,,,,
1218,0.7,3,False,,,,
1219,0.7,3,False,,,,
1220,0.7,3,False,,,,
1221,0.8,2,False,,,,
1222,0.8,2,False,,,,
1223,0.9,1,False,,,,
1224,0.9,1,False,,,,
1225,0.9,1,False,,,,
1226,0.9,1,False,,,,
1227,0.9,1,False,,,,
1228,0.8,2,False,,,,
1229,0.9,1,False,,,,
1230,0.9,1,False,,,,
1231,0.9,1,False,,,,
1232,0.9,1,False,,,,
1233,0.7,3,False,,,,
1234,0.7,3,False,,,,
1235,0.7,3,False,,,,
1236,0.7,3,False,,,,
1237,0.7,3,False,,,,
1238,0.7,3,False,,,,
1239,0.7,3,False,,,,
1240,0.7,3,False,,,,
1241,0.7,3,False,,,,
1242,0.6,4,False,,,,
1243,0.6,4,False,,,,
1244,0.6,4,False,,,,
1245,0.6,4,False,,,,
1246,0.6,4,False,,,,
1247,0.6,4,False,,,,
1248,0.6,4,False,,,,
1249,0.7,3,False,,,,
1250,0.7,3,False,,,,
1251,0.7,3,False,,,,
1252,0.8,2,False,,,,
1253,0.8,2,False,,,,
1254,0.8,2,False,,,,
1255,0.8,2,False,,,,
1256,0.9,1,False,,,,
1257,0.9,1,False,,,,
1258,0.9,1,False,,,,
1259,0.9,1,False,,,,
1260,0.9,1,False,,,,
1261,0.9,1,False,,,,
1262,0.9,1,False,,,,
1263,0.9,1,False,,,,
1264,0.9,1,False,,,,
1265,0.9,1,False,,,,
1266,0.9,1,False,,,,
1267,1.0,0,False,,,,
1268,1.0,0,False,,,,
1269,1.0,0,False,,,,
1270,1.0,0,False,,,,
1271,1.0,0,False,,,,
1272,1.0,0,False,,,,
1273,1.0,0,False,,,,
1274,1.0,0,False,,,,
1275,1.0,0,False,,,,
1276,1.0,0,False,,,,
1277,1.0,0,False,,,,
1278,0.9,1,False,,,,
1279,0.9,1,False,,,,
1280,0.9,1,False,,,,
1281,0.9,1,False,,,,
1282,0.9,1,False,,,,
1283,0.9,1,False,,,,
1284,0.8,2,False,,,,
1285,0.6,4,False,,,,
1286,0.6,4,False,,,,
1287,0.6,4,False,,,,
1288,0.5,5,True,0.41333333333333333,0.6,0.15726235138633282,1.3709505944546687
1289,0.5,5,True,0.28,0.4,0.15545875354128547,1.9219280948873623
1290,0.5,5,True,0.20666666666666667,0.2,0.16402499191349473,2.321928094887362
1291,0.5,5,True,0.7333333333333333,1.0,0.0,0.0
1292,0.5,5,True,0.22666666666666666,0.2,0.16402499191349473,2.321928094887362
1293,0.5,5,True,0.4666666666666667,0.8,0.14132728892674484,0.7219280948873623
1294,0.5,5,True,0.2866666666666667,0.6,0.1572623513863327,1.3709505944546687
1295,0.5,5,True,0.22666666666666666,0.4,0.15545875354128547,1.9219280948873623
1296,0.5,5,True,0.18666666666666665,0.2,0.16402499191349473,2.321928094887362
1297,0.5,5,True,0.32,0.4,0.15545875354128547,1.9219280948873623
1298,0.5,5,True,0.3266666666666667,0.4,0.11951797627815941,1.5219280948873621
1299,0.5,5,True,0.31333333333333335,0.4,0.15545875354128547,1.9219280948873623
1300,0.5,5,True,0.22,0.4,0.15545875354128547,1.9219280948873623
1301,0.5,5,True,0.21333333333333335,0.4,0.15545875354128547,1.9219280948873623
1302,0.5,5,True,0.3,0.4,0.15545875354128547,1.9219280948873623
1303,0.5,5,True,0.33999999999999997,0.4,0.11951797627815941,1.5219280948873621
1304,0.5,5,True,0.14,0.2,0.16402499191349473,2.321928094887362
1305,0.6,4,False,,,,
1306,0.6,4,False,,,,
1307,0.6,4,False,,,,
1308,0.7,3,False,,,,
1309,0.9,1,False,,,,
1310,0.9,1,False,,,,
1311,0.9,1,False,,,,
1312,0.9,1,False,,,,
1313,0.9,1,False,,,,
1314,0.7,3,False,,,,
1315,0.7,3,False,,,,
1316,0.8,2,False,,,,
1317,0.8,2,False,,,,
1318,0.8,2,False,,,,
1319,0.7,3,False,,,,
1320,0.7,3,False,,,,
1321,0.7,3,False,,,,
1322,0.7,3,False,,,,
1323,0.7,3,False,,,,
1324,0.7,3,False,,,,
1325,0.7,3,False,,,,
1326,0.7,3,False,,,,
1327,0.7,3,False,,,,
1328,0.7,3,False,,,,
1329,0.6,4,False,,,,
1330,0.6,4,False,,,,
1331,0.6,4,False,,,,
1332,0.6,4,False,,,,
1333,0.6,4,False,,,,
1334,0.6,4,False,,,,
1335,0.6,4,False,,,,
1336,0.6,4,False,,,,
1337,0.6,4,False,,,,
1338,0.6,4,False,,,,
1339,0.8,2,False,,,,
1340,0.9,1,False,,,,
1341,0.9,1,False,,,,
1342,0.8,2,False,,,,
1343,0.8,2,False,,,,
1344,0.8,2,False,,,,
1345,0.7,3,False,,,,
1346,0.7,3,False,,,,
1347,0.7,3,False,,,,
1348,0.7,3,False,,,,
1349,0.7,3,False,,,,
1350,0.7,3,False,,,,
1351,0.6,4,False,,,,
1352,0.6,4,False,,,,
1353,0.6,4,False,,,,
1354,0.6,4,False,,,,
1355,0.5,5,True,0.23333333333333334,0.4,0.15545875354128547,1.9219280948873623
1356,0.6,4,False,,,,
1357,0.6,4,False,,,,
1358,0.6,4,False,,,,
1359,0.6,4,False,,,,
1360,0.6,4,False,,,,
1361,0.6,4,False,,,,
1362,0.5,5,True,0.2,0.4,0.15545875354128547,1.9219280948873623
1363,0.5,5,True,0.30666666666666664,0.2,0.16402499191349473,2.321928094887362
1364,0.9,1,False,,,,
1365,0.5,5,True,0.20666666666666667,0.4,0.15545875354128547,1.9219280948873623
1366,0.5,5,True,0.17333333333333334,0.2,0.16402499191349473,2.321928094887362
1367,0.5,5,True,0.21333333333333335,0.4,0.15545875354128547,1.9219280948873623
1368,0.5,5,True,0.3,0.4,0.15545875354128547,1.9219280948873623
1369,0.5,5,True,0.19333333333333333,0.2,0.16402499191349473,2.321928094887362
1370,0.4,6,True,0.21333333333333335,0.3333333333333333,0.10175559829607284,2.2516291673878226
1371,0.4,6,True,0.16444444444444445,0.16666666666666666,0.10167108723147944,2.584962500721156
1372,0.5,5,True,0.2733333333333333,0.4,0.15545875354128547,1.9219280948873623
1373,0.5,5,True,0.16666666666666666,0.2,0.16402499191349473,2.321928094887362
1374,0.6,4,False,,,,
1375,0.6,4,False,,,,
1376,0.6,4,False,,,,
1377,0.6,4,False,,,,
1378,0.6,4,False,,,,
1379,0.6,4,False,,,,
1380,0.6,4,False,,,,
1381,0.6,4,False,,,,
1382,0.6,4,False,,,,
1383,0.7,3,False,,,,
1384,0.6,4,False,,,,
1385,0.6,4,False,,,,
1386,0.6,4,False,,,,
1387,0.6,4,False,,,,
1388,0.6,4,False,,,,
1389,0.6,4,False,,,,
1390,0.5,5,True,0.18666666666666665,0.4,0.15545875354128547,1.9219280948873623
1391,0.5,5,True,0.24000000000000002,0.2,0.16402499191349473,2.321928094887362
1392,0.5,5,True,0.2533333333333333,0.4,0.15545875354128547,1.9219280948873623
1393,0.5,5,True,0.2733333333333333,0.2,0.16402499191349473,2.321928094887362
1394,0.5,5,True,0.23333333333333334,0.4,0.15545875354128547,1.9219280948873623
1395,0.5,5,True,0.16666666666666666,0.4,0.15545875354128547,1.9219280948873623
1396,0.5,5,True,0.2866666666666667,0.4,0.15545875354128547,1.9219280948873623
1397,0.5,5,True,0.24000000000000002,0.4,0.15545875354128547,1.9219280948873623
1398,0.9,1,False,,,,
1399,0.8,2,False,,,,
1400,0.8,2,False,,,,
1401,0.8,2,False,,,,
1402,0.8,2,False,,,,
1403,0.7,3,False,,,,
1404,0.7,3,False,,,,
1405,0.7,3,False,,,,
1406,0.8,2,False,,,,
1407,0.7,3,False,,,,
1408,0.7,3,False,,,,
1409,0.7,3,False,,,,
1410,0.5,5,True,0.20666666666666667,0.2,0.16402499191349473,2.321928094887362
1411,0.5,5,True,0.18000000000000002,0.2,0.16402499191349473,2.321928094887362
1412,0.5,5,True,0.23333333333333334,0.4,0.11951797627815941,1.5219280948873621
1413,0.5,5,True,0.36666666666666664,0.6,0.06276943678387037,0.9709505944546686
1414,0.5,5,True,0.22,0.4,0.15545875354128547,1.9219280948873623
1415,0.5,5,True,0.14,0.2,0.16402499191349473,2.321928094887362
1416,0.5,5,True,0.28,0.2,0.16402499191349473,2.321928094887362
1417,0.5,5,True,0.3266666666666667,0.6,0.1572623513863327,1.3709505944546687
1418,0.5,5,True,0.3266666666666667,0.4,0.11951797627815941,1.5219280948873621
1419,0.5,5,True,0.14666666666666667,0.4,0.15545875354128547,1.9219280948873623
1420,0.5,5,True,0.2,0.4,0.15545875354128547,1.9219280948873623
1421,0.4,6,True,0.16,0.16666666666666666,0.10167108723147944,2.584962500721156
1422,0.4,6,True,0.2755555555555556,0.3333333333333333,0.08613531161467847,1.9182958340544893
1423,0.4,6,True,0.32,0.5,0.11864654673111685,1.7924812503605778
1424,0.4,6,True,0.24000000000000002,0.5,0.11864654673111685,1.7924812503605778
1425,0.4,6,True,0.22222222222222224,0.16666666666666666,0.10167108723147944,2.584962500721156
1426,0.4,6,True,0.2533333333333333,0.16666666666666666,0.10167108723147944,2.584962500721156
1427,0.4,6,True,0.18222222222222223,0.3333333333333333,0.10175559829607284,2.2516291673878226
1428,0.4,6,True,0.24444444444444444,0.3333333333333333,0.10175559829607272,2.2516291673878226
1429,0.5,5,True,0.22666666666666666,0.4,0.15545875354128547,1.9219280948873623
1430,0.5,5,True,0.2,0.2,0.16402499191349473,2.321928094887362
1431,0.4,6,True,0.23111111111111113,0.16666666666666666,0.10167108723147944,2.584962500721156
1432,0.7,3,False,,,,
1433,0.8,2,False,,,,
1434,0.8,2,False,,,,
1435,0.5,5,True,0.21333333333333335,0.4,0.15545875354128547,1.9219280948873623
1436,0.5,5,True,0.26,0.2,0.16402499191349473,2.321928094887362
1437,0.5,5,True,0.4666666666666667,0.8,0.14132728892674484,0.7219280948873623
1438,0.5,5,True,0.52,0.8,0.14132728892674484,0.7219280948873623
1439,0.5,5,True,0.24000000000000002,0.4,0.15545875354128547,1.9219280948873623
1440,0.5,5,True,0.24666666666666667,0.4,0.15545875354128547,1.9219280948873623
1441,0.5,5,True,0.31333333333333335,0.4,0.15545875354128547,1.9219280948873623
1442,0.5,5,True,0.32,0.4,0.11951797627815941,1.5219280948873621
1443,0.5,5,True,0.31333333333333335,0.6,0.1572623513863327,1.3709505944546687
1444,0.5,5,True,0.23333333333333334,0.4,0.15545875354128547,1.9219280948873623
1445,0.5,5,True,0.21333333333333335,0.4,0.15545875354128547,1.9219280948873623
1446,0.5,5,True,0.22666666666666666,0.4,0.15545875354128547,1.9219280948873623
1447,0.5,5,True,0.24666666666666667,0.4,0.15545875354128547,1.9219280948873623
1448,0.9,1,False,,,,
1449,0.4,6,True,0.1511111111111111,0.16666666666666666,0.10167108723147944,2.584962500721156
1450,0.4,6,True,0.24888888888888888,0.5,0.11864654673111685,1.7924812503605778
1451,0.6,4,False,,,,
1452,0.6,4,False,,,,
1453,0.5,5,True,0.24000000000000002,0.4,0.15545875354128547,1.9219280948873623
1454,0.5,5,True,0.21333333333333335,0.4,0.15545875354128547,1.9219280948873623
1455,0.5,5,True,0.17333333333333334,0.2,0.16402499191349473,2.321928094887362
1456,0.7,3,False,,,,
1457,0.6,4,False,,,,
1458,0.5,5,True,0.18666666666666665,0.2,0.16402499191349473,2.321928094887362
1459,0.5,5,True,0.2866666666666667,0.4,0.11951797627815941,1.5219280948873621
1460,0.4,6,True,0.3288888888888889,0.5,0.07678032766449228,1.4591479170272446
1461,0.4,6,True,0.1688888888888889,0.16666666666666666,0.10167108723147944,2.584962500721156
1462,0.4,6,True,0.20444444444444443,0.16666666666666666,0.10167108723147944,2.584962500721156
1463,0.6,4,False,,,,
1464,0.6,4,False,,,,
1465,0.6,4,False,,,,
1466,0.7,3,False,,,,
1467,0.7,3,False,,,,
1468,0.6,4,False,,,,
1469,0.6,4,False,,,,
1470,0.6,4,False,,,,
1471,0.6,4,False,,,,
1472,0.6,4,False,,,,
1473,0.6,4,False,,,,
1474,0.6,4,False,,,,
1475,0.7,3,False,,,,
1476,0.9,1,False,,,,
1477,0.8,2,False,,,,
1478,0.8,2,False,,,,
1479,0.6,4,False,,,,
1480,0.6,4,False,,,,
1481,0.7,3,False,,,,
1482,0.7,3,False,,,,
1483,0.6,4,False,,,,
1484,0.5,5,True,0.30666666666666664,0.6,0.1572623513863327,1.3709505944546687
1485,0.5,5,True,0.24000000000000002,0.4,0.15545875354128547,1.9219280948873623
1486,0.5,5,True,0.2,0.4,0.15545875354128547,1.9219280948873623
1487,0.6,4,False,,,,
1488,0.6,4,False,,,,
1489,0.6,4,False,,,,
1490,0.7,3,False,,,,
1491,0.7,3,False,,,,
1492,0.7,3,False,,,,
1493,0.7,3,False,,,,
1494,0.7,3,False,,,,
1495,0.7,3,False,,,,
1496,0.7,3,False,,,,
1497,0.7,3,False,,,,
1498,0.6,4,False,,,,
1499,0.9,1,False,,,,
1500,0.9,1,False,,,,
1501,0.9,1,False,,,,
1502,0.9,1,False,,,,
1503,0.9,1,False,,,,
1504,0.9,1,False,,,,
1505,0.9,1,False,,,,
1506,0.9,1,False,,,,
1507,0.9,1,False,,,,
1508,0.7,3,False,,,,
1509,0.7,3,False,,,,
1510,0.6,4,False,,,,
1511,0.6,4,False,,,,
1512,0.6,4,False,,,,
1513,0.6,4,False,,,,
1514,0.6,4,False,,,,
1515,0.7,3,False,,,,
1516,0.7,3,False,,,,
1517,0.9,1,False,,,,
1518,0.8,2,False,,,,
1519,0.8,2,False,,,,
1520,0.8,2,False,,,,
1521,0.8,2,False,,,,
1522,0.8,2,False,,,,
1523,0.8,2,False,,,,
1524,0.8,2,False,,,,
1525,0.8,2,False,,,,
1526,0.8,2,False,,,,
1527,0.8,2,False,,,,
1528,0.8,2,False,,,,
1529,0.6,4,False,,,,
1530,0.6,4,False,,,,
1531,0.6,4,False,,,,
1532,0.4,6,True,0.21333333333333335,0.3333333333333333,0.10175559829607284,2.2516291673878226
1533,0.5,5,True,0.21333333333333335,0.4,0.15545875354128547,1.9219280948873623
1534,0.6,4,False,,,,
1535,0.6,4,False,,,,
1536,0.5,5,True,0.36000000000000004,0.4,0.11951797627815941,1.5219280948873621
1537,0.5,5,True,0.2733333333333333,0.4,0.11951797627815941,1.5219280948873621
1538,0.4,6,True,0.22222222222222224,0.16666666666666666,0.10167108723147944,2.584962500721156
1539,0.4,6,True,0.21333333333333335,0.3333333333333333,0.10175559829607284,2.251629167387823
1540,0.4,6,True,0.3111111111111111,0.3333333333333333,0.08613531161467847,1.9182958340544896
1541,0.4,6,True,0.31555555555555553,0.5,0.07678032766449228,1.4591479170272446
1542,0.5,5,True,0.30666666666666664,0.4,0.15545875354128547,1.9219280948873623
1543,0.5,5,True,0.22,0.2,0.16402499191349473,2.321928094887362
1544,0.7,3,False,,,,
1545,0.8,2,False,,,,
1546,0.8,2,False,,,,
1547,0.7,3,False,,,,
1548,0.7,3,False,,,,
1549,0.7,3,False,,,,
1550,0.7,3,False,,,,
1551,0.7,3,False,,,,
1552,0.4,6,True,0.15555555555555553,0.16666666666666666,0.10167108723147944,2.584962500721156
1553,0.5,5,True,0.24666666666666667,0.4,0.15545875354128547,1.9219280948873623
1554,0.6,4,False,,,,
1555,0.5,5,True,0.24000000000000002,0.4,0.15545875354128547,1.9219280948873623
1556,0.5,5,True,0.18000000000000002,0.2,0.16402499191349473,2.321928094887362
1557,0.4,6,True,0.3022222222222222,0.3333333333333333,0.08613531161467847,1.9182958340544893
1558,0.4,6,True,0.2577777777777778,0.3333333333333333,0.10175559829607284,2.251629167387823
1559,0.4,6,True,0.24444444444444444,0.3333333333333333,0.10175559829607284,2.2516291673878226
1560,0.4,6,True,0.24888888888888888,0.3333333333333333,0.10175559829607284,2.2516291673878226
1561,0.6,4,False,,,,
1562,0.6,4,False,,,,
1563,0.6,4,False,,,,
1564,0.6,4,False,,,,
1565,0.6,4,False,,,,
1566,0.7,3,False,,,,
1567,0.7,3,False,,,,
1568,0.7,3,False,,,,
1569,0.5,5,True,0.36666666666666664,0.6,0.1572623513863327,1.3709505944546687
1570,0.5,5,True,0.17333333333333334,0.2,0.16402499191349473,2.321928094887362
1571,0.4,6,True,0.2711111111111111,0.3333333333333333,0.10175559829607284,2.251629167387823
1572,0.4,6,True,0.22222222222222224,0.5,0.11864654673111708,1.7924812503605778
1573,0.7,3,False,,,,
1574,0.7,3,False,,,,
1575,0.7,3,False,,,,
1576,0.4,6,True,0.18666666666666665,0.3333333333333333,0.10175559829607284,2.2516291673878226
1577,0.9,1,False,,,,
1578,0.9,1,False,,,,
1579,0.9,1,False,,,,
1580,0.9,1,False,,,,
1581,0.9,1,False,,,,
1582,0.9,1,False,,,,
1583,0.9,1,False,,,,
1584,0.9,1,False,,,,
1585,0.9,1,False,,,,
1586,0.9,1,False,,,,
1587,0.9,1,False,,,,
1588,0.9,1,False,,,,
1589,0.8,2,False,,,,
1590,0.8,2,False,,,,
1591,0.8,2,False,,,,
1592,0.8,2,False,,,,
1593,0.8,2,False,,,,
1594,0.8,2,False,,,,
1595,0.3,7,True,0.22222222222222224,0.2857142857142857,0.0573192851827401,2.5216406363433186
1596,0.3,7,True,0.26031746031746034,0.42857142857142855,0.08279110672080625,2.1280852788913944
1597,0.2,8,True,0.2,0.25,0.03042964980987506,2.5
1598,0.2,8,True,0.2761904761904762,0.25,0.02602396837087928,2.75
1599,0.2,8,True,0.2785714285714286,0.375,0.06502247023287666,1.811278124459133
1600,0.2,8,True,0.29047619047619044,0.375,0.05358807178498548,2.1556390622295662
1601,0.2,8,True,0.2714285714285714,0.25,0.030429649809874948,2.5
1602,0.2,8,True,0.25,0.25,0.02602396837087928,2.75
1603,0.2,8,True,0.3476190476190476,0.625,0.11951797627815941,1.2987949406953985
1604,0.2,8,True,0.3785714285714286,0.625,0.15545875354128547,1.5487949406953985
1605,0.2,8,True,0.31666666666666665,0.5,0.10175559829607284,2.0
1606,0.2,8,True,0.3404761904761905,0.5,0.08613531161467869,1.75
1607,0.2,8,True,0.29285714285714287,0.375,0.0573192851827401,2.4056390622295662
1608,0.2,8,True,0.6166666666666667,0.875,0.27015330083790245,0.5435644431995964
1609,0.2,8,True,0.2380952380952381,0.375,0.0573192851827401,2.4056390622295662
1610,0.2,8,True,0.30238095238095236,0.375,0.05358807178498548,2.1556390622295662
1611,0.2,8,True,0.18095238095238095,0.25,0.02602396837087928,2.75
1612,0.2,8,True,0.1904761904761905,0.25,0.02602396837087928,2.75
1613,0.2,8,True,0.2761904761904762,0.25,0.0243850368491646,2.25
1614,0.2,8,True,0.20952380952380953,0.25,0.030429649809874948,2.5
1615,0.2,8,True,0.24047619047619048,0.25,0.030429649809874948,2.5
1616,0.2,8,True,0.20238095238095238,0.25,0.030429649809874948,2.5
1617,0.2,8,True,0.20952380952380953,0.25,0.02602396837087928,2.75
1618,0.2,8,True,0.20952380952380953,0.25,0.02602396837087928,2.75
1619,0.8,2,False,,,,
1620,0.9,1,False,,,,
1621,0.9,1,False,,,,
1622,0.9,1,False,,,,
1623,0.8,2,False,,,,
1624,0.7,3,False,,,,
1625,0.7,3,False,,,,
1626,0.6,4,False,,,,
1627,0.6,4,False,,,,
1628,0.6,4,False,,,,
1629,0.6,4,False,,,,
1630,0.4,6,True,0.3377777777777778,0.5,0.11864654673111685,1.7924812503605778
1631,0.5,5,True,0.29333333333333333,0.4,0.11951797627815941,1.5219280948873621
1632,0.9,1,False,,,,
1633,0.9,1,False,,,,
1634,0.9,1,False,,,,
1635,0.9,1,False,,,,
1636,0.9,1,False,,,,
1637,0.9,1,False,,,,
1638,0.9,1,False,,,,
1639,0.9,1,False,,,,
1640,0.9,1,False,,,,
1641,0.5,5,True,0.2,0.2,0.16402499191349473,2.321928094887362
1642,0.5,5,True,0.24666666666666667,0.4,0.15545875354128547,1.9219280948873623
1643,0.4,6,True,0.31555555555555553,0.3333333333333333,0.10175559829607284,2.251629167387823
1644,0.6,4,False,,,,
1645,0.6,4,False,,,,
1646,0.6,4,False,,,,
1647,0.5,5,True,0.15333333333333332,0.2,0.16402499191349473,2.321928094887362
1648,0.5,5,True,0.14666666666666667,0.2,0.16402499191349473,2.321928094887362
1649,0.5,5,True,0.4266666666666667,0.4,0.11951797627815941,1.5219280948873621
1650,0.3,7,True,0.19365079365079366,0.2857142857142857,0.0573192851827401,2.5216406363433186
1651,0.5,5,True,0.22666666666666666,0.2,0.16402499191349473,2.321928094887362
1652,0.6,4,False,,,,
1653,0.5,5,True,0.2,0.4,0.15545875354128547,1.9219280948873623
1654,0.4,6,True,0.3022222222222222,0.3333333333333333,0.08613531161467869,1.9182958340544893
1655,0.3,7,True,0.1746031746031746,0.14285714285714285,0.05118688510966152,2.807354922057604
1656,0.3,7,True,0.3206349206349206,0.2857142857142857,0.032511235116438386,1.9502120649147465
1657,0.2,8,True,0.30476190476190473,0.375,0.05731928518273999,2.4056390622295662
1658,0.2,8,True,0.22142857142857142,0.25,0.02602396837087928,2.75
1659,0.2,8,True,0.24523809523809523,0.25,0.03042964980987506,2.5
1660,0.5,5,True,0.19333333333333333,0.2,0.16402499191349473,2.321928094887362
1661,0.5,5,True,0.26666666666666666,0.4,0.15545875354128547,1.9219280948873623
1662,0.1,9,True,0.2,0.3333333333333333,0.0573192851827401,2.4193819456463714
1663,0.1,9,True,0.26296296296296295,0.2222222222222222,0.03042964980987506,2.5032583347756456
1664,0.1,9,True,0.2185185185185185,0.2222222222222222,0.02602396837087939,2.725480556997868
1665,0.1,9,True,0.2111111111111111,0.2222222222222222,0.03042964980987506,2.5032583347756456
1666,0.1,9,True,0.24444444444444444,0.3333333333333333,0.0573192851827401,2.4193819456463714
1667,0.1,9,True,0.22592592592592592,0.3333333333333333,0.05118688510966152,2.6416041678685933
1668,0.1,9,True,0.2925925925925926,0.4444444444444444,0.10167108723147944,2.2810361125534233
1669,0.1,9,True,0.2518518518518518,0.2222222222222222,0.030429649809874948,2.5032583347756456
1670,0.1,9,True,0.16481481481481483,0.2222222222222222,0.02602396837087928,2.725480556997868
1671,0.1,9,True,0.2925925925925926,0.3333333333333333,0.06502247023287666,1.8910611120726528
1672,0.1,9,True,0.24259259259259258,0.3333333333333333,0.05731928518273999,2.4193819456463714
1673,0.1,9,True,0.27592592592592596,0.2222222222222222,0.030429649809874948,2.503258334775646
1674,0.1,9,True,0.6,1.0,0.5310044064107188,0.0
1675,0.0,10,True,0.3125925925925926,0.3,0.06502247023287666,2.1709505944546685
1676,0.0,10,True,0.22962962962962966,0.3,0.05358807178498515,2.446439344671016
1677,0.0,10,True,0.3674074074074074,0.5,0.14132728892674495,1.360964047443681
1678,0.0,10,True,0.5007407407407407,0.8,0.41832813428211324,0.9219280948873623
1679,0.0,10,True,0.31703703703703706,0.5,0.15726235138633282,1.6854752972273344
1680,0.0,10,True,0.5170370370370371,0.8,0.41832813428211324,0.9219280948873623
1681,0.0,10,True,0.49777777777777776,0.8,0.41832813428211324,0.9219280948873623
1682,0.1,9,True,0.4055555555555556,0.6666666666666666,0.21452470277266567,1.224394445405986
1683,0.1,9,True,0.23333333333333334,0.2222222222222222,0.015141338212453448,2.94770277922009
1684,0.1,9,True,0.4148148148148148,0.5555555555555556,0.15545875354128547,1.6577427265048887
1685,0.0,10,True,0.38814814814814813,0.7,0.32161017527648017,1.3567796494470397
1686,0.0,10,True,0.36000000000000004,0.6,0.21452470277266567,1.5709505944546687
1687,0.0,10,True,0.25925925925925924,0.3,0.05358807178498537,2.4464393446710155
1688,0.0,10,True,0.31851851851851853,0.5,0.15545875354128547,1.9609640474436814
1689,0.0,10,True,0.7333333333333333,0.9,0.5310044064107188,0.4689955935892812
1690,0.0,10,True,0.26666666666666666,0.3,0.05358807178498548,2.446439344671015
1691,0.0,10,True,0.2992592592592593,0.3,0.06502247023287655,2.170950594454669
1692,0.0,10,True,0.8666666666666667,1.0,1.0,0.0
1693,0.0,10,True,0.28,0.5,0.16402499191349473,2.1609640474436813
1694,0.0,10,True,0.36592592592592593,0.5,0.15545875354128547,1.9609640474436814
1695,0.0,10,True,0.2770370370370371,0.4,0.10167108723147944,2.5219280948873624
1696,0.0,10,True,0.6133333333333333,0.9,0.5310044064107188,0.4689955935892812
1697,0.0,10,True,0.29333333333333333,0.3,0.05358807178498548,2.446439344671015
1698,0.0,10,True,0.2814814814814815,0.5,0.15545875354128547,1.9609640474436814
1699,0.0,10,True,0.23407407407407407,0.3,0.05358807178498537,2.4464393446710155
1700,0.0,10,True,0.2948148148148148,0.2,0.024385036849164488,2.5219280948873624
1701,0.0,10,True,0.29333333333333333,0.5,0.15545875354128547,1.9609640474436814
1702,0.0,10,True,0.43407407407407406,0.8,0.41832813428211324,0.9219280948873623
1703,0.0,10,True,0.48888888888888893,0.7,0.27015330083790245,1.1567796494470395
1704,0.0,10,True,0.38814814814814813,0.7,0.32161017527648017,1.3567796494470397
1705,0.0,10,True,0.21925925925925924,0.3,0.0573192851827401,2.6464393446710153
1706,0.0,10,True,0.1837037037037037,0.3,0.05118688510966152,2.8464393446710154
1707,0.0,10,True,0.6666666666666666,0.9,0.5310044064107188,0.4689955935892812
1708,0.0,10,True,0.2622222222222222,0.2,0.030429649809874948,2.7219280948873625
1709,0.0,10,True,0.2548148148148148,0.2,0.0243850368491646,2.521928094887362
1710,0.0,10,True,0.4311111111111111,0.4,0.13903595255631895,1.721928094887362
1711,0.9,1,False,,,,
1712,0.9,1,False,,,,
1713,0.0,10,True,0.6933333333333334,0.9,0.5310044064107188,0.4689955935892812
1714,0.0,10,True,0.3511111111111111,0.4,0.08613531161467869,2.121928094887362
1715,0.0,10,True,0.27851851851851855,0.4,0.10175559829607284,2.321928094887362
1716,0.3,7,True,0.35238095238095235,0.42857142857142855,0.06502247023287666,1.8423709931771084
1717,0.0,10,True,0.30518518518518517,0.4,0.10175559829607284,2.321928094887362
1718,0.0,10,True,0.19703703703703704,0.2,0.02602396837087928,2.9219280948873623
1719,0.0,10,True,0.1985185185185185,0.3,0.05731928518273999,2.6464393446710157
1720,0.0,10,True,0.41333333333333333,0.6,0.21452470277266567,1.5709505944546687
1721,0.0,10,True,0.3022222222222222,0.4,0.10175559829607284,2.321928094887362
1722,0.9,1,False,,,,
1723,0.9,1,False,,,,
1724,0.2,8,True,0.6666666666666666,1.0,0.2780719051126377,0.0
1725,0.2,8,True,0.3619047619047619,0.5,0.039035952556318865,1.5
1726,0.2,8,True,0.4357142857142857,0.75,0.21452470277266567,1.061278124459133
1727,0.2,8,True,0.7666666666666667,0.875,0.27015330083790245,0.5435644431995964
1728,0.2,8,True,0.2857142857142857,0.5,0.10175559829607284,2.0
1729,0.2,8,True,0.3119047619047619,0.5,0.10175559829607284,2.0
1730,0.2,8,True,0.48333333333333334,0.875,0.27015330083790245,0.5435644431995964
1731,0.2,8,True,0.2761904761904762,0.375,0.0573192851827401,2.4056390622295662
1732,0.2,8,True,0.380952380952381,0.5,0.08613531161467869,1.75
1733,0.2,8,True,0.3071428571428571,0.375,0.05358807178498548,2.1556390622295662
1734,0.2,8,True,0.21190476190476193,0.25,0.02602396837087928,2.75
1735,0.2,8,True,0.2571428571428572,0.375,0.0573192851827401,2.4056390622295662
1736,0.6,4,False,,,,
1737,0.6,4,False,,,,
1738,0.0,10,True,0.2577777777777778,0.3,0.05358807178498548,2.446439344671015
1739,0.0,10,True,0.18814814814814812,0.2,0.030429649809874948,2.7219280948873625
1740,0.8,2,False,,,,
1741,0.8,2,False,,,,
1742,0.1,9,True,0.3648148148148148,0.4444444444444444,0.11864654673111685,1.7527152789797045
1743,0.1,9,True,0.3333333333333333,0.5555555555555556,0.16402499191349473,1.8799649487271108
1744,0.1,9,True,0.4425925925925926,0.7777777777777778,0.32161017527648017,0.9864267287308424
1745,0.1,9,True,0.5074074074074074,0.7777777777777778,0.27015330083790245,0.7642045065086203
1746,0.1,9,True,0.3555555555555555,0.4444444444444444,0.10175559829607284,2.058813890331201
1747,0.1,9,True,0.2388888888888889,0.2222222222222222,0.02602396837087928,2.725480556997868
1748,0.1,9,True,0.4703703703703704,0.5555555555555556,0.15726235138633282,1.3516441151533924
1749,0.1,9,True,0.18703703703703703,0.2222222222222222,0.015141338212453448,2.94770277922009
1750,0.2,8,True,0.2571428571428572,0.375,0.05358807178498548,2.1556390622295662
1751,0.2,8,True,0.28095238095238095,0.25,0.024385036849164488,2.25
1752,0.2,8,True,0.33095238095238094,0.5,0.07678032766449228,1.4056390622295665
1753,0.1,9,True,0.3277777777777778,0.4444444444444444,0.11864654673111685,1.7527152789797045
1754,0.1,9,True,0.20185185185185184,0.2222222222222222,0.02602396837087928,2.725480556997868
1755,0.1,9,True,0.20925925925925926,0.2222222222222222,0.02602396837087928,2.725480556997868
1756,0.1,9,True,0.20555555555555557,0.2222222222222222,0.02602396837087928,2.725480556997868
1757,0.1,9,True,0.21296296296296297,0.3333333333333333,0.05731928518273999,2.4193819456463714
1758,0.1,9,True,0.30185185185185187,0.4444444444444444,0.10167108723147944,2.2810361125534233
1759,0.1,9,True,0.5555555555555555,0.8888888888888888,0.41832813428211324,0.5032583347756457
1760,0.1,9,True,0.4148148148148148,0.5555555555555556,0.15545875354128547,1.6577427265048887
1761,0.1,9,True,0.34814814814814815,0.3333333333333333,0.05358807178498537,2.197159723424149
1762,0.1,9,True,0.412962962962963,0.5555555555555556,0.15726235138633282,1.3516441151533924
1763,0.1,9,True,0.4111111111111111,0.4444444444444444,0.11864654673111685,1.7527152789797045
1764,0.0,10,True,0.2770370370370371,0.5,0.15545875354128547,1.9609640474436814
1765,0.0,10,True,0.21777777777777776,0.2,0.03042964980987506,2.721928094887362
1766,0.0,10,True,0.3437037037037037,0.3,0.06502247023287666,2.1709505944546685
1767,0.0,10,True,0.3422222222222222,0.5,0.15545875354128547,1.9609640474436814
1768,0.0,10,True,0.42814814814814817,0.6,0.21452470277266567,1.5709505944546687
1769,0.0,10,True,0.2711111111111111,0.4,0.10175559829607284,2.321928094887362
1770,0.9,1,False,,,,
1771,0.9,1,False,,,,
1772,0.0,10,True,0.4118518518518518,0.7,0.32161017527648017,1.3567796494470397
1773,0.0,10,True,0.49333333333333335,0.9,0.5310044064107188,0.4689955935892812
1774,0.0,10,True,0.40888888888888886,0.6,0.21452470277266567,1.5709505944546687
1775,0.0,10,True,0.3511111111111111,0.5,0.15545875354128547,1.9609640474436814
1776,0.0,10,True,0.22518518518518518,0.2,0.02602396837087928,2.9219280948873623
1777,0.0,10,True,0.2325925925925926,0.2,0.02602396837087928,2.9219280948873623
1778,0.0,10,True,0.18814814814814812,0.2,0.015141338212453337,3.1219280948873624
1779,0.0,10,True,0.2162962962962963,0.3,0.05358807178498537,2.4464393446710155
1780,0.0,10,True,0.22814814814814816,0.3,0.05118688510966152,2.8464393446710154
1781,0.1,9,True,0.17777777777777778,0.2222222222222222,0.015141338212453448,2.94770277922009
1782,0.7,3,False,,,,
1783,0.5,5,True,0.14666666666666667,0.2,0.16402499191349473,2.321928094887362
1784,0.5,5,True,0.18000000000000002,0.4,0.15545875354128547,1.9219280948873623
1785,0.3,7,True,0.1904761904761905,0.2857142857142857,0.05358807178498548,2.2359263506290326
1786,0.0,10,True,0.20888888888888887,0.3,0.05118688510966152,2.8464393446710154
1787,0.0,10,True,0.20148148148148148,0.2,0.03042964980987506,2.721928094887362
1788,0.0,10,True,0.2874074074074074,0.5,0.15726235138633282,1.6854752972273344
1789,0.1,9,True,0.3425925925925926,0.4444444444444444,0.11864654673111685,1.7527152789797045
1790,0.1,9,True,0.5277777777777778,0.6666666666666666,0.21452470277266567,1.224394445405986
1791,0.9,1,False,,,,
1792,0.9,1,False,,,,
1793,0.9,1,False,,,,
1794,0.9,1,False,,,,
1795,0.2,8,True,0.45,0.875,0.27015330083790245,0.5435644431995964
1796,0.0,10,True,0.33185185185185184,0.4,0.11864654673111708,2.046439344671015
1797,0.0,10,True,0.3111111111111111,0.4,0.11864654673111685,2.0464393446710156
1798,0.0,10,True,0.27259259259259255,0.4,0.08613531161467869,2.121928094887362
1799,0.2,8,True,0.18333333333333332,0.25,0.02602396837087928,2.75
1800,0.0,10,True,0.2607407407407407,0.3,0.0573192851827401,2.6464393446710153
1801,0.0,10,True,0.32296296296296295,0.4,0.11864654673111685,2.0464393446710156
1802,0.0,10,True,0.27259259259259255,0.2,0.03042964980987506,2.721928094887362
1803,0.0,10,True,0.33185185185185184,0.4,0.07678032766449228,1.8464393446710154
1804,0.0,10,True,0.2518518518518518,0.4,0.10175559829607284,2.321928094887362
1805,0.0,10,True,0.56,0.9,0.5310044064107188,0.4689955935892812
1806,0.0,10,True,0.3333333333333333,0.5,0.16402499191349473,2.1609640474436813
1807,0.0,10,True,0.31703703703703706,0.6,0.21452470277266567,1.5709505944546687
1808,0.0,10,True,0.3377777777777778,0.3,0.06502247023287666,2.1709505944546685
1809,0.0,10,True,0.40444444444444444,0.8,0.41832813428211324,0.9219280948873623
1810,0.0,10,True,0.4311111111111111,0.7,0.27015330083790245,1.1567796494470395
1811,0.0,10,True,0.2651851851851852,0.3,0.06502247023287666,2.1709505944546685
1812,0.0,10,True,0.43407407407407406,0.6,0.13502647928207268,1.3709505944546687
1813,0.0,10,True,0.3081481481481481,0.3,0.06502247023287655,2.170950594454669
1814,0.8,2,False,,,,
1815,0.8,2,False,,,,
1816,0.8,2,False,,,,
1817,0.8,2,False,,,,
1818,0.9,1,False,,,,
1819,0.9,1,False,,,,
1820,0.9,1,False,,,,
1821,0.9,1,False,,,,
1822,0.9,1,False,,,,
1823,0.9,1,False,,,,
1824,0.9,1,False,,,,
1825,0.9,1,False,,,,
1826,0.9,1,False,,,,
1827,0.9,1,False,,,,
1828,0.9,1,False,,,,
1829,0.9,1,False,,,,
1830,0.9,1,False,,,,
1831,0.9,1,False,,,,
1832,0.9,1,False,,,,
1833,0.9,1,False,,,,
1834,0.1,9,True,0.2925925925925926,0.2222222222222222,0.02602396837087928,2.725480556997868
1835,0.1,9,True,0.362962962962963,0.6666666666666666,0.21452470277266567,1.224394445405986
1836,0.1,9,True,0.4111111111111111,0.4444444444444444,0.11864654673111685,1.7527152789797045
1837,0.1,9,True,0.29444444444444445,0.5555555555555556,0.16402499191349473,1.8799649487271108
1838,0.1,9,True,0.36666666666666664,0.4444444444444444,0.11864654673111685,1.7527152789797045
1839,0.1,9,True,0.362962962962963,0.4444444444444444,0.13903595255631884,1.3921472236645345
1840,0.1,9,True,0.24444444444444444,0.2222222222222222,0.02602396837087928,2.725480556997868
1841,0.1,9,True,0.21481481481481482,0.2222222222222222,0.015141338212453448,2.94770277922009
1842,0.3,7,True,0.2920634920634921,0.42857142857142855,0.06502247023287666,1.8423709931771088
1843,0.3,7,True,0.1714285714285714,0.2857142857142857,0.0573192851827401,2.521640636343318
1844,0.5,5,True,0.2,0.2,0.16402499191349473,2.321928094887362
1845,0.5,5,True,0.24000000000000002,0.4,0.15545875354128547,1.9219280948873623
1846,0.8,2,False,,,,
1847,0.9,1,False,,,,
1848,0.9,1,False,,,,
1849,0.9,1,False,,,,
1850,0.9,1,False,,,,
1851,0.9,1,False,,,,
1852,0.9,1,False,,,,
1853,0.9,1,False,,,,
1854,0.9,1,False,,,,
1855,0.9,1,False,,,,
1856,0.9,1,False,,,,
1857,0.9,1,False,,,,
1858,0.9,1,False,,,,
1859,0.9,1,False,,,,
1860,0.9,1,False,,,,
1861,0.9,1,False,,,,
1862,1.0,0,False,,,,
1863,1.0,0,False,,,,
1864,1.0,0,False,,,,
1865,1.0,0,False,,,,
1866,1.0,0,False,,,,
1867,1.0,0,False,,,,
1868,1.0,0,False,,,,
1869,1.0,0,False,,,,
1870,1.0,0,False,,,,
1871,1.0,0,False,,,,
1872,1.0,0,False,,,,
1873,1.0,0,False,,,,
1874,1.0,0,False,,,,
1875,1.0,0,False,,,,
1876,1.0,0,False,,,,
1877,1.0,0,False,,,,
1878,1.0,0,False,,,,
1879,1.0,0,False,,,,
1880,1.0,0,False,,,,
1881,1.0,0,False,,,,
1882,1.0,0,False,,,,
1883,1.0,0,False,,,,
1884,1.0,0,False,,,,
1885,1.0,0,False,,,,
1886,1.0,0,False,,,,
1887,1.0,0,False,,,,
1888,1.0,0,False,,,,
1889,1.0,0,False,,,,
1890,1.0,0,False,,,,
1891,1.0,0,False,,,,
1892,1.0,0,False,,,,
1893,1.0,0,False,,,,
1894,1.0,0,False,,,,
1895,1.0,0,False,,,,
1896,1.0,0,False,,,,
1897,1.0,0,False,,,,
1898,1.0,0,False,,,,
1899,1.0,0,False,,,,
1900,1.0,0,False,,,,
1901,1.0,0,False,,,,
1902,1.0,0,False,,,,
1903,1.0,0,False,,,,
1904,1.0,0,False,,,,
1905,1.0,0,False,,,,
1906,1.0,0,False,,,,
1907,1.0,0,False,,,,
1908,1.0,0,False,,,,
1909,1.0,0,False,,,,
1910,1.0,0,False,,,,
1911,1.0,0,False,,,,
1912,1.0,0,False,,,,
1913,1.0,0,False,,,,
1914,1.0,0,False,,,,
1915,1.0,0,False,,,,
1916,1.0,0,False,,,,
1917,1.0,0,False,,,,
1918,1.0,0,False,,,,
1919,1.0,0,False,,,,
1920,1.0,0,False,,,,
1921,1.0,0,False,,,,
1922,1.0,0,False,,,,
1923,0.9,1,False,,,,
1924,0.9,1,False,,,,
1925,1.0,0,False,,,,
1926,1.0,0,False,,,,
1927,0.9,1,False,,,,
1928,0.9,1,False,,,,
1929,0.9,1,False,,,,
1930,0.9,1,False,,,,
1931,0.9,1,False,,,,
1932,0.9,1,False,,,,
1933,0.9,1,False,,,,
1934,0.9,1,False,,,,
1935,0.9,1,False,,,,
1936,0.9,1,False,,,,
1937,0.8,2,False,,,,
1938,0.9,1,False,,,,
1939,0.9,1,False,,,,
1940,0.9,1,False,,,,
1941,0.9,1,False,,,,
1942,0.6,4,False,,,,
1943,0.6,4,False,,,,
1944,0.5,5,True,0.18666666666666665,0.2,0.16402499191349473,2.321928094887362
1945,0.5,5,True,0.24000000000000002,0.4,0.15545875354128547,1.9219280948873623
1946,0.5,5,True,0.32,0.6,0.15726235138633282,1.3709505944546687
1947,0.4,6,True,0.2,0.16666666666666666,0.10167108723147944,2.584962500721156
1948,0.3,7,True,0.1841269841269841,0.2857142857142857,0.05731928518273999,2.5216406363433186
1949,0.2,8,True,0.24047619047619048,0.25,0.02602396837087928,2.75
1950,0.1,9,True,0.1962962962962963,0.3333333333333333,0.05358807178498515,2.197159723424149
1951,0.1,9,True,0.28703703703703703,0.4444444444444444,0.10167108723147944,2.2810361125534233
1952,0.1,9,True,0.4185185185185185,0.6666666666666666,0.23729309346223382,1.4466166676282082
1953,0.1,9,True,0.32037037037037036,0.3333333333333333,0.05358807178498537,2.197159723424149
1954,0.1,9,True,0.23333333333333334,0.2222222222222222,0.030429649809874948,2.503258334775646
1955,0.1,9,True,0.35185185185185186,0.5555555555555556,0.16402499191349473,1.8799649487271108
1956,0.1,9,True,0.23148148148148148,0.3333333333333333,0.05118688510966152,2.6416041678685933
1957,0.1,9,True,0.22222222222222224,0.2222222222222222,0.02602396837087928,2.725480556997868
1958,0.1,9,True,0.4111111111111111,0.6666666666666666,0.23729309346223382,1.4466166676282082
1959,0.1,9,True,0.28888888888888886,0.5555555555555556,0.15545875354128547,1.6577427265048887
1960,0.1,9,True,0.25925925925925924,0.3333333333333333,0.0573192851827401,2.4193819456463714
1961,0.1,9,True,0.5925925925925927,0.7777777777777778,0.32161017527648017,0.9864267287308424
1962,0.1,9,True,0.6666666666666666,1.0,0.5310044064107188,0.0
1963,0.1,9,True,0.5,0.6666666666666666,0.1826545778534897,0.9182958340544896
1964,0.1,9,True,0.37592592592592594,0.6666666666666666,0.23729309346223382,1.4466166676282082
1965,0.1,9,True,0.40925925925925927,0.7777777777777778,0.32161017527648017,0.9864267287308424
1966,0.1,9,True,0.5074074074074074,0.7777777777777778,0.27015330083790245,0.7642045065086203
1967,0.1,9,True,1.0,1.0,0.5310044064107188,0.0
1968,0.1,9,True,0.3722222222222222,0.6666666666666666,0.21452470277266567,1.224394445405986
1969,0.1,9,True,0.2537037037037037,0.4444444444444444,0.10167108723147944,2.2810361125534233
1970,0.1,9,True,0.2555555555555556,0.3333333333333333,0.05358807178498537,2.197159723424149
1971,0.1,9,True,0.24629629629629632,0.4444444444444444,0.10175559829607284,2.0588138903312014
1972,0.1,9,True,0.18888888888888886,0.2222222222222222,0.015141338212453448,2.94770277922009
1973,0.1,9,True,0.6,1.0,0.5310044064107188,0.0
1974,0.1,9,True,0.35,0.4444444444444444,0.11864654673111685,1.7527152789797045
1975,0.1,9,True,0.3537037037037037,0.4444444444444444,0.10175559829607284,2.058813890331201
1976,0.1,9,True,0.45,0.7777777777777778,0.32161017527648017,0.9864267287308424
1977,0.1,9,True,0.5,0.6666666666666666,0.1826545778534897,0.9182958340544896
1978,0.1,9,True,0.5333333333333333,1.0,0.5310044064107188,0.0
1979,0.1,9,True,0.362962962962963,0.4444444444444444,0.11864654673111685,1.7527152789797045
1980,0.1,9,True,0.24814814814814815,0.3333333333333333,0.0573192851827401,2.4193819456463714
1981,0.1,9,True,0.5037037037037037,0.8888888888888888,0.41832813428211324,0.5032583347756457
1982,0.1,9,True,0.4148148148148148,0.5555555555555556,0.15726235138633282,1.3516441151533924
1983,0.1,9,True,0.4462962962962963,0.7777777777777778,0.32161017527648017,0.9864267287308424
1984,0.1,9,True,0.27592592592592596,0.3333333333333333,0.05358807178498537,2.197159723424149
1985,0.1,9,True,0.3148148148148148,0.4444444444444444,0.10175559829607284,2.058813890331201
1986,0.1,9,True,0.37592592592592594,0.6666666666666666,0.23729309346223382,1.4466166676282082
1987,0.1,9,True,0.26666666666666666,0.3333333333333333,0.05358807178498537,2.197159723424149
1988,0.1,9,True,0.31851851851851853,0.3333333333333333,0.05358807178498537,2.197159723424149
1989,0.1,9,True,0.43333333333333335,0.7777777777777778,0.32161017527648017,0.9864267287308424
1990,0.1,9,True,0.25,0.3333333333333333,0.05118688510966152,2.6416041678685933
1991,0.8,2,False,,,,
1992,0.1,9,True,0.3111111111111111,0.3333333333333333,0.05358807178498548,2.197159723424149
1993,0.1,9,True,0.548148148148148,0.8888888888888888,0.41832813428211324,0.5032583347756457
1994,0.1,9,True,0.23703703703703702,0.3333333333333333,0.0573192851827401,2.4193819456463714
1995,0.1,9,True,0.2537037037037037,0.4444444444444444,0.10175559829607284,2.058813890331201
1996,0.1,9,True,0.4,0.6666666666666666,0.21452470277266567,1.224394445405986
1997,0.1,9,True,0.3425925925925926,0.5555555555555556,0.16402499191349473,1.8799649487271108
1998,0.1,9,True,0.22407407407407406,0.2222222222222222,0.030429649809874948,2.5032583347756456
1999,0.1,9,True,0.2925925925925926,0.4444444444444444,0.10167108723147944,2.2810361125534233
2000,0.1,9,True,0.3,0.3333333333333333,0.05358807178498537,2.197159723424149
2001,0.1,9,True,0.4666666666666667,0.4444444444444444,0.13903595255631884,1.3921472236645345
2002,0.1,9,True,0.5333333333333333,1.0,0.5310044064107188,0.0
2003,0.1,9,True,0.6666666666666666,1.0,0.5310044064107188,0.0
2004,0.1,9,True,0.4592592592592593,0.8888888888888888,0.41832813428211324,0.5032583347756457
2005,0.1,9,True,0.27592592592592596,0.4444444444444444,0.10175559829607272,2.058813890331201
2006,0.1,9,True,0.7333333333333333,1.0,0.5310044064107188,0.0
2007,0.1,9,True,0.4944444444444444,0.7777777777777778,0.27015330083790245,0.7642045065086203
2008,0.1,9,True,0.27037037037037037,0.3333333333333333,0.05358807178498537,2.197159723424149
2009,0.1,9,True,0.3111111111111111,0.4444444444444444,0.11864654673111685,1.7527152789797045
2010,0.1,9,True,0.6666666666666666,1.0,0.5310044064107188,0.0
2011,0.1,9,True,0.39814814814814814,0.5555555555555556,0.1572623513863327,1.3516441151533922
2012,0.1,9,True,0.2685185185185185,0.3333333333333333,0.0573192851827401,2.4193819456463714
2013,0.1,9,True,0.4555555555555556,0.6666666666666666,0.1826545778534897,0.9182958340544896
2014,0.1,9,True,0.40185185185185185,0.7777777777777778,0.32161017527648017,0.9864267287308424
2015,0.1,9,True,0.25925925925925924,0.3333333333333333,0.05358807178498548,2.197159723424149
2016,0.1,9,True,0.337037037037037,0.4444444444444444,0.10167108723147944,2.2810361125534233
2017,0.1,9,True,0.4666666666666667,0.5555555555555556,0.15545875354128547,1.6577427265048887
2018,0.1,9,True,0.25,0.4444444444444444,0.10175559829607284,2.058813890331201
2019,0.1,9,True,0.32407407407407407,0.5555555555555556,0.15545875354128547,1.6577427265048887
2020,0.1,9,True,0.3851851851851852,0.6666666666666666,0.23729309346223382,1.4466166676282082
2021,0.1,9,True,0.22222222222222224,0.3333333333333333,0.05731928518273999,2.4193819456463714
2022,0.8,2,False,,,,
2023,0.8,2,False,,,,
2024,0.8,2,False,,,,
2025,0.8,2,False,,,,
2026,0.8,2,False,,,,
2027,0.8,2,False,,,,
2028,0.9,1,False,,,,
2029,0.8,2,False,,,,
2030,0.8,2,False,,,,
2031,0.1,9,True,0.2685185185185185,0.2222222222222222,0.02602396837087928,2.725480556997868
2032,0.1,9,True,0.537037037037037,0.7777777777777778,0.32161017527648017,0.9864267287308424
2033,0.1,9,True,0.3814814814814815,0.7777777777777778,0.32161017527648017,0.9864267287308424
2034,0.1,9,True,0.32592592592592595,0.3333333333333333,0.05358807178498537,2.197159723424149
2035,0.1,9,True,0.7333333333333333,1.0,0.5310044064107188,0.0
2036,0.2,8,True,0.30238095238095236,0.375,0.05358807178498537,2.1556390622295662
2037,0.5,5,True,0.19333333333333333,0.2,0.16402499191349473,2.321928094887362
2038,0.7,3,False,,,,
2039,0.8,2,False,,,,
2040,0.9,1,False,,,,
2041,0.9,1,False,,,,
2042,0.9,1,False,,,,
2043,0.9,1,False,,,,
2044,0.9,1,False,,,,
2045,0.9,1,False,,,,
2046,1.0,0,False,,,,
2047,1.0,0,False,,,,
2048,1.0,0,False,,,,
2049,1.0,0,False,,,,
2050,1.0,0,False,,,,
2051,1.0,0,False,,,,
2052,1.0,0,False,,,,
2053,1.0,0,False,,,,
2054,1.0,0,False,,,,
2055,1.0,0,False,,,,
2056,1.0,0,False,,,,
2057,1.0,0,False,,,,
2058,1.0,0,False,,,,
2059,1.0,0,False,,,,
2060,1.0,0,False,,,,
2061,1.0,0,False,,,,
2062,1.0,0,False,,,,
2063,1.0,0,False,,,,
2064,1.0,0,False,,,,
2065,1.0,0,False,,,,
2066,1.0,0,False,,,,
2067,1.0,0,False,,,,
2068,1.0,0,False,,,,
2069,1.0,0,False,,,,
2070,1.0,0,False,,,,
2071,1.0,0,False,,,,
2072,1.0,0,False,,,,
2073,1.0,0,False,,,,
2074,1.0,0,False,,,,
2075,1.0,0,False,,,,
2076,1.0,0,False,,,,
2077,1.0,0,False,,,,
2078,1.0,0,False,,,,
2079,1.0,0,False,,,,
2080,1.0,0,False,,,,
2081,1.0,0,False,,,,
2082,1.0,0,False,,,,
2083,1.0,0,False,,,,
2084,1.0,0,False,,,,
2085,1.0,0,False,,,,
2086,1.0,0,False,,,,
2087,1.0,0,False,,,,
2088,1.0,0,False,,,,
2089,1.0,0,False,,,,
2090,1.0,0,False,,,,
2091,1.0,0,False,,,,
2092,1.0,0,False,,,,
2093,1.0,0,False,,,,
2094,1.0,0,False,,,,
2095,1.0,0,False,,,,
2096,1.0,0,False,,,,
2097,1.0,0,False,,,,
2098,1.0,0,False,,,,
2099,1.0,0,False,,,,
2100,1.0,0,False,,,,
2101,1.0,0,False,,,,
2102,1.0,0,False,,,,
2103,1.0,0,False,,,,
2104,1.0,0,False,,,,
