alignment_col,human_pos,human_aa,ciona_pos,ciona_aa,human_grade_aa,human_score,human_grade,human_low_conf,ciona_grade_aa,ciona_score,ciona_grade,ciona_low_conf,grade_delta_vert_minus_invert,score_delta_vert_minus_invert
1128,16,F,1,M,F,1.441,1,False,M,0.663,3,False,-2,0.778
1129,17,I,2,T,I,1.632,1,False,T,0.207,4,False,-3,1.4249999999999998
1130,18,K,3,R,K,-0.242,6,False,R,0.283,4,False,2,-0.5249999999999999
1137,19,G,4,N,G,0.86,1,False,N,0.07,5,False,-4,0.79
1138,20,K,5,P,K,-0.04,5,False,P,1.559,1,False,4,-1.599
1139,21,E,6,F,E,-0.267,6,False,F,1.632,1,False,5,-1.899
1140,22,R,7,R,R,1.418,1,False,R,1.295,1,False,0,0.123
1141,23,K,8,I,K,0.227,4,True,I,1.787,1,False,3,-1.5599999999999998
1142,24,T,9,T,T,0.194,4,True,T,1.152,1,False,3,-0.958
1179,25,Y,10,V,Y,0.314,4,True,V,1.722,1,False,3,-1.408
1180,26,Q,11,D,Q,0.035,5,False,D,1.939,1,False,4,-1.9040000000000001
1181,27,R,12,I,R,-0.182,6,False,I,1.849,1,False,5,-2.031
1182,28,R,13,L,R,0.099,5,False,L,1.712,1,False,4,-1.613
1183,29,R,14,P,R,-0.237,6,False,P,1.779,1,False,5,-2.016
1184,30,E,15,D,E,0.191,4,True,D,0.898,2,False,2,-0.7070000000000001
1189,31,G,20,E,G,-0.053,5,False,E,1.577,1,False,4,-1.63
1190,32,G,21,F,G,0.47,3,True,F,0.783,2,False,1,-0.31300000000000006
1191,33,Q,22,L,Q,0.964,1,False,L,1.707,1,False,0,-0.7430000000000001
1192,34,E,23,E,E,1.689,1,False,E,1.503,1,False,0,0.18600000000000017
1193,35,E,24,M,E,1.507,1,False,M,1.794,1,False,0,-0.28700000000000014
1202,36,D,25,Q,D,1.768,1,False,Q,1.502,1,False,0,0.266
1203,37,A,26,C,A,2.636,1,False,C,1.951,1,False,0,0.685
1204,38,C,27,I,C,2.056,1,False,I,1.095,2,False,-1,0.9610000000000001
1205,39,H,28,S,H,2.959,1,False,S,2.056,1,False,0,0.903
1206,40,L,29,A,L,2.574,1,False,A,1.529,1,False,0,1.045
1256,54,V,30,A,V,-0.435,7,False,A,0.47,3,False,4,-0.905
1257,55,N,31,K,N,0.102,5,False,K,1.738,1,False,4,-1.636
1258,56,S,32,D,S,0.948,1,False,D,1.727,1,False,0,-0.7790000000000001
1259,57,S,33,D,S,1.953,1,False,D,1.544,1,False,0,0.40900000000000003
1260,58,V,34,F,V,0.656,2,True,F,2.017,1,False,1,-1.3609999999999998
1261,59,Q,35,E,Q,0.107,5,False,E,1.347,1,False,4,-1.24
1262,60,M,36,T,M,-0.09,5,False,T,2.036,1,False,4,-2.126
1263,61,V,37,M,V,-0.096,5,False,M,1.321,1,False,4,-1.417
1264,62,M,38,L,M,-0.157,6,False,L,1.869,1,False,5,-2.026
1266,63,M,39,L,M,-0.331,7,False,L,0.791,2,False,5,-1.122
1267,64,E,40,T,E,0.62,2,True,T,1.402,1,False,1,-0.7819999999999999
1268,65,Q,41,D,Q,0.329,3,True,D,1.049,2,False,1,-0.72
1271,66,L,42,F,L,0.088,5,False,F,1.668,1,False,4,-1.5799999999999998
1272,67,D,43,W,D,-0.195,6,False,W,1.344,1,False,5,-1.5390000000000001
1273,68,P,44,A,P,-0.156,6,False,A,1.954,1,False,5,-2.11
1320,69,T,45,K,T,-0.225,6,False,K,1.844,1,False,5,-2.069
1321,70,L,46,Y,L,0.465,3,True,Y,1.888,1,False,2,-1.4229999999999998
1322,71,L,47,L,L,-0.463,7,False,L,1.801,1,False,6,-2.264
1323,72,Q,48,P,Q,-0.196,6,False,P,1.102,1,False,5,-1.298
1324,73,M,49,I,M,-0.386,7,False,I,1.383,1,False,6,-1.7690000000000001
1325,74,K,50,Y,K,-0.275,6,False,Y,1.879,1,False,5,-2.154
1326,75,T,51,K,T,-0.402,7,False,K,1.3,1,False,6,-1.702
1327,76,E,52,N,E,0.285,4,True,N,0.449,4,False,0,-0.16400000000000003
1328,77,V,53,V,V,-0.176,6,False,V,1.957,1,False,5,-2.133
1329,78,M,54,G,M,0.767,1,False,G,1.476,1,False,0,-0.709
1330,79,E,55,G,E,0.673,2,True,G,0.025,5,False,-3,0.648
1374,90,V,56,V,V,-0.625,8,False,V,1.674,1,False,7,-2.299
1375,91,D,57,A,D,-0.631,8,False,A,0.242,4,False,4,-0.873
1376,92,D,58,M,D,-0.638,8,False,M,1.918,1,False,7,-2.556
1377,93,T,59,R,T,-0.692,8,False,R,0.336,4,True,4,-1.028
1382,94,Q,60,I,Q,-0.646,8,False,I,0.686,3,False,5,-1.332
1383,95,I,61,L,I,-0.933,9,False,L,1.765,1,False,8,-2.698
1384,96,I,62,L,I,-0.933,9,False,L,2.037,1,False,8,-2.9699999999999998
1385,97,T,63,P,T,-0.94,9,False,P,0.836,2,True,7,-1.7759999999999998
1386,98,L,64,F,L,-0.842,9,False,F,1.336,1,False,8,-2.178
1389,99,Q,65,S,Q,-0.646,8,False,S,0.491,3,False,5,-1.137
1390,100,V,66,S,V,-0.607,8,False,S,1.08,2,False,6,-1.687
1391,101,V,67,T,V,-0.93,9,False,T,0.971,2,False,7,-1.901
1392,102,N,68,Y,N,-0.702,8,False,Y,1.322,1,False,7,-2.024
1398,103,M,69,L,M,-0.617,8,False,L,0.843,2,False,6,-1.46
1403,104,E,70,C,E,-0.895,9,False,C,0.177,4,False,5,-1.072
1404,105,E,71,E,E,-0.895,9,False,E,1.597,1,False,8,-2.492
1405,106,Q,72,S,Q,-0.335,7,False,S,1.183,1,False,6,-1.518
1410,107,P,77,L,P,0.297,4,True,L,0.407,4,False,0,-0.10999999999999999
1411,108,I,78,V,I,0.375,3,True,V,-0.151,5,False,-2,0.526
1412,109,N,79,N,N,-0.086,5,False,N,0.333,4,False,1,-0.41900000000000004
1413,110,I,80,I,I,0.799,1,True,I,1.222,1,False,0,-0.42299999999999993
1414,111,G,81,K,G,-0.463,7,False,K,-0.529,7,False,0,0.066
1415,112,E,82,T,E,-0.261,6,False,T,0.558,3,False,3,-0.8190000000000001
1416,113,L,83,Q,L,-0.506,7,False,Q,1.499,1,False,6,-2.005
1417,114,Q,84,H,Q,-0.64,8,False,H,0.392,4,False,4,-1.032
1425,115,L,85,R,L,-0.842,9,False,R,0.677,3,False,6,-1.5190000000000001
1426,116,V,86,N,V,-0.93,9,False,N,1.274,1,False,8,-2.204
1427,117,Q,87,K,Q,-0.356,7,False,K,1.666,1,False,6,-2.022
1428,118,V,88,L,V,-0.582,8,False,L,0.923,2,False,6,-1.505
1466,119,P,98,E,P,-0.403,7,False,E,1.478,1,False,6,-1.881
1467,120,V,99,N,V,0.305,4,True,N,1.139,1,False,3,-0.8340000000000001
1468,121,P,100,P,P,0.794,1,True,P,0.963,2,False,-1,-0.16899999999999993
1469,122,V,101,P,V,0.278,4,True,P,1.589,1,False,3,-1.311
1470,123,T,102,M,T,2.118,1,False,M,0.862,2,False,-1,1.2559999999999998
1471,124,V,103,I,V,-0.653,8,False,I,0.483,3,False,5,-1.1360000000000001
1472,125,P,104,T,P,-0.087,5,False,T,0.751,3,False,2,-0.838
1473,126,V,105,A,V,-0.372,7,False,A,0.931,2,False,5,-1.303
1474,127,A,106,T,A,0.405,3,False,T,1.079,2,False,1,-0.6739999999999999
1475,128,T,107,T,T,0.211,4,True,T,1.613,1,False,3,-1.402
1476,129,T,108,A,T,0.129,4,False,A,0.436,4,False,0,-0.307
1477,130,S,109,A,S,0.354,3,False,A,1.323,1,False,2,-0.969
1478,131,V,110,V,V,-0.389,7,False,V,1.647,1,False,6,-2.036
1479,132,E,111,V,E,1.074,1,False,V,1.379,1,False,0,-0.30499999999999994
1499,133,E,112,L,E,0.706,2,True,L,0.333,4,True,-2,0.37299999999999994
1504,134,L,113,E,L,-0.491,7,False,E,1.097,1,False,6,-1.588
1505,135,Q,114,Q,Q,0.34,3,True,Q,1.441,1,False,2,-1.101
1506,136,G,115,K,G,0.256,4,True,K,-0.63,7,False,-3,0.886
1520,137,A,116,E,A,0.113,4,False,E,1.697,1,False,3,-1.584
1521,138,Y,117,K,Y,1.77,1,False,K,1.369,1,False,0,0.401
1522,139,E,118,E,E,0.228,4,True,E,1.367,1,False,3,-1.139
1523,140,N,119,V,N,0.246,4,True,V,0.67,3,False,1,-0.42400000000000004
1528,141,E,120,H,E,1.303,1,False,H,0.399,4,True,-3,0.9039999999999999
1529,142,V,121,Q,V,0.966,1,False,Q,0.683,3,False,-2,0.2829999999999999
1530,143,S,122,D,S,0.471,3,False,D,1.531,1,False,2,-1.06
1531,144,K,123,T,K,0.029,5,False,T,0.009,5,False,0,0.020000000000000004
1532,145,E,124,D,E,2.093,1,False,D,0.575,3,False,-2,1.518
1533,146,G,125,G,G,0.542,2,True,G,-0.002,5,False,-3,0.544
1534,147,L,126,N,L,-0.408,7,False,N,1.734,1,False,6,-2.142
1564,149,E,127,D,E,0.643,2,True,D,0.275,4,False,-2,0.368
1565,150,S,128,T,S,1.511,1,False,T,0.597,3,False,-2,0.9139999999999999
1566,151,E,129,E,E,-0.256,6,False,E,0.09,5,False,1,-0.346
1567,152,P,130,D,P,-0.401,7,False,D,0.179,4,False,3,-0.5800000000000001
1573,153,M,131,E,M,0.617,2,True,E,0.901,2,False,0,-0.28400000000000003
1574,154,I,132,S,I,-0.933,9,False,S,0.634,3,False,6,-1.5670000000000002
1575,155,C,133,E,C,-0.513,7,False,E,-0.031,5,False,2,-0.482
1576,156,H,134,T,H,-0.922,9,False,T,1.41,1,False,8,-2.332
1577,157,T,135,K,T,-0.94,9,False,K,1.408,1,False,8,-2.348
1578,158,L,136,K,L,-0.842,9,False,K,0.353,4,False,5,-1.1949999999999998
1579,159,P,137,P,P,-0.858,9,False,P,0.442,4,False,5,-1.3
1580,160,L,138,S,L,-0.842,9,False,S,1.617,1,False,8,-2.459
1581,161,P,139,V,P,-0.858,9,False,V,0.545,3,False,6,-1.403
1583,162,E,140,R,E,-0.54,8,False,R,1.329,1,False,7,-1.869
1584,163,G,141,K,G,-0.839,9,False,K,0.706,3,False,6,-1.545
1587,165,Q,142,P,Q,-0.911,9,False,P,1.541,1,False,8,-2.452
1588,166,V,143,R,V,-0.93,9,False,R,0.355,4,False,5,-1.2850000000000001
1589,167,V,144,L,V,-0.93,9,False,L,0.209,4,False,5,-1.139
1591,168,K,145,K,K,-0.889,9,False,K,0.134,5,False,4,-1.0230000000000001
1595,169,V,146,L,V,-0.93,9,False,L,0.564,3,False,6,-1.494
1596,170,G,147,R,G,-0.839,9,False,R,1.701,1,False,8,-2.54
1597,171,A,148,V,A,-0.645,8,False,V,1.322,1,False,7,-1.967
1598,172,N,149,Y,N,-0.936,9,False,Y,-0.163,6,False,3,-0.773
1600,173,G,150,S,G,-0.839,9,False,S,-0.381,6,False,3,-0.45799999999999996
1601,174,E,151,Q,E,-0.895,9,False,Q,-0.029,5,False,4,-0.866
1602,175,V,152,K,V,-0.659,8,False,K,1.847,1,False,7,-2.5060000000000002
1603,176,E,153,D,E,-0.523,7,False,D,0.476,3,False,4,-0.999
1613,177,T,163,F,T,-0.408,7,False,F,0.957,2,False,5,-1.365
1614,178,L,164,L,L,-0.295,6,False,L,1.04,2,False,4,-1.335
1615,179,E,165,D,E,-0.163,6,False,D,0.003,5,False,1,-0.166
1616,180,Q,166,D,Q,0.343,3,True,D,0.645,3,False,0,-0.302
1617,181,G,167,G,G,2.5,1,False,G,-0.132,5,False,-4,2.632
1618,182,E,168,S,E,0.149,4,True,S,0.138,5,False,-1,0.010999999999999982
1622,183,L,172,T,L,0.973,1,False,T,-0.162,6,False,-5,1.135
1668,187,E,174,E,E,-0.599,8,False,E,1.536,1,False,7,-2.135
1669,188,D,175,V,D,0.11,4,False,V,1.857,1,False,3,-1.7469999999999999
1670,189,P,176,E,P,1.421,1,False,E,1.964,1,False,0,-0.5429999999999999
1671,190,S,177,T,S,2.352,1,False,T,1.853,1,False,0,0.4989999999999999
1672,191,W,178,L,W,-0.042,5,True,L,1.985,1,False,4,-2.027
1673,192,Q,179,E,Q,0.827,1,False,E,1.049,2,False,-1,-0.22199999999999998
1674,193,K,180,E,K,-0.525,7,False,E,1.157,1,False,6,-1.682
1675,194,D,181,K,D,-0.909,9,False,K,1.17,1,False,8,-2.0789999999999997
1676,195,P,182,P,P,-0.858,9,False,P,1.141,1,False,8,-1.999
1677,196,D,183,N,D,-0.361,7,False,N,-0.285,6,False,1,-0.07600000000000001
1693,197,Y,184,D,Y,-0.429,7,False,D,-0.028,5,False,2,-0.40099999999999997
1694,198,Q,185,E,Q,-0.042,5,False,E,-0.285,6,False,-1,0.24299999999999997
1695,199,P,186,S,P,-0.473,7,False,S,-0.666,7,False,0,0.19300000000000006
1698,200,P,189,E,P,-0.498,7,False,E,0.194,4,False,3,-0.692
1699,201,A,190,F,A,0.963,1,False,F,0.653,3,False,-2,0.30999999999999994
1700,202,K,191,Q,K,-0.587,8,False,Q,-0.383,6,False,2,-0.20399999999999996
1701,203,K,192,Q,K,-0.889,9,False,Q,-0.022,5,False,4,-0.867
1703,204,T,193,R,T,0.793,1,False,R,1.466,1,False,0,-0.6729999999999999
1704,205,K,194,Q,K,-0.571,8,False,Q,-0.041,5,False,3,-0.5299999999999999
1705,206,K,195,R,K,-0.889,9,False,R,0.214,4,False,5,-1.103
1706,207,T,196,G,T,0.55,2,True,G,0.129,5,False,-3,0.42100000000000004
1707,208,K,197,T,K,-0.586,8,False,T,0.461,4,False,4,-1.047
1713,209,K,198,M,K,-0.889,9,False,M,1.887,1,False,8,-2.776
1714,210,S,199,E,S,-0.496,7,False,E,1.301,1,False,6,-1.797
1715,211,K,200,E,K,-0.587,8,False,E,-0.554,7,False,1,-0.03299999999999992
1716,212,L,201,W,L,-0.842,9,False,W,-0.045,5,False,4,-0.7969999999999999
1717,213,R,202,R,R,-0.908,9,False,R,-0.525,7,False,2,-0.383
1719,214,Y,203,D,Y,-0.827,9,False,D,-0.334,6,False,3,-0.49299999999999994
1720,215,T,204,R,T,0.045,5,False,R,-0.501,7,False,-2,0.546
1721,216,E,205,E,E,0.557,2,True,E,0.05,5,False,-3,0.507
1754,221,V,206,C,V,0.098,5,False,C,1.226,1,False,4,-1.128
1755,222,D,207,E,D,-0.909,9,False,E,-0.063,5,False,4,-0.8460000000000001
1756,223,V,208,I,V,-0.376,7,False,I,1.551,1,False,6,-1.927
1757,224,S,209,I,S,-0.949,9,False,I,-0.581,7,False,2,-0.368
1758,225,V,210,L,V,-0.93,9,False,L,-0.569,7,False,2,-0.3610000000000001
1759,226,Y,211,K,Y,-0.827,9,False,K,-0.252,6,False,3,-0.575
1760,227,D,212,D,D,-0.909,9,False,D,-0.33,6,False,3,-0.579
1761,228,F,213,I,F,-0.836,9,False,I,-0.665,7,False,2,-0.17099999999999993
1762,229,E,214,E,E,-0.895,9,False,E,0.226,4,False,5,-1.121
1771,230,E,215,D,E,-0.538,7,False,D,-0.413,6,False,1,-0.12500000000000006
1772,231,E,216,P,E,-0.596,8,False,P,0.299,4,True,4,-0.895
1773,232,Q,217,P,Q,-0.639,8,False,P,0.381,4,False,4,-1.02
1774,233,Q,218,T,Q,-0.285,6,False,T,0.503,3,False,3,-0.788
1775,234,E,219,G,E,-0.895,9,False,G,-0.613,7,False,2,-0.28200000000000003
1776,235,G,220,G,G,-0.454,7,False,G,-0.342,6,False,1,-0.11199999999999999
1777,236,L,221,Q,L,-0.433,7,False,Q,1.062,2,False,5,-1.495
1778,237,L,222,P,L,-0.443,7,False,P,1.688,1,False,6,-2.131
1780,238,S,223,S,S,-0.949,9,False,S,-0.056,5,False,4,-0.8929999999999999
1781,239,E,224,D,E,0.504,3,False,D,0.049,5,False,-2,0.455
1784,240,V,225,V,V,-0.93,9,False,V,-0.174,6,False,3,-0.756
1785,241,N,226,T,N,-0.636,8,False,T,1.707,1,False,7,-2.343
1786,242,A,227,M,A,-0.425,7,False,M,1.786,1,False,6,-2.211
1787,243,E,228,L,E,-0.895,9,False,L,-0.189,6,False,3,-0.706
1788,244,K,229,D,K,-0.889,9,False,D,-0.065,5,False,4,-0.8240000000000001
1789,245,V,230,P,V,-0.421,7,False,P,0.018,5,False,2,-0.439
1790,246,V,231,T,V,-0.668,8,False,T,0.196,4,False,4,-0.8640000000000001
1791,247,G,232,M,G,-0.118,6,False,M,0.334,4,True,2,-0.452
1792,248,N,233,F,N,-0.261,6,False,F,0.542,3,False,3,-0.803
1793,249,M,234,K,M,-0.869,9,False,K,0.372,4,False,5,-1.241
1794,250,K,235,K,K,-0.889,9,False,K,0.719,3,False,6,-1.608
1795,251,P,236,N,P,-0.858,9,False,N,1.472,1,False,8,-2.33
1796,252,P,237,S,P,-0.858,9,False,S,0.683,3,False,6,-1.541
1797,253,K,238,K,K,-0.889,9,False,K,0.153,5,False,4,-1.042
1798,254,P,239,R,P,-0.858,9,False,R,0.147,5,False,4,-1.005
1799,255,T,240,A,T,-0.719,8,False,A,1.956,1,False,7,-2.675
1800,256,K,241,T,K,-0.586,8,False,T,-0.439,6,False,2,-0.14699999999999996
1801,257,I,242,D,I,-0.933,9,False,D,0.515,3,False,6,-1.448
1802,258,K,243,K,K,-0.889,9,False,K,0.033,5,False,4,-0.922
1803,259,K,244,S,K,-0.889,9,False,S,-0.212,6,False,3,-0.677
1809,260,K,245,R,K,-0.885,9,False,R,0.045,5,False,4,-0.93
1810,261,G,246,D,G,-0.801,9,False,D,0.143,5,False,4,-0.9440000000000001
1811,262,V,247,R,V,-0.599,8,False,R,-0.109,5,False,3,-0.49
1812,263,K,248,R,K,-0.857,9,False,R,-0.235,6,False,3,-0.622
1813,264,K,249,K,K,-0.857,9,False,K,-0.343,6,False,3,-0.514
1814,265,T,250,I,T,-0.915,9,False,I,-0.429,6,False,3,-0.48600000000000004
1819,266,F,251,Y,F,-0.798,9,False,Y,-0.52,7,False,2,-0.278
1820,267,Q,252,Q,Q,-0.882,9,False,Q,-0.55,7,False,2,-0.33199999999999996
1821,268,C,253,C,C,-0.858,9,False,C,-1.293,9,False,0,0.43499999999999994
1822,269,E,254,R,E,-0.506,7,False,R,-0.316,6,False,1,-0.19
1823,270,L,255,E,L,-0.538,7,False,E,0.143,5,False,2,-0.681
1824,271,C,256,C,C,-0.858,9,False,C,-1.297,9,False,0,0.43899999999999995
1825,272,S,257,S,S,-0.704,8,False,S,-0.502,7,False,1,-0.20199999999999996
1826,273,Y,258,F,Y,-0.864,9,False,F,-1.003,8,False,1,0.1389999999999999
1827,274,T,259,Y,T,-0.657,8,False,Y,-0.675,7,False,1,0.018000000000000016
1828,275,C,260,S,C,-0.377,7,False,S,-1.124,9,False,-2,0.7470000000000001
1829,276,P,261,H,P,-0.579,8,False,H,-0.185,6,False,2,-0.39399999999999996
1830,277,R,262,R,R,-0.543,8,False,R,-0.771,7,False,1,0.22799999999999998
1831,278,R,263,H,R,-0.626,8,False,H,-0.391,6,False,2,-0.235
1832,279,S,264,S,S,-0.97,9,False,S,-0.425,6,False,3,-0.5449999999999999
1833,280,N,265,N,N,-0.606,8,False,N,-0.193,6,False,2,-0.413
1834,281,L,266,L,L,-0.875,9,False,L,-1.195,9,False,0,0.32000000000000006
1835,282,D,267,V,D,-0.603,8,False,V,-0.53,7,False,1,-0.07299999999999995
1836,283,R,268,R,R,-0.935,9,False,R,-0.849,8,False,1,-0.08600000000000008
1837,284,H,269,H,H,-0.949,9,False,H,-1.288,9,False,0,0.3390000000000001
1838,285,M,270,M,M,-0.72,8,False,M,-0.575,7,False,1,-0.14500000000000002
1839,286,K,271,K,K,-0.639,8,False,K,-0.987,8,False,0,0.348
1840,287,S,272,I,S,-0.778,9,False,I,-0.846,8,False,1,0.06799999999999995
1841,288,H,273,H,H,-0.553,8,False,H,-1.228,9,False,-1,0.6749999999999999
1844,289,T,274,T,T,-0.679,8,False,T,-1.18,9,False,-1,0.5009999999999999
1845,290,D,275,D,D,-0.603,8,False,D,-0.832,8,False,0,0.22899999999999998
1846,291,E,276,E,E,-0.638,8,False,E,-0.95,8,False,0,0.31199999999999994
1848,292,R,277,R,R,-0.458,7,False,R,-1.179,9,False,-2,0.7210000000000001
1849,293,P,278,P,P,-0.893,9,False,P,-1.134,9,False,0,0.24099999999999988
1850,294,H,279,Y,H,-0.949,9,False,Y,-0.857,8,False,1,-0.09199999999999997
1851,295,K,280,K,K,-0.258,6,False,K,-0.862,8,False,-2,0.604
1852,296,C,281,C,C,-0.858,9,False,C,-1.37,9,False,0,0.5120000000000001
1853,297,H,282,H,H,-0.683,8,False,H,-0.285,6,False,2,-0.3980000000000001
1854,298,L,283,L,L,-0.301,6,True,L,-0.249,6,False,0,-0.05199999999999999
1855,299,C,284,C,C,-0.858,9,False,C,-1.37,9,False,0,0.5120000000000001
1856,300,G,285,E,G,0.364,3,True,E,-0.311,6,False,-3,0.675
1857,301,R,286,R,R,-0.701,8,False,R,-1.19,9,False,-1,0.489
1858,302,A,287,S,A,-0.715,8,False,S,-0.407,6,False,2,-0.308
1859,303,F,288,F,F,-0.872,9,False,F,-1.323,9,False,0,0.45099999999999996
1860,304,R,289,R,R,-0.935,9,False,R,-0.809,8,False,1,-0.126
1861,305,T,290,T,T,-0.679,8,False,T,-0.901,8,False,0,0.22199999999999998
1862,306,V,291,N,V,-0.601,8,False,N,0.114,5,False,3,-0.715
1863,307,T,292,T,T,-0.77,9,False,T,-0.594,7,False,2,-0.17600000000000005
1864,308,L,293,L,L,-0.301,6,True,L,-0.624,7,False,-1,0.323
1865,309,L,294,L,L,-0.875,9,False,L,-1.2,9,False,0,0.32499999999999996
1866,310,R,295,R,R,-0.701,8,False,R,-0.784,8,False,0,0.08300000000000007
1867,311,N,296,N,N,-0.743,8,False,N,-0.976,8,False,0,0.23299999999999998
1868,312,H,297,H,H,-0.949,9,False,H,-1.384,9,False,0,0.43499999999999994
1869,313,L,298,I,L,-0.632,8,False,I,-0.416,6,False,2,-0.21600000000000003
1870,314,N,299,N,N,-0.648,8,False,N,-1.121,9,False,-1,0.473
1871,315,T,300,T,T,-0.753,8,False,T,-1.106,9,False,-1,0.3530000000000001
1874,316,H,301,H,H,-0.949,9,False,H,-1.385,9,False,0,0.43600000000000005
1875,317,T,302,T,T,-0.784,9,False,T,-1.075,8,False,1,0.2909999999999999
1876,318,G,303,G,G,-0.884,9,False,G,-1.325,9,False,0,0.44099999999999995
1877,319,T,304,V,T,-0.687,8,False,V,-1.014,8,False,0,0.32699999999999996
1878,320,R,305,K,R,-0.414,7,False,K,-1.202,9,False,-2,0.788
1879,321,P,306,P,P,-0.901,9,False,P,-1.386,9,False,0,0.4849999999999999
1880,322,H,307,Y,H,-0.738,8,False,Y,-0.955,8,False,0,0.21699999999999997
1881,323,K,308,K,K,-0.558,8,False,K,-0.632,7,False,1,0.07399999999999995
1882,324,C,309,C,C,-0.867,9,False,C,-1.37,9,False,0,0.5030000000000001
1885,325,P,312,D,P,0.418,3,True,D,-0.493,7,False,-4,0.911
1886,326,D,313,G,D,-0.244,6,False,G,1.09,2,False,4,-1.334
1887,327,C,314,C,C,-0.867,9,False,C,-1.376,9,False,0,0.5089999999999999
1888,328,D,315,V,D,-0.673,8,False,V,-0.128,5,False,3,-0.545
1889,329,M,316,M,M,-0.634,8,False,M,-0.913,8,False,0,0.279
1890,330,A,317,A,A,-0.7,8,False,A,-0.729,7,False,1,0.029000000000000026
1891,331,F,318,F,F,-0.548,8,False,F,-1.334,9,False,-1,0.786
1892,332,V,319,V,V,-0.706,8,False,V,-0.859,8,False,0,0.15300000000000002
1893,333,T,320,T,T,-0.787,9,False,T,-1.203,9,False,0,0.41600000000000004
1894,334,S,321,S,S,-0.777,9,False,S,-1.012,8,False,1,0.235
1895,335,G,322,G,G,-0.579,8,False,G,-1.191,9,False,-1,0.6120000000000001
1896,336,E,323,E,E,-0.575,8,False,E,-0.874,8,False,0,0.29900000000000004
1897,337,L,324,L,L,-0.885,9,False,L,-1.329,9,False,0,0.44399999999999995
1898,338,V,325,T,V,-0.625,8,False,T,-0.662,7,False,1,0.03700000000000003
1899,339,R,326,R,R,-0.611,8,False,R,-0.933,8,False,0,0.32200000000000006
1900,340,H,327,H,H,-0.948,9,False,H,-1.408,9,False,0,0.45999999999999996
1901,341,R,328,T,R,-0.563,8,False,T,-0.539,7,False,1,-0.02399999999999991
1902,342,R,329,R,R,-0.934,9,False,R,-0.991,8,False,1,0.05699999999999994
1903,343,Y,330,Y,Y,-0.494,7,False,Y,-0.925,8,False,-1,0.43100000000000005
1904,344,K,331,I,K,-0.664,8,False,I,-0.617,7,False,1,-0.04700000000000004
1933,345,H,332,H,H,-0.948,9,False,H,-1.408,9,False,0,0.45999999999999996
1934,346,T,333,T,T,-0.766,9,False,T,-1.273,9,False,0,0.5069999999999999
1935,347,H,334,H,H,-0.732,8,False,H,-0.958,8,False,0,0.22599999999999998
1936,348,E,335,E,E,-0.922,9,False,E,-1.316,9,False,0,0.394
1937,349,K,336,K,K,-0.474,7,False,K,-1.314,9,False,-2,0.8400000000000001
1938,350,P,337,P,P,-0.892,9,False,P,-1.225,9,False,0,0.3330000000000001
1939,351,F,338,F,F,-0.539,8,False,F,-0.968,8,False,0,0.42899999999999994
1940,352,K,339,R,K,-0.917,9,False,R,-0.718,7,False,2,-0.19900000000000007
1941,353,C,340,C,C,-0.857,9,False,C,-1.376,9,False,0,0.5189999999999999
1942,354,S,341,T,S,-0.67,8,False,T,-0.653,7,False,1,-0.017000000000000015
1943,355,M,342,L,M,-0.6,8,False,L,-0.237,6,False,2,-0.363
1944,356,C,343,C,C,-0.857,9,False,C,-1.376,9,False,0,0.5189999999999999
1945,357,D,344,D,D,-0.643,8,False,D,-0.764,7,False,1,0.121
1946,358,Y,345,Y,Y,-0.268,6,False,Y,-1.261,9,False,-3,0.9929999999999999
1947,359,A,346,A,A,-0.472,7,False,A,-0.752,7,False,0,0.28
1948,360,S,347,S,S,-0.748,8,False,S,-1.36,9,False,-1,0.6120000000000001
1949,361,V,348,V,V,-0.694,8,False,V,-0.999,8,False,0,0.30500000000000005
1950,362,E,349,E,E,-0.622,8,False,E,-1.174,9,False,-1,0.5519999999999999
1951,363,V,350,I,V,-0.427,7,False,I,-0.681,7,False,0,0.25400000000000006
1952,364,S,351,S,S,-0.767,9,False,S,-1.135,9,False,0,0.368
1953,365,K,352,K,K,-0.639,8,False,K,-0.844,8,False,0,0.20499999999999996
1954,366,L,353,L,L,-0.88,9,False,L,-1.275,9,False,0,0.3949999999999999
1955,367,K,354,R,K,-0.65,8,False,R,-0.909,8,False,0,0.259
1956,368,R,355,R,R,-0.71,8,False,R,-1.074,8,False,0,0.3640000000000001
1957,369,H,356,H,H,-0.952,9,False,H,-1.408,9,False,0,0.45599999999999996
1958,370,I,357,F,I,-0.559,8,False,F,-0.78,7,False,1,0.22099999999999997
1959,371,R,358,R,R,-0.63,8,False,R,-1.123,9,False,-1,0.493
1960,372,S,359,S,S,-0.738,8,False,S,-1.179,9,False,-1,0.44100000000000006
1961,373,H,360,H,H,-0.952,9,False,H,-1.383,9,False,0,0.43100000000000005
1963,374,T,361,T,T,-0.778,9,False,T,-1.393,9,False,0,0.615
1964,375,G,362,G,G,-0.879,9,False,G,-1.384,9,False,0,0.5049999999999999
1965,376,E,363,E,E,-0.694,8,False,E,-1.328,9,False,-1,0.6340000000000001
1966,377,R,364,R,R,-0.938,9,False,R,-1.277,9,False,0,0.33899999999999997
1967,378,P,365,P,P,-0.428,7,False,P,-1.348,9,False,-2,0.9200000000000002
1968,379,F,366,Y,F,-0.876,9,False,Y,-0.814,8,False,1,-0.062000000000000055
1969,380,Q,367,S,Q,-0.724,8,False,S,-0.738,7,False,1,0.014000000000000012
1970,381,C,368,C,C,-0.862,9,False,C,-1.322,9,False,0,0.4600000000000001
1971,382,S,369,E,S,-0.316,6,False,E,-0.212,6,False,0,-0.10400000000000001
1972,383,L,370,E,L,-0.493,7,False,E,-0.498,7,False,0,0.0050000000000000044
1973,384,C,371,C,C,-0.862,9,False,C,-1.372,9,False,0,0.5100000000000001
1974,385,S,372,G,S,-0.716,8,False,G,-0.259,6,False,2,-0.45699999999999996
1975,386,Y,373,K,Y,-0.586,8,False,K,-1.126,9,False,-1,0.5399999999999999
1976,387,A,374,A,A,-0.539,7,False,A,-1.07,8,False,-1,0.531
1977,388,S,375,F,S,-0.806,9,False,F,-1.253,9,False,0,0.44699999999999984
1978,389,R,376,A,R,-0.39,7,False,A,-0.481,7,False,0,0.09099999999999997
1979,390,D,377,D,D,-0.492,7,False,D,-0.916,8,False,-1,0.42400000000000004
1980,391,T,378,S,T,-0.587,8,False,S,-0.748,7,False,1,0.16100000000000003
1981,392,Y,379,F,Y,-0.051,5,False,F,-0.326,6,False,-1,0.275
1982,393,K,380,H,K,-0.21,6,False,H,-0.611,7,False,-1,0.401
1983,394,L,381,L,L,-0.882,9,False,L,-1.337,9,False,0,0.45499999999999996
1985,395,K,382,K,K,-0.672,8,False,K,-1.194,9,False,-1,0.5219999999999999
1986,396,R,383,R,R,-0.718,8,False,R,-1.044,8,False,0,0.32600000000000007
1987,397,H,384,H,H,-0.953,9,False,H,-1.408,9,False,0,0.45499999999999996
1988,398,M,385,R,M,-0.508,7,False,R,-0.601,7,False,0,0.09299999999999997
1989,399,R,386,M,R,-0.582,8,False,M,-0.984,8,False,0,0.402
1990,400,T,387,S,T,-0.778,9,False,S,-0.759,7,False,2,-0.019000000000000017
1992,401,H,388,H,H,-0.952,9,False,H,-1.389,9,False,0,0.43700000000000006
1993,402,S,389,T,S,-0.614,8,False,T,-1.276,9,False,-1,0.662
2002,403,G,390,G,G,-0.394,7,False,G,-1.262,9,False,-2,0.868
2003,404,E,391,E,E,-0.388,7,False,E,-1.315,9,False,-2,0.9269999999999999
2004,405,K,392,K,K,0.072,5,False,K,-1.161,9,False,-4,1.233
2005,406,P,393,P,P,-0.608,8,False,P,-1.043,8,False,0,0.43499999999999994
2006,407,Y,394,Y,Y,-0.214,6,False,Y,-0.915,8,False,-2,0.7010000000000001
2007,408,E,395,E,E,-0.206,6,False,E,-0.547,7,False,-1,0.3410000000000001
2008,409,C,396,C,C,-0.525,7,False,C,-1.376,9,False,-2,0.8509999999999999
2009,410,Y,397,P,Y,0.236,4,True,P,-0.334,6,False,-2,0.5700000000000001
2010,411,I,398,E,I,-0.394,7,False,E,0.133,5,False,2,-0.527
2011,412,C,399,C,C,-0.449,7,False,C,-1.376,9,False,-2,0.9269999999999998
2012,413,H,400,N,H,-0.189,6,False,N,-0.18,6,False,0,-0.009000000000000008
2013,414,A,401,Q,A,-0.309,6,False,Q,-0.686,7,False,-1,0.37700000000000006
2014,415,R,402,R,R,-0.385,7,False,R,-0.509,7,False,0,0.124
2015,416,F,403,F,F,-0.539,8,False,F,-1.194,9,False,-1,0.6549999999999999
2016,417,T,404,T,T,-0.463,7,False,T,-1.087,8,False,-1,0.6239999999999999
2017,418,Q,405,Q,Q,-0.172,6,False,Q,-0.98,8,False,-2,0.808
2018,419,S,406,R,S,-0.333,7,False,R,-0.855,8,False,-1,0.522
2019,420,G,407,G,G,-0.223,6,False,G,-1.05,8,False,-2,0.8270000000000001
2020,421,T,408,S,T,-0.392,7,False,S,-1.19,9,False,-2,0.7979999999999999
2021,422,M,409,V,M,-0.472,7,False,V,-1.281,9,False,-2,0.8089999999999999
2022,423,K,410,K,K,-0.631,8,False,K,-1.082,8,False,0,0.45100000000000007
2023,424,M,411,M,M,-0.418,7,False,M,-0.732,7,False,0,0.314
2025,425,H,412,H,H,-0.953,9,False,H,-1.408,9,False,0,0.45499999999999996
2026,426,I,413,I,I,-0.126,6,False,I,-0.207,6,False,0,0.08099999999999999
2027,427,L,414,M,L,0.285,4,True,M,-0.735,7,False,-3,1.02
2028,428,Q,415,Q,Q,-0.327,7,False,Q,-0.928,8,False,-1,0.601
2029,429,K,416,Q,K,-0.461,7,False,Q,-0.881,8,False,-1,0.42
2030,430,H,417,H,H,-0.748,8,False,H,-1.258,9,False,-1,0.51
2031,431,T,418,T,T,-0.451,7,False,T,-0.76,7,False,0,0.309
2032,432,E,419,K,E,-0.007,5,False,K,-0.853,8,False,-3,0.846
2033,433,N,420,T,N,-0.519,7,False,T,-0.718,7,False,0,0.19899999999999995
2034,434,V,421,A,V,-0.298,6,False,A,-0.96,8,False,-2,0.6619999999999999
2035,435,A,422,P,A,-0.083,5,False,P,-1.281,9,False,-4,1.198
2036,436,K,423,K,K,-0.48,7,False,K,-0.825,8,False,-1,0.345
2037,437,F,424,F,F,-0.261,6,False,F,-0.97,8,False,-2,0.709
2038,438,H,425,K,H,-0.727,8,False,K,-0.234,6,False,2,-0.493
2039,439,C,426,C,C,-0.854,9,False,C,-1.37,9,False,0,0.5160000000000001
2040,440,P,427,E,P,-0.54,8,False,E,-0.394,6,False,2,-0.14600000000000002
2041,441,H,428,I,H,-0.75,8,False,I,-0.041,5,False,3,-0.709
2042,442,C,429,C,C,-0.54,8,False,C,-1.37,9,False,-1,0.8300000000000001
2043,443,D,430,R,D,-0.482,7,False,R,-0.463,6,False,1,-0.01899999999999996
2044,444,T,431,T,T,0.217,4,True,T,-1.037,8,False,-4,1.254
2045,445,V,432,L,V,-0.163,6,False,L,-0.901,8,False,-2,0.738
2046,446,I,433,L,I,-0.458,7,False,L,-1.147,9,False,-2,0.6890000000000001
2047,447,A,434,G,A,-0.28,6,False,G,-0.648,7,False,-1,0.368
2048,448,R,435,R,R,0.187,4,True,R,-0.928,8,False,-4,1.115
2049,449,K,436,K,K,0.179,4,True,K,-0.559,7,False,-3,0.738
2050,450,S,437,S,S,-0.309,6,False,S,-1.061,8,False,-2,0.752
2051,451,D,438,D,D,0.226,4,True,D,-0.89,8,False,-4,1.116
2052,452,L,439,L,L,-0.882,9,False,L,-1.341,9,False,0,0.45899999999999996
2053,453,G,440,N,G,-0.234,6,False,N,-0.922,8,False,-2,0.6880000000000001
2054,454,V,441,V,V,-0.627,8,False,V,-0.619,7,False,1,-0.008000000000000007
2055,455,H,442,H,H,-0.953,9,False,H,-1.382,9,False,0,0.42899999999999994
2056,456,L,443,M,L,-0.557,8,False,M,-0.663,7,False,1,0.10599999999999998
2057,457,R,444,R,R,-0.63,8,False,R,-0.883,8,False,0,0.253
2308,458,K,445,K,K,-0.566,8,False,K,-0.899,8,False,0,0.3330000000000001
2309,459,Q,446,Q,Q,-0.588,8,False,Q,-0.785,8,False,0,0.19700000000000006
2310,460,H,447,H,H,-0.953,9,False,H,-1.406,9,False,0,0.45299999999999996
2311,461,S,448,A,S,-0.598,8,False,A,-1.266,9,False,-1,0.668
2312,462,Y,449,F,Y,0.905,1,False,F,-0.755,7,False,-6,1.6600000000000001
2313,463,I,450,Q,I,0.016,5,False,Q,-0.102,5,False,0,0.118
2314,464,E,451,E,E,-0.699,8,False,E,-0.809,8,False,0,0.1100000000000001
2315,465,Q,452,A,Q,0.408,3,True,A,-0.442,6,False,-3,0.85
2316,466,G,453,P,G,-0.187,6,False,P,-0.991,8,False,-2,0.804
2317,467,K,454,T,K,0.12,4,True,T,-0.606,7,False,-3,0.726
2318,468,K,455,Q,K,-0.661,8,False,Q,0.111,5,False,3,-0.772
2319,469,C,456,C,C,-0.864,9,False,C,-1.218,9,False,0,0.354
2320,470,R,457,R,R,-0.715,8,False,R,-0.285,6,False,2,-0.43
2321,471,Y,458,Y,Y,-0.362,7,True,Y,-0.049,5,False,2,-0.313
2322,472,C,459,C,C,-0.864,9,False,C,-1.186,9,False,0,0.32199999999999995
2323,473,D,460,D,D,-0.587,8,False,D,0.305,4,False,4,-0.8919999999999999
2324,474,A,461,E,A,-0.008,5,False,E,-0.446,6,False,-1,0.438
2325,475,V,462,L,V,-0.358,7,False,L,0.094,5,False,2,-0.45199999999999996
2326,476,F,463,F,F,-0.878,9,False,F,-1.084,8,False,1,0.20600000000000007
2327,477,H,464,H,H,-0.733,8,False,H,-0.382,6,False,2,-0.351
2333,478,E,465,D,E,-0.683,8,False,D,-0.727,7,False,1,0.04399999999999993
2334,479,R,466,R,R,-0.695,8,False,R,-0.767,7,False,1,0.07200000000000006
2335,480,Y,467,W,Y,-0.476,7,False,W,-0.281,6,False,1,-0.19499999999999995
2336,481,A,468,S,A,-0.722,8,False,S,-0.318,6,False,2,-0.40399999999999997
2337,482,L,469,L,L,-0.882,9,False,L,-0.707,7,False,2,-0.17500000000000004
2338,483,I,470,M,I,-0.455,7,False,M,-0.798,8,False,-1,0.343
2339,484,Q,471,Q,Q,-0.697,8,False,Q,0.089,5,False,3,-0.7859999999999999
2340,485,H,472,H,H,-0.953,9,False,H,-1.345,9,False,0,0.392
2341,486,Q,473,Q,Q,-0.64,8,False,Q,0.195,4,False,4,-0.835
2342,487,K,474,R,K,-0.434,7,False,R,-0.581,7,False,0,0.14699999999999996
2343,488,S,475,T,S,-0.257,6,False,T,-0.93,8,False,-2,0.673
2344,489,H,476,H,H,-0.953,9,False,H,-1.29,9,False,0,0.3370000000000001
2345,490,K,477,R,K,-0.661,8,False,R,-0.695,7,False,1,0.03399999999999992
2417,491,N,478,S,N,-0.704,8,False,S,-0.725,7,False,1,0.02100000000000002
2453,500,C,479,C,C,-0.536,7,False,C,-1.133,9,False,-2,0.597
2454,501,D,480,G,D,-0.24,6,False,G,-0.233,6,False,0,-0.0069999999999999785
2455,502,Y,481,Q,Y,-0.512,7,False,Q,-0.816,8,False,-1,0.30399999999999994
2456,503,A,482,R,A,-0.046,5,False,R,-0.373,6,False,-1,0.327
2457,504,C,483,F,C,-0.448,7,False,F,-0.85,8,False,-1,0.40199999999999997
2458,505,R,484,R,R,0.196,4,True,R,-0.057,5,False,-1,0.253
2459,506,Q,485,S,Q,-0.642,8,False,S,-0.392,6,False,2,-0.25
2461,507,E,486,D,E,-0.614,8,False,D,-0.298,6,False,2,-0.316
2462,508,R,487,D,R,-0.638,8,False,D,-0.757,7,False,1,0.119
2463,509,H,488,G,H,-0.578,8,False,G,-0.761,7,False,1,0.18300000000000005
2464,510,M,489,V,M,-0.609,8,False,V,-1.022,8,False,0,0.41300000000000003
2465,511,I,490,S,I,1.852,1,False,S,-0.032,5,False,-4,1.8840000000000001
2466,512,M,491,S,M,-0.652,8,False,S,-0.504,7,False,1,-0.14800000000000002
2467,513,H,492,K,H,-0.946,9,False,K,-1.268,9,False,0,0.32200000000000006
2469,514,K,494,R,K,-0.497,7,False,R,0.035,5,False,2,-0.532
2470,515,R,495,R,R,-0.638,8,False,R,-0.568,7,False,1,-0.07000000000000006
2471,516,T,496,L,T,-0.505,7,False,L,-0.081,5,False,2,-0.424
2472,517,H,497,G,H,-0.946,9,False,G,-1.163,9,False,0,0.21700000000000008
2473,518,T,498,E,T,-0.961,9,False,E,-1.011,8,False,1,0.04999999999999993
2474,519,G,499,D,G,-0.352,7,True,D,-0.77,7,False,0,0.41800000000000004
2475,520,E,500,E,E,-0.677,8,False,E,-0.455,6,False,2,-0.22200000000000003
2486,529,D,501,D,D,0.043,5,False,D,0.099,5,False,0,-0.05600000000000001
2487,530,K,502,S,K,-0.915,9,False,S,-0.555,7,False,2,-0.36
2488,531,T,503,D,T,-0.635,8,False,D,-0.388,6,False,2,-0.247
2489,532,F,504,W,F,-0.868,9,False,W,-0.927,8,False,1,0.05900000000000005
2490,533,R,505,K,R,-0.932,9,False,K,-0.563,7,False,2,-0.3690000000000001
2491,534,Q,506,E,Q,-0.678,8,False,E,-0.82,8,False,0,0.1419999999999999
2492,535,K,507,E,K,-0.465,7,False,E,-0.361,6,False,1,-0.10400000000000004
2493,536,Q,508,E,Q,-0.6,8,False,E,-0.745,7,False,1,0.14500000000000002
2494,537,L,509,E,L,-0.284,6,True,E,-0.341,6,False,0,0.05700000000000005
2495,538,L,510,F,L,-0.326,7,True,F,-1.145,9,False,-2,0.819
2496,539,D,511,Q,D,-0.706,8,False,Q,-0.314,6,False,2,-0.39199999999999996
2497,540,M,512,N,M,-0.153,6,False,N,-0.239,6,False,0,0.086
2498,541,H,513,M,H,-0.946,9,False,M,-1.339,9,False,0,0.393
2511,545,Y,514,I,Y,-0.562,8,False,I,-0.429,6,False,2,-0.13300000000000006
2512,546,H,515,L,H,-0.591,8,False,L,-0.987,8,False,0,0.396
2513,547,D,516,E,D,-0.932,9,False,E,-0.786,8,False,1,-0.14600000000000002
2527,551,V,517,A,V,-0.348,7,False,A,0.447,4,False,3,-0.7949999999999999
2528,552,P,518,E,P,-0.834,9,False,E,0.157,4,False,5,-0.991
2529,553,A,519,E,A,-0.347,7,False,E,0.104,5,False,2,-0.45099999999999996
2530,554,A,520,G,A,0.114,4,False,G,0.56,3,False,1,-0.44600000000000006
2531,555,F,521,D,F,0.715,2,True,D,-0.254,6,False,-4,0.969
2532,556,V,522,V,V,-0.363,7,False,V,0.231,4,False,3,-0.594
2543,559,K,523,R,K,-0.461,7,False,R,0.624,3,False,4,-1.085
2544,560,C,524,R,C,-0.854,9,False,R,-0.741,7,False,2,-0.11299999999999999
2545,561,G,525,V,G,0.058,5,False,V,0.607,3,False,2,-0.5489999999999999
2546,562,K,526,T,K,-0.077,5,False,T,-0.679,7,False,-2,0.6020000000000001
2547,563,T,527,V,T,0.271,4,True,V,0.198,4,False,0,0.07300000000000001
2548,564,F,528,Y,F,-0.81,9,False,Y,-0.802,8,False,1,-0.008000000000000007
2549,565,T,529,V,T,-0.622,8,False,V,-0.226,6,False,2,-0.396
2550,566,R,530,E,R,-0.887,9,False,E,-0.321,6,False,3,-0.5660000000000001
2551,567,R,531,E,R,-0.246,6,False,E,-0.136,5,False,1,-0.10999999999999999
2562,568,N,532,E,N,-0.34,7,False,E,-0.129,5,False,2,-0.21100000000000002
2563,569,T,533,P,T,-0.643,8,False,P,-0.617,7,False,1,-0.026000000000000023
2564,570,M,534,L,M,-0.604,8,False,L,-0.86,8,False,0,0.256
2565,571,A,535,V,A,0.563,2,True,V,-0.258,6,False,-4,0.821
2566,572,R,536,G,R,0.309,4,True,G,-0.264,6,False,-2,0.573
2567,573,H,537,T,H,-0.574,8,False,T,-1.084,8,False,0,0.5100000000000001
2568,574,A,538,Q,A,0.549,2,True,Q,0.104,5,False,-3,0.44500000000000006
2644,581,D,539,D,D,1.14,1,False,D,0.312,4,False,-3,0.8279999999999998
2645,582,G,540,K,G,0.645,2,True,K,-0.015,5,False,-3,0.66
2646,583,V,541,E,V,2.53,1,False,E,1.51,1,False,0,1.0199999999999998
2647,584,E,542,E,E,0.838,1,False,E,1.189,1,False,0,-0.3510000000000001
2648,585,G,543,E,G,0.253,4,True,E,1.388,1,False,3,-1.1349999999999998
2649,586,E,544,G,E,-0.099,5,False,G,1.363,1,False,4,-1.462
2650,587,N,545,D,N,-0.13,6,False,D,1.903,1,False,5,-2.033
2651,588,G,546,G,G,0.323,3,True,G,0.803,2,False,1,-0.48000000000000004
2652,589,G,547,G,G,2.39,1,False,G,1.39,1,False,0,1.0000000000000002
2653,590,E,548,S,E,1.442,1,False,S,0.208,4,False,-3,1.234
2677,591,T,550,V,T,1.335,1,False,V,1.226,1,False,0,0.10899999999999999
2678,592,K,551,E,K,-0.417,7,False,E,1.906,1,False,6,-2.323
2679,593,K,552,L,K,1.2,1,False,L,0.947,2,False,-1,0.253
2680,594,S,553,E,S,1.515,1,False,E,0.574,3,False,-2,0.941
2681,595,K,554,N,K,-0.072,5,False,N,0.496,3,False,2,-0.568
2682,596,R,555,A,R,-0.058,5,False,A,1.382,1,False,4,-1.44
2683,597,G,556,T,G,-0.322,6,True,T,-0.43,6,False,0,0.10799999999999998
2684,598,R,557,K,R,-0.487,7,False,K,0.431,4,False,3,-0.9179999999999999
2685,599,K,558,E,K,-0.432,7,False,E,0.577,3,False,4,-1.009
2686,600,R,559,T,R,-0.492,7,False,T,0.362,4,False,3,-0.854
2687,601,K,560,I,K,-0.41,7,False,I,0.652,3,False,4,-1.062
2688,602,M,561,I,M,-0.584,8,False,I,1.019,2,False,6,-1.6029999999999998
2689,603,R,562,A,R,-0.146,6,False,A,0.152,5,False,1,-0.298
2690,604,S,563,D,S,-0.267,6,False,D,1.002,2,False,4,-1.2690000000000001
2691,605,K,564,A,K,0.009,5,False,A,1.449,1,False,4,-1.4400000000000002
